industry_code,industry_name_cn,temporal_scenario,hour,timestamp,baseline_load_mw,base_normalized_load,source_user,source_isic_division,load_profile_kind
C13,农副食品加工业,task_timed,0,2018-02-05T00:00:00,3691.98779778623,0.3432629278345045,U13,10,measured_continuous_week_direct_isic
C13,农副食品加工业,task_timed,1,2018-02-05T01:00:00,3257.636828288228,0.30287910381779454,U13,10,measured_continuous_week_direct_isic
C13,农副食品加工业,task_timed,2,2018-02-05T02:00:00,2638.688747427518,0.24533234525559391,U13,10,measured_continuous_week_direct_isic
C13,农副食品加工业,task_timed,3,2018-02-05T03:00:00,3149.0513644403313,0.29278335965985164,U13,10,measured_continuous_week_direct_isic
C13,农副食品加工业,task_timed,4,2018-02-05T04:00:00,3333.6484758030383,0.3099462942053422,U13,10,measured_continuous_week_direct_isic
C13,农副食品加工业,task_timed,5,2018-02-05T05:00:00,2931.8622085317056,0.27259017657408885,U13,10,measured_continuous_week_direct_isic
C13,农副食品加工业,task_timed,6,2018-02-05T06:00:00,3366.2314062425407,0.31297569536067593,U13,10,measured_continuous_week_direct_isic
C13,农副食品加工业,task_timed,7,2018-02-05T07:00:00,8415.564844446726,0.782437967324282,U13,10,measured_continuous_week_direct_isic
C13,农副食品加工业,task_timed,8,2018-02-05T08:00:00,18546.814651294604,1.724391912406828,U13,10,measured_continuous_week_direct_isic
C13,农副食品加工业,task_timed,9,2018-02-05T09:00:00,19241.78349377654,1.789006708741515,U13,10,measured_continuous_week_direct_isic
C13,农副食品加工业,task_timed,10,2018-02-05T10:00:00,20685.99568245153,1.9232824787199827,U13,10,measured_continuous_week_direct_isic
C13,农副食品加工业,task_timed,11,2018-02-05T11:00:00,22097.64316889985,2.0545305423129943,U13,10,measured_continuous_week_direct_isic
C13,农副食品加工业,task_timed,12,2018-02-05T12:00:00,17862.71893776772,1.660788046303837,U13,10,measured_continuous_week_direct_isic
C13,农副食品加工业,task_timed,13,2018-02-05T13:00:00,21750.15874765888,2.022223144145651,U13,10,measured_continuous_week_direct_isic
C13,农副食品加工业,task_timed,14,2018-02-05T14:00:00,22879.469445532406,2.1272209171121093,U13,10,measured_continuous_week_direct_isic
C13,农副食品加工业,task_timed,15,2018-02-05T15:00:00,23509.28154124175,2.185777758521067,U13,10,measured_continuous_week_direct_isic
C13,农副食品加工业,task_timed,16,2018-02-05T16:00:00,20718.569498784615,1.926311032490378,U13,10,measured_continuous_week_direct_isic
C13,农副食品加工业,task_timed,17,2018-02-05T17:00:00,17070.01953218011,1.587086741273026,U13,10,measured_continuous_week_direct_isic
C13,农副食品加工业,task_timed,18,2018-02-05T18:00:00,17374.066122239354,1.615355502823217,U13,10,measured_continuous_week_direct_isic
C13,农副食品加工业,task_timed,19,2018-02-05T19:00:00,14420.466769903955,1.3407443131706749,U13,10,measured_continuous_week_direct_isic
C13,农副食品加工业,task_timed,20,2018-02-05T20:00:00,11043.389577025604,1.0267602297331184,U13,10,measured_continuous_week_direct_isic
C13,农副食品加工业,task_timed,21,2018-02-05T21:00:00,8285.25135090155,0.7703220574728241,U13,10,measured_continuous_week_direct_isic
C13,农副食品加工业,task_timed,22,2018-02-05T22:00:00,5994.056138821419,0.5572979577695124,U13,10,measured_continuous_week_direct_isic
C13,农副食品加工业,task_timed,23,2018-02-05T23:00:00,4777.869778584445,0.4442229115687489,U13,10,measured_continuous_week_direct_isic
C13,农副食品加工业,task_timed,24,2018-02-06T00:00:00,4289.2169630560775,0.39879036808812884,U13,10,measured_continuous_week_direct_isic
C13,农副食品加工业,task_timed,25,2018-02-06T01:00:00,3311.9204461057593,0.3079261285118274,U13,10,measured_continuous_week_direct_isic
C13,农副食品加工业,task_timed,26,2018-02-06T02:00:00,2910.161521153676,0.27057255303538963,U13,10,measured_continuous_week_direct_isic
C13,农副食品加工业,task_timed,27,2018-02-06T03:00:00,3257.636828288228,0.30287910381779454,U13,10,measured_continuous_week_direct_isic
C13,农副食品加工业,task_timed,28,2018-02-06T04:00:00,2866.72368997195,0.26653391641823704,U13,10,measured_continuous_week_direct_isic
C13,农副食品加工业,task_timed,29,2018-02-06T05:00:00,3181.6251807734166,0.29581191343024676,U13,10,measured_continuous_week_direct_isic
C13,农副食品加工业,task_timed,30,2018-02-06T06:00:00,3767.9994453010413,0.3503301182220523,U13,10,measured_continuous_week_direct_isic
C13,农副食品加工业,task_timed,31,2018-02-06T07:00:00,8904.208545868678,0.8278696634199635,U13,10,measured_continuous_week_direct_isic
C13,农副食品加工业,task_timed,32,2018-02-06T08:00:00,19285.221324958264,1.7930453453586672,U13,10,measured_continuous_week_direct_isic
C13,农副食品加工业,task_timed,33,2018-02-06T09:00:00,15604.07931380784,1.450790805601043,U13,10,measured_continuous_week_direct_isic
C13,农副食品加工业,task_timed,34,2018-02-06T10:00:00,17482.651586087253,1.6254512469811602,U13,10,measured_continuous_week_direct_isic
C13,农副食品加工业,task_timed,35,2018-02-06T11:00:00,18644.53610029386,1.7334775737180133,U13,10,measured_continuous_week_direct_isic
C13,农副食品加工业,task_timed,36,2018-02-06T12:00:00,15452.065132884634,1.4366572722108861,U13,10,measured_continuous_week_direct_isic
C13,农副食品加工业,task_timed,37,2018-02-06T13:00:00,17993.005088993646,1.672901414000479,U13,10,measured_continuous_week_direct_isic
C13,农副食品加工业,task_timed,38,2018-02-06T14:00:00,18275.341877568444,1.6991517046270321,U13,10,measured_continuous_week_direct_isic
C13,农副食品加工业,task_timed,39,2018-02-06T15:00:00,17450.068655647745,1.6224218458258257,U13,10,measured_continuous_week_direct_isic
C13,农副食品加工业,task_timed,40,2018-02-06T16:00:00,17515.234516526754,1.6284806481364937,U13,10,measured_continuous_week_direct_isic
C13,农副食品加工业,task_timed,41,2018-02-06T17:00:00,15853.833171943137,1.4740116950722626,U13,10,measured_continuous_week_direct_isic
C13,农副食品加工业,task_timed,42,2018-02-06T18:00:00,14301.03551942025,1.3296401809358516,U13,10,measured_continuous_week_direct_isic
C13,农副食品加工业,task_timed,43,2018-02-06T19:00:00,12379.016301852698,1.1509402555536437,U13,10,measured_continuous_week_direct_isic
C13,农副食品加工业,task_timed,44,2018-02-06T20:00:00,9838.067231637271,0.9146952663791124,U13,10,measured_continuous_week_direct_isic
C13,农副食品加工业,task_timed,45,2018-02-06T21:00:00,8708.756533763746,0.8096974934126538,U13,10,measured_continuous_week_direct_isic
C13,农副食品加工业,task_timed,46,2018-02-06T22:00:00,5049.333438204187,0.4694622719636061,U13,10,measured_continuous_week_direct_isic
C13,农副食品加工业,task_timed,47,2018-02-06T23:00:00,4202.350414799043,0.39071394223876227,U13,10,measured_continuous_week_direct_isic
C13,农副食品加工业,task_timed,48,2018-02-07T00:00:00,3290.2106446213133,0.30590765758818966,U13,10,measured_continuous_week_direct_isic
C13,农副食品加工业,task_timed,49,2018-02-07T01:00:00,3366.2314062425407,0.31297569536067593,U13,10,measured_continuous_week_direct_isic
C13,农副食品加工业,task_timed,50,2018-02-07T02:00:00,3637.695065862282,0.33821505575553307,U13,10,measured_continuous_week_direct_isic
C13,农副食品加工业,task_timed,51,2018-02-07T03:00:00,2986.16405456207,0.2776388960379988,U13,10,measured_continuous_week_direct_isic
C13,农副食品加工业,task_timed,52,2018-02-07T04:00:00,2606.114931094432,0.24230379148519873,U13,10,measured_continuous_week_direct_isic
C13,农副食品加工业,task_timed,53,2018-02-07T05:00:00,3116.4775481072456,0.2897548058894565,U13,10,measured_continuous_week_direct_isic
C13,农副食品加工业,task_timed,54,2018-02-07T06:00:00,3181.6251807734166,0.29581191343024676,U13,10,measured_continuous_week_direct_isic
C13,农副食品加工业,task_timed,55,2018-02-07T07:00:00,6482.699840243369,0.6027296538651938,U13,10,measured_continuous_week_direct_isic
C13,农副食品加工业,task_timed,56,2018-02-07T08:00:00,13682.069210346706,1.2720917276037738,U13,10,measured_continuous_week_direct_isic
C13,农副食品加工业,task_timed,57,2018-02-07T09:00:00,14203.295842208161,1.320552824854789,U13,10,measured_continuous_week_direct_isic
C13,农副食品加工业,task_timed,58,2018-02-07T10:00:00,17862.709823661302,1.6607871989188983,U13,10,measured_continuous_week_direct_isic
C13,农副食品加工业,task_timed,59,2018-02-07T11:00:00,19144.052930670867,1.7799202000453909,U13,10,measured_continuous_week_direct_isic
C13,农副食品加工业,task_timed,60,2018-02-07T12:00:00,15984.146665488312,1.4861276049237202,U13,10,measured_continuous_week_direct_isic
C13,农副食品加工业,task_timed,61,2018-02-07T13:00:00,18373.072440674117,1.7082382133231562,U13,10,measured_continuous_week_direct_isic
C13,农副食品加工业,task_timed,62,2018-02-07T14:00:00,18166.74729961413,1.6890551130841505,U13,10,measured_continuous_week_direct_isic
C13,农副食品加工业,task_timed,63,2018-02-07T15:00:00,19621.832617244178,1.8243418132943148,U13,10,measured_continuous_week_direct_isic
C13,农副食品加工业,task_timed,64,2018-02-07T16:00:00,16863.70350522654,1.567904488418959,U13,10,measured_continuous_week_direct_isic
C13,农副食品加工业,task_timed,65,2018-02-07T17:00:00,15799.540440019187,1.468963822993291,U13,10,measured_continuous_week_direct_isic
C13,农副食品加工业,task_timed,66,2018-02-07T18:00:00,13302.010972772652,1.2367557756660352,U13,10,measured_continuous_week_direct_isic
C13,农副食品加工业,task_timed,67,2018-02-07T19:00:00,12237.847907565301,1.1378151102403673,U13,10,measured_continuous_week_direct_isic
C13,农副食品加工业,task_timed,68,2018-02-07T20:00:00,8611.025970658073,0.8006109847165299,U13,10,measured_continuous_week_direct_isic
C13,农副食品加工业,task_timed,69,2018-02-07T21:00:00,8361.272112522778,0.7773900952453104,U13,10,measured_continuous_week_direct_isic
C13,农副食品加工业,task_timed,70,2018-02-07T22:00:00,6135.215419002401,0.5704222556978504,U13,10,measured_continuous_week_direct_isic
C13,农副食品加工业,task_timed,71,2018-02-07T23:00:00,3778.872574256097,0.3513410484537482,U13,10,measured_continuous_week_direct_isic
C13,农副食品加工业,task_timed,72,2018-02-08T00:00:00,3550.8285176052477,0.3301386299061665,U13,10,measured_continuous_week_direct_isic
C13,农副食品加工业,task_timed,73,2018-02-08T01:00:00,3181.6342948798338,0.29581276081518537,U13,10,measured_continuous_week_direct_isic
C13,农副食品加工业,task_timed,74,2018-02-08T02:00:00,2356.3519588527206,0.21908205462904076,U13,10,measured_continuous_week_direct_isic
C13,农副食品加工业,task_timed,75,2018-02-08T03:00:00,2931.880436744538,0.2725918713439659,U13,10,measured_continuous_week_direct_isic
C13,农副食品加工业,task_timed,76,2018-02-08T04:00:00,3333.6484758030383,0.3099462942053422,U13,10,measured_continuous_week_direct_isic
C13,农副食品加工业,task_timed,77,2018-02-08T05:00:00,2747.2742112754145,0.2554280894135368,U13,10,measured_continuous_week_direct_isic
C13,农副食品加工业,task_timed,78,2018-02-08T06:00:00,2747.2742112754145,0.2554280894135368,U13,10,measured_continuous_week_direct_isic
C13,农副食品加工业,task_timed,79,2018-02-08T07:00:00,6482.708954349786,0.6027305012501324,U13,10,measured_continuous_week_direct_isic
C13,农副食品加工业,task_timed,80,2018-02-08T08:00:00,15202.302160642923,1.413435535354728,U13,10,measured_continuous_week_direct_isic
C13,农副食品加工业,task_timed,81,2018-02-08T09:00:00,17536.9443180112,1.6304991190601312,U13,10,measured_continuous_week_direct_isic
C13,农副食品加工业,task_timed,82,2018-02-08T10:00:00,20903.166610147324,1.9434739670358687,U13,10,measured_continuous_week_direct_isic
C13,农副食品加工业,task_timed,83,2018-02-08T11:00:00,17808.417091737356,1.655739326839927,U13,10,measured_continuous_week_direct_isic
C13,农副食品加工业,task_timed,84,2018-02-08T12:00:00,16755.118041378642,1.5578087442610162,U13,10,measured_continuous_week_direct_isic
C13,农副食品加工业,task_timed,85,2018-02-08T13:00:00,22662.298517836614,2.1070294287962237,U13,10,measured_continuous_week_direct_isic
C13,农副食品加工业,task_timed,86,2018-02-08T14:00:00,24073.946004284935,2.2382774923892352,U13,10,measured_continuous_week_direct_isic
C13,农副食品加工业,task_timed,87,2018-02-08T15:00:00,19578.40390016887,1.820304024062101,U13,10,measured_continuous_week_direct_isic
C13,农副食品加工业,task_timed,88,2018-02-08T16:00:00,18351.353525083254,1.7062188950145798,U13,10,measured_continuous_week_direct_isic
C13,农副食品加工业,task_timed,89,2018-02-08T17:00:00,15310.896738597236,1.4235321268976096,U13,10,measured_continuous_week_direct_isic
C13,农副食品加工业,task_timed,90,2018-02-08T18:00:00,15061.133766355524,1.4003103900414515,U13,10,measured_continuous_week_direct_isic
C13,农副食品加工业,task_timed,91,2018-02-08T19:00:00,11836.0798685068,1.1004606873789908,U13,10,measured_continuous_week_direct_isic
C13,农副食品加工业,task_timed,92,2018-02-08T20:00:00,11401.728899008796,1.0600768633622808,U13,10,measured_continuous_week_direct_isic
C13,农副食品加工业,task_timed,93,2018-02-08T21:00:00,8611.025970658073,0.8006109847165299,U13,10,measured_continuous_week_direct_isic
C13,农副食品加工业,task_timed,94,2018-02-08T22:00:00,8220.10371823538,0.7642649499320339,U13,10,measured_continuous_week_direct_isic
C13,农副食品加工业,task_timed,95,2018-02-08T23:00:00,4777.860664478029,0.44422206418381044,U13,10,measured_continuous_week_direct_isic
C13,农副食品加工业,task_timed,96,2018-02-09T00:00:00,3833.156192073629,0.3563880731477811,U13,10,measured_continuous_week_direct_isic
C13,农副食品加工业,task_timed,97,2018-02-09T01:00:00,3040.4659005924345,0.28268761550190874,U13,10,measured_continuous_week_direct_isic
C13,农副食品加工业,task_timed,98,2018-02-09T02:00:00,3149.0513644403313,0.29278335965985164,U13,10,measured_continuous_week_direct_isic
C13,农副食品加工业,task_timed,99,2018-02-09T03:00:00,3040.4659005924345,0.28268761550190874,U13,10,measured_continuous_week_direct_isic
C13,农副食品加工业,task_timed,100,2018-02-09T04:00:00,2823.2858587902256,0.2624952798010845,U13,10,measured_continuous_week_direct_isic
C13,农副食品加工业,task_timed,101,2018-02-09T05:00:00,3149.0513644403313,0.29278335965985164,U13,10,measured_continuous_week_direct_isic
C13,农副食品加工业,task_timed,102,2018-02-09T06:00:00,3257.636828288228,0.30287910381779454,U13,10,measured_continuous_week_direct_isic
C13,农副食品加工业,task_timed,103,2018-02-09T07:00:00,7112.511935952719,0.6612864952741518,U13,10,measured_continuous_week_direct_isic
C13,农副食品加工业,task_timed,104,2018-02-09T08:00:00,18155.901512978322,1.6880467250072702,U13,10,measured_continuous_week_direct_isic
C13,农副食品加工业,task_timed,105,2018-02-09T09:00:00,14094.710378360263,1.310457080696846,U13,10,measured_continuous_week_direct_isic
C13,农副食品加工业,task_timed,106,2018-02-09T10:00:00,19654.424661790094,1.8273720618345868,U13,10,measured_continuous_week_direct_isic
C13,农副食品加工业,task_timed,107,2018-02-09T11:00:00,16744.244912423586,1.5567978140293202,U13,10,measured_continuous_week_direct_isic
C13,农副食品加工业,task_timed,108,2018-02-09T12:00:00,15669.226946474011,1.4568479131418333,U13,10,measured_continuous_week_direct_isic
C13,农副食品加工业,task_timed,109,2018-02-09T13:00:00,17536.9443180112,1.6304991190601312,U13,10,measured_continuous_week_direct_isic
C13,农副食品加工业,task_timed,110,2018-02-09T14:00:00,16309.912171138418,1.5164156847824874,U13,10,measured_continuous_week_direct_isic
C13,农副食品加工业,task_timed,111,2018-02-09T15:00:00,14833.107937917508,1.379109666263747,U13,10,measured_continuous_week_direct_isic
C13,农副食品加工业,task_timed,112,2018-02-09T16:00:00,15604.088427914257,1.4507916529859817,U13,10,measured_continuous_week_direct_isic
C13,农副食品加工业,task_timed,113,2018-02-09T17:00:00,14333.61844985975,1.3326695820911851,U13,10,measured_continuous_week_direct_isic
C13,农副食品加工业,task_timed,114,2018-02-09T18:00:00,12845.950201790207,1.1943534807256877,U13,10,measured_continuous_week_direct_isic
C13,农副食品加工业,task_timed,115,2018-02-09T19:00:00,9468.873008911856,0.8803693972881312,U13,10,measured_continuous_week_direct_isic
C13,农副食品加工业,task_timed,116,2018-02-09T20:00:00,9610.023174986422,0.8934928478315306,U13,10,measured_continuous_week_direct_isic
C13,农副食品加工业,task_timed,117,2018-02-09T21:00:00,10022.664342999979,0.931858200924603,U13,10,measured_continuous_week_direct_isic
C13,农副食品加工业,task_timed,118,2018-02-09T22:00:00,5505.403323293051,0.5118654142888923,U13,10,measured_continuous_week_direct_isic
C13,农副食品加工业,task_timed,119,2018-02-09T23:00:00,4636.710498403463,0.4310986136404109,U13,10,measured_continuous_week_direct_isic
C13,农副食品加工业,task_timed,120,2018-02-10T00:00:00,4234.924231132129,0.3937424960091574,U13,10,measured_continuous_week_direct_isic
C13,农副食品加工业,task_timed,121,2018-02-10T01:00:00,3615.97615027142,0.33619573744695685,U13,10,measured_continuous_week_direct_isic
C13,农副食品加工业,task_timed,122,2018-02-10T02:00:00,3583.393219831917,0.3331663362916231,U13,10,measured_continuous_week_direct_isic
C13,农副食品加工业,task_timed,123,2018-02-10T03:00:00,3615.97615027142,0.33619573744695685,U13,10,measured_continuous_week_direct_isic
C13,农副食品加工业,task_timed,124,2018-02-10T04:00:00,3301.074659469953,0.3069177404349471,U13,10,measured_continuous_week_direct_isic
C13,农副食品加工业,task_timed,125,2018-02-10T05:00:00,3290.2106446213133,0.30590765758818966,U13,10,measured_continuous_week_direct_isic
C13,农副食品加工业,task_timed,126,2018-02-10T06:00:00,4093.7649509511475,0.3806181980808194,U13,10,measured_continuous_week_direct_isic
C13,农副食品加工业,task_timed,127,2018-02-10T07:00:00,6623.868234530768,0.6158547991784704,U13,10,measured_continuous_week_direct_isic
C13,农副食品加工业,task_timed,128,2018-02-10T08:00:00,12226.993006823077,1.1368058747785483,U13,10,measured_continuous_week_direct_isic
C13,农副食品加工业,task_timed,129,2018-02-10T09:00:00,13725.50704152843,1.2761303642209263,U13,10,measured_continuous_week_direct_isic
C13,农副食品加工业,task_timed,130,2018-02-10T10:00:00,16722.53511093914,1.5547793431056827,U13,10,measured_continuous_week_direct_isic
C13,农副食品加工业,task_timed,131,2018-02-10T11:00:00,16461.926352061622,1.530549218172644,U13,10,measured_continuous_week_direct_isic
C13,农副食品加工业,task_timed,132,2018-02-10T12:00:00,16147.015747153739,1.5012703737756958,U13,10,measured_continuous_week_direct_isic
C13,农副食品加工业,task_timed,133,2018-02-10T13:00:00,16125.31505977571,1.4992527502369968,U13,10,measured_continuous_week_direct_isic
C13,农副食品加工业,task_timed,134,2018-02-10T14:00:00,17591.237049935145,1.6355469911391025,U13,10,measured_continuous_week_direct_isic
C13,农副食品加工业,task_timed,135,2018-02-10T15:00:00,17504.37050167811,1.6274705652897359,U13,10,measured_continuous_week_direct_isic
C13,农副食品加工业,task_timed,136,2018-02-10T16:00:00,14800.534121584424,1.3760811124933519,U13,10,measured_continuous_week_direct_isic
C13,农副食品加工业,task_timed,137,2018-02-10T17:00:00,13323.73900246993,1.23877594135955,U13,10,measured_continuous_week_direct_isic
C13,农副食品加工业,task_timed,138,2018-02-10T18:00:00,11434.311829448301,1.0631062645176146,U13,10,measured_continuous_week_direct_isic
C13,农副食品加工业,task_timed,139,2018-02-10T19:00:00,10315.846918210584,0.9591168796280366,U13,10,measured_continuous_week_direct_isic
C13,农副食品加工业,task_timed,140,2018-02-10T20:00:00,7981.204760842307,0.7420532959226334,U13,10,measured_continuous_week_direct_isic
C13,农副食品加工业,task_timed,141,2018-02-10T21:00:00,5342.525127521207,0.4967217980519781,U13,10,measured_continuous_week_direct_isic
C13,农副食品加工业,task_timed,142,2018-02-10T22:00:00,5733.438265837484,0.5330669854515355,U13,10,measured_continuous_week_direct_isic
C13,农副食品加工业,task_timed,143,2018-02-10T23:00:00,4538.979935297789,0.4220121049442868,U13,10,measured_continuous_week_direct_isic
C13,农副食品加工业,task_timed,144,2018-02-11T00:00:00,3985.17948710325,0.37052245392287647,U13,10,measured_continuous_week_direct_isic
C13,农副食品加工业,task_timed,145,2018-02-11T01:00:00,3366.222292136125,0.31297484797573744,U13,10,measured_continuous_week_direct_isic
C13,农副食品加工业,task_timed,146,2018-02-11T02:00:00,3876.5849091489376,0.36042586237999513,U13,10,measured_continuous_week_direct_isic
C13,农副食品加工业,task_timed,147,2018-02-11T03:00:00,4082.9100502089245,0.37960896261900057,U13,10,measured_continuous_week_direct_isic
C13,农副食品加工业,task_timed,148,2018-02-11T04:00:00,3116.4775481072456,0.2897548058894565,U13,10,measured_continuous_week_direct_isic
C13,农副食品加工业,task_timed,149,2018-02-11T05:00:00,3909.1769536948564,0.36345611092026736,U13,10,measured_continuous_week_direct_isic
C13,农副食品加工业,task_timed,150,2018-02-11T06:00:00,3442.233939650935,0.3200420383632851,U13,10,measured_continuous_week_direct_isic
C13,农副食品加工业,task_timed,151,2018-02-11T07:00:00,7275.390131724564,0.6764301115110661,U13,10,measured_continuous_week_direct_isic
C13,农副食品加工业,task_timed,152,2018-02-11T08:00:00,14366.18315208642,1.3356972884766418,U13,10,measured_continuous_week_direct_isic
C13,农副食品加工业,task_timed,153,2018-02-11T09:00:00,14442.203913707648,1.3427653262491281,U13,10,measured_continuous_week_direct_isic
C13,农副食品加工业,task_timed,154,2018-02-11T10:00:00,17156.89519454356,1.595164014507331,U13,10,measured_continuous_week_direct_isic
C13,农副食品加工业,task_timed,155,2018-02-11T11:00:00,17102.58423440678,1.5901144476584825,U13,10,measured_continuous_week_direct_isic
C13,农副食品加工业,task_timed,156,2018-02-11T12:00:00,16961.43406833221,1.576990997115083,U13,10,measured_continuous_week_direct_isic
C13,农副食品加工业,task_timed,157,2018-02-11T13:00:00,18383.936455522755,1.7092482961699134,U13,10,measured_continuous_week_direct_isic
C13,农副食品加工业,task_timed,158,2018-02-11T14:00:00,16364.204903062368,1.521463556861459,U13,10,measured_continuous_week_direct_isic
C13,农副食品加工业,task_timed,159,2018-02-11T15:00:00,15397.763286854271,1.4316085527469762,U13,10,measured_continuous_week_direct_isic
C13,农副食品加工业,task_timed,160,2018-02-11T16:00:00,17786.698176146492,1.6537200085313506,U13,10,measured_continuous_week_direct_isic
C13,农副食品加工业,task_timed,161,2018-02-11T17:00:00,14463.913715192095,1.3447837971727659,U13,10,measured_continuous_week_direct_isic
C13,农副食品加工业,task_timed,162,2018-02-11T18:00:00,11890.381714537165,1.1055094068429008,U13,10,measured_continuous_week_direct_isic
C13,农副食品加工业,task_timed,163,2018-02-11T19:00:00,12813.376385457119,1.1913249269552924,U13,10,measured_continuous_week_direct_isic
C13,农副食品加工业,task_timed,164,2018-02-11T20:00:00,10207.261454362686,0.9490211354700936,U13,10,measured_continuous_week_direct_isic
C13,农副食品加工业,task_timed,165,2018-02-11T21:00:00,7058.219204028772,0.6562386231951806,U13,10,measured_continuous_week_direct_isic
C13,农副食品加工业,task_timed,166,2018-02-11T22:00:00,4669.275200630132,0.43412632002586743,U13,10,measured_continuous_week_direct_isic
C13,农副食品加工业,task_timed,167,2018-02-11T23:00:00,4267.507161571632,0.39677189716449124,U13,10,measured_continuous_week_direct_isic
C14,食品制造业,task_timed,0,2018-02-05T00:00:00,1481.4830474913479,0.3432629278345045,U13,10,measured_continuous_week_direct_isic
C14,食品制造业,task_timed,1,2018-02-05T01:00:00,1307.1911393873818,0.30287910381779454,U13,10,measured_continuous_week_direct_isic
C14,食品制造业,task_timed,2,2018-02-05T02:00:00,1058.8259932126655,0.24533234525559391,U13,10,measured_continuous_week_direct_isic
C14,食品制造业,task_timed,3,2018-02-05T03:00:00,1263.6190766652076,0.29278335965985164,U13,10,measured_continuous_week_direct_isic
C14,食品制造业,task_timed,4,2018-02-05T04:00:00,1337.6923147359573,0.3099462942053422,U13,10,measured_continuous_week_direct_isic
C14,食品制造业,task_timed,5,2018-02-05T05:00:00,1176.4676367903203,0.27259017657408885,U13,10,measured_continuous_week_direct_isic
C14,食品制造业,task_timed,6,2018-02-05T06:00:00,1350.7668593248254,0.31297569536067593,U13,10,measured_continuous_week_direct_isic
C14,食品制造业,task_timed,7,2018-02-05T07:00:00,3376.911662489159,0.782437967324282,U13,10,measured_continuous_week_direct_isic
C14,食品制造业,task_timed,8,2018-02-05T08:00:00,7442.275813406694,1.7243919124068279,U13,10,measured_continuous_week_direct_isic
C14,食品制造业,task_timed,9,2018-02-05T09:00:00,7721.145792145256,1.7890067087415147,U13,10,measured_continuous_week_direct_isic
C14,食品制造业,task_timed,10,2018-02-05T10:00:00,8300.664466552927,1.923282478719983,U13,10,measured_continuous_week_direct_isic
C14,食品制造业,task_timed,11,2018-02-05T11:00:00,8867.11591080227,2.0545305423129943,U13,10,measured_continuous_week_direct_isic
C14,食品制造业,task_timed,12,2018-02-05T12:00:00,7167.768892484782,1.660788046303837,U13,10,measured_continuous_week_direct_isic
C14,食品制造业,task_timed,13,2018-02-05T13:00:00,8727.68092143299,2.022223144145651,U13,10,measured_continuous_week_direct_isic
C14,食品制造业,task_timed,14,2018-02-05T14:00:00,9180.839151060247,2.1272209171121093,U13,10,measured_continuous_week_direct_isic
C14,食品制造业,task_timed,15,2018-02-05T15:00:00,9433.563697836342,2.185777758521067,U13,10,measured_continuous_week_direct_isic
C14,食品制造业,task_timed,16,2018-02-05T16:00:00,8313.735353926526,1.926311032490378,U13,10,measured_continuous_week_direct_isic
C14,食品制造业,task_timed,17,2018-02-05T17:00:00,6849.682594410156,1.587086741273026,U13,10,measured_continuous_week_direct_isic
C14,食品制造业,task_timed,18,2018-02-05T18:00:00,6971.687295804459,1.615355502823217,U13,10,measured_continuous_week_direct_isic
C14,食品制造业,task_timed,19,2018-02-05T19:00:00,5786.497200596112,1.3407443131706749,U13,10,measured_continuous_week_direct_isic
C14,食品制造业,task_timed,20,2018-02-05T20:00:00,4431.378255100445,1.0267602297331184,U13,10,measured_continuous_week_direct_isic
C14,食品制造业,task_timed,21,2018-02-05T21:00:00,3324.6207985642263,0.7703220574728242,U13,10,measured_continuous_week_direct_isic
C14,食品制造业,task_timed,22,2018-02-05T22:00:00,2405.2334519361116,0.5572979577695124,U13,10,measured_continuous_week_direct_isic
C14,食品制造业,task_timed,23,2018-02-05T23:00:00,1917.2146463588986,0.44422291156874893,U13,10,measured_continuous_week_direct_isic
C14,食品制造业,task_timed,24,2018-02-06T00:00:00,1721.1330496785752,0.39879036808812884,U13,10,measured_continuous_week_direct_isic
C14,食品制造业,task_timed,25,2018-02-06T01:00:00,1328.9735135331991,0.3079261285118274,U13,10,measured_continuous_week_direct_isic
C14,食品制造业,task_timed,26,2018-02-06T02:00:00,1167.7598072333706,0.27057255303538963,U13,10,measured_continuous_week_direct_isic
C14,食品制造业,task_timed,27,2018-02-06T03:00:00,1307.1911393873818,0.30287910381779454,U13,10,measured_continuous_week_direct_isic
C14,食品制造业,task_timed,28,2018-02-06T04:00:00,1150.3295192583928,0.26653391641823704,U13,10,measured_continuous_week_direct_isic
C14,食品制造业,task_timed,29,2018-02-06T05:00:00,1276.6899640388058,0.29581191343024676,U13,10,measured_continuous_week_direct_isic
C14,食品制造业,task_timed,30,2018-02-06T06:00:00,1511.9842228399239,0.3503301182220523,U13,10,measured_continuous_week_direct_isic
C14,食品制造业,task_timed,31,2018-02-06T07:00:00,3572.9896019542125,0.8278696634199635,U13,10,measured_continuous_week_direct_isic
C14,食品制造业,task_timed,32,2018-02-06T08:00:00,7738.576080120233,1.7930453453586672,U13,10,measured_continuous_week_direct_isic
C14,食品制造业,task_timed,33,2018-02-06T09:00:00,6261.445118799726,1.450790805601043,U13,10,measured_continuous_week_direct_isic
C14,食品制造业,task_timed,34,2018-02-06T10:00:00,7015.259358526634,1.62545124698116,U13,10,measured_continuous_week_direct_isic
C14,食品制造业,task_timed,35,2018-02-06T11:00:00,7481.48847552749,1.7334775737180133,U13,10,measured_continuous_week_direct_isic
C14,食品制造业,task_timed,36,2018-02-06T12:00:00,6200.446425317844,1.4366572722108861,U13,10,measured_continuous_week_direct_isic
C14,食品制造业,task_timed,37,2018-02-06T13:00:00,7220.048784763905,1.672901414000479,U13,10,measured_continuous_week_direct_isic
C14,食品制造业,task_timed,38,2018-02-06T14:00:00,7333.34199938599,1.6991517046270321,U13,10,measured_continuous_week_direct_isic
C14,食品制造业,task_timed,39,2018-02-06T15:00:00,7002.184813937764,1.622421845825826,U13,10,measured_continuous_week_direct_isic
C14,食品制造业,task_timed,40,2018-02-06T16:00:00,7028.333903115501,1.6284806481364935,U13,10,measured_continuous_week_direct_isic
C14,食品制造业,task_timed,41,2018-02-06T17:00:00,6361.663788832942,1.4740116950722626,U13,10,measured_continuous_week_direct_isic
C14,食品制造业,task_timed,42,2018-02-06T18:00:00,5738.573051703097,1.3296401809358516,U13,10,measured_continuous_week_direct_isic
C14,食品制造业,task_timed,43,2018-02-06T19:00:00,4967.3248667859425,1.1509402555536437,U13,10,measured_continuous_week_direct_isic
C14,食品制造业,task_timed,44,2018-02-06T20:00:00,3947.718850124611,0.9146952663791124,U13,10,measured_continuous_week_direct_isic
C14,食品制造业,task_timed,45,2018-02-06T21:00:00,3494.560620497353,0.809697493412654,U13,10,measured_continuous_week_direct_isic
C14,食品制造业,task_timed,46,2018-02-06T22:00:00,2026.1448031643338,0.46946227196360607,U13,10,measured_continuous_week_direct_isic
C14,食品制造业,task_timed,47,2018-02-06T23:00:00,1686.27613094389,0.39071394223876227,U13,10,measured_continuous_week_direct_isic
C14,食品制造业,task_timed,48,2018-02-07T00:00:00,1320.26202676098,0.30590765758818966,U13,10,measured_continuous_week_direct_isic
C14,食品制造业,task_timed,49,2018-02-07T01:00:00,1350.7668593248254,0.31297569536067593,U13,10,measured_continuous_week_direct_isic
C14,食品制造业,task_timed,50,2018-02-07T02:00:00,1459.6970161302606,0.33821505575553307,U13,10,measured_continuous_week_direct_isic
C14,食品制造业,task_timed,51,2018-02-07T03:00:00,1198.2573253666767,0.2776388960379988,U13,10,measured_continuous_week_direct_isic
C14,食品制造业,task_timed,52,2018-02-07T04:00:00,1045.755105839067,0.24230379148519873,U13,10,measured_continuous_week_direct_isic
C14,食品制造业,task_timed,53,2018-02-07T05:00:00,1250.5481892916093,0.2897548058894565,U13,10,measured_continuous_week_direct_isic
C14,食品制造业,task_timed,54,2018-02-07T06:00:00,1276.6899640388058,0.29581191343024676,U13,10,measured_continuous_week_direct_isic
C14,食品制造业,task_timed,55,2018-02-07T07:00:00,2601.3113914011647,0.6027296538651938,U13,10,measured_continuous_week_direct_isic
C14,食品制造业,task_timed,56,2018-02-07T08:00:00,5490.200591097841,1.2720917276037738,U13,10,measured_continuous_week_direct_isic
C14,食品制造业,task_timed,57,2018-02-07T09:00:00,5699.353075151763,1.320552824854789,U13,10,measured_continuous_week_direct_isic
C14,食品制造业,task_timed,58,2018-02-07T10:00:00,7167.765235269511,1.6607871989188983,U13,10,measured_continuous_week_direct_isic
C14,食品制造业,task_timed,59,2018-02-07T11:00:00,7681.929472809191,1.7799202000453906,U13,10,measured_continuous_week_direct_isic
C14,食品制造业,task_timed,60,2018-02-07T12:00:00,6413.954652757874,1.4861276049237202,U13,10,measured_continuous_week_direct_isic
C14,食品制造业,task_timed,61,2018-02-07T13:00:00,7372.5583187220545,1.7082382133231562,U13,10,measured_continuous_week_direct_isic
C14,食品制造业,task_timed,62,2018-02-07T14:00:00,7289.766279448546,1.6890551130841507,U13,10,measured_continuous_week_direct_isic
C14,食品制造业,task_timed,63,2018-02-07T15:00:00,7873.648011672866,1.8243418132943148,U13,10,measured_continuous_week_direct_isic
C14,食品制造业,task_timed,64,2018-02-07T16:00:00,6766.894212351916,1.567904488418959,U13,10,measured_continuous_week_direct_isic
C14,食品制造业,task_timed,65,2018-02-07T17:00:00,6339.877757471855,1.468963822993291,U13,10,measured_continuous_week_direct_isic
C14,食品制造业,task_timed,66,2018-02-07T18:00:00,5337.694714354962,1.2367557756660352,U13,10,measured_continuous_week_direct_isic
C14,食品制造业,task_timed,67,2018-02-07T19:00:00,4910.678259474901,1.1378151102403673,U13,10,measured_continuous_week_direct_isic
C14,食品制造业,task_timed,68,2018-02-07T20:00:00,3455.344301161288,0.8006109847165299,U13,10,measured_continuous_week_direct_isic
C14,食品制造业,task_timed,69,2018-02-07T21:00:00,3355.125631128072,0.7773900952453106,U13,10,measured_continuous_week_direct_isic
C14,食品制造业,task_timed,70,2018-02-07T22:00:00,2461.876402031884,0.5704222556978504,U13,10,measured_continuous_week_direct_isic
C14,食品制造业,task_timed,71,2018-02-07T23:00:00,1516.3472806565724,0.3513410484537482,U13,10,measured_continuous_week_direct_isic
C14,食品制造业,task_timed,72,2018-02-08T00:00:00,1424.8400973955754,0.3301386299061665,U13,10,measured_continuous_week_direct_isic
C14,食品制造业,task_timed,73,2018-02-08T01:00:00,1276.6936212540757,0.29581276081518537,U13,10,measured_continuous_week_direct_isic
C14,食品制造业,task_timed,74,2018-02-08T02:00:00,945.5327785905813,0.21908205462904076,U13,10,measured_continuous_week_direct_isic
C14,食品制造业,task_timed,75,2018-02-08T03:00:00,1176.474951220859,0.2725918713439659,U13,10,measured_continuous_week_direct_isic
C14,食品制造业,task_timed,76,2018-02-08T04:00:00,1337.6923147359573,0.3099462942053422,U13,10,measured_continuous_week_direct_isic
C14,食品制造业,task_timed,77,2018-02-08T05:00:00,1102.3980559348397,0.2554280894135368,U13,10,measured_continuous_week_direct_isic
C14,食品制造业,task_timed,78,2018-02-08T06:00:00,1102.3980559348397,0.2554280894135368,U13,10,measured_continuous_week_direct_isic
C14,食品制造业,task_timed,79,2018-02-08T07:00:00,2601.3150486164345,0.6027305012501324,U13,10,measured_continuous_week_direct_isic
C14,食品制造业,task_timed,80,2018-02-08T08:00:00,6100.224098069358,1.413435535354728,U13,10,measured_continuous_week_direct_isic
C14,食品制造业,task_timed,81,2018-02-08T09:00:00,7037.04538988772,1.6304991190601312,U13,10,measured_continuous_week_direct_isic
C14,食品制造业,task_timed,82,2018-02-08T10:00:00,8387.808591997276,1.9434739670358687,U13,10,measured_continuous_week_direct_isic
C14,食品制造业,task_timed,83,2018-02-08T11:00:00,7145.979203908425,1.655739326839927,U13,10,measured_continuous_week_direct_isic
C14,食品制造业,task_timed,84,2018-02-08T12:00:00,6723.322149629742,1.5578087442610162,U13,10,measured_continuous_week_direct_isic
C14,食品制造业,task_timed,85,2018-02-08T13:00:00,9093.6950256159,2.1070294287962237,U13,10,measured_continuous_week_direct_isic
C14,食品制造业,task_timed,86,2018-02-08T14:00:00,9660.146469865242,2.2382774923892352,U13,10,measured_continuous_week_direct_isic
C14,食品制造业,task_timed,87,2018-02-08T15:00:00,7856.221380913157,1.8203040240621007,U13,10,measured_continuous_week_direct_isic
C14,食品制造业,task_timed,88,2018-02-08T16:00:00,7363.843174734565,1.7062188950145798,U13,10,measured_continuous_week_direct_isic
C14,食品制造业,task_timed,89,2018-02-08T17:00:00,6143.799818006802,1.4235321268976096,U13,10,measured_continuous_week_direct_isic
C14,食品制造业,task_timed,90,2018-02-08T18:00:00,6043.577490758315,1.4003103900414515,U13,10,measured_continuous_week_direct_isic
C14,食品制造业,task_timed,91,2018-02-08T19:00:00,4749.460895959802,1.1004606873789908,U13,10,measured_continuous_week_direct_isic
C14,食品制造业,task_timed,92,2018-02-08T20:00:00,4575.168987855836,1.0600768633622808,U13,10,measured_continuous_week_direct_isic
C14,食品制造业,task_timed,93,2018-02-08T21:00:00,3455.344301161288,0.8006109847165299,U13,10,measured_continuous_week_direct_isic
C14,食品制造业,task_timed,94,2018-02-08T22:00:00,3298.47902381703,0.764264949932034,U13,10,measured_continuous_week_direct_isic
C14,食品制造业,task_timed,95,2018-02-08T23:00:00,1917.210989143629,0.4442220641838104,U13,10,measured_continuous_week_direct_isic
C14,食品制造业,task_timed,96,2018-02-09T00:00:00,1538.12965480239,0.3563880731477811,U13,10,measured_continuous_week_direct_isic
C14,食品制造业,task_timed,97,2018-02-09T01:00:00,1220.047013943033,0.28268761550190874,U13,10,measured_continuous_week_direct_isic
C14,食品制造业,task_timed,98,2018-02-09T02:00:00,1263.6190766652076,0.29278335965985164,U13,10,measured_continuous_week_direct_isic
C14,食品制造业,task_timed,99,2018-02-09T03:00:00,1220.047013943033,0.28268761550190874,U13,10,measured_continuous_week_direct_isic
C14,食品制造业,task_timed,100,2018-02-09T04:00:00,1132.8992312834155,0.2624952798010845,U13,10,measured_continuous_week_direct_isic
C14,食品制造业,task_timed,101,2018-02-09T05:00:00,1263.6190766652076,0.29278335965985164,U13,10,measured_continuous_week_direct_isic
C14,食品制造业,task_timed,102,2018-02-09T06:00:00,1307.1911393873818,0.30287910381779454,U13,10,measured_continuous_week_direct_isic
C14,食品制造业,task_timed,103,2018-02-09T07:00:00,2854.03593817726,0.6612864952741518,U13,10,measured_continuous_week_direct_isic
C14,食品制造业,task_timed,104,2018-02-09T08:00:00,7285.414193277705,1.6880467250072702,U13,10,measured_continuous_week_direct_isic
C14,食品制造业,task_timed,105,2018-02-09T09:00:00,5655.781012429588,1.310457080696846,U13,10,measured_continuous_week_direct_isic
C14,食品制造业,task_timed,106,2018-02-09T10:00:00,7886.726213477003,1.8273720618345868,U13,10,measured_continuous_week_direct_isic
C14,食品制造业,task_timed,107,2018-02-09T11:00:00,6718.959091813094,1.5567978140293204,U13,10,measured_continuous_week_direct_isic
C14,食品制造业,task_timed,108,2018-02-09T12:00:00,6287.586893546922,1.4568479131418333,U13,10,measured_continuous_week_direct_isic
C14,食品制造业,task_timed,109,2018-02-09T13:00:00,7037.04538988772,1.6304991190601312,U13,10,measured_continuous_week_direct_isic
C14,食品制造业,task_timed,110,2018-02-09T14:00:00,6544.674498139667,1.5164156847824874,U13,10,measured_continuous_week_direct_isic
C14,食品制造业,task_timed,111,2018-02-09T15:00:00,5952.077621927858,1.379109666263747,U13,10,measured_continuous_week_direct_isic
C14,食品制造业,task_timed,112,2018-02-09T16:00:00,6261.448776014996,1.4507916529859817,U13,10,measured_continuous_week_direct_isic
C14,食品制造业,task_timed,113,2018-02-09T17:00:00,5751.647596291964,1.3326695820911851,U13,10,measured_continuous_week_direct_isic
C14,食品制造业,task_timed,114,2018-02-09T18:00:00,5154.691319478778,1.1943534807256877,U13,10,measured_continuous_week_direct_isic
C14,食品制造业,task_timed,115,2018-02-09T19:00:00,3799.572373983111,0.8803693972881311,U13,10,measured_continuous_week_direct_isic
C14,食品制造业,task_timed,116,2018-02-09T20:00:00,3856.2116668636145,0.8934928478315307,U13,10,measured_continuous_week_direct_isic
C14,食品制造业,task_timed,117,2018-02-09T21:00:00,4021.792088195361,0.9318582009246029,U13,10,measured_continuous_week_direct_isic
C14,食品制造业,task_timed,118,2018-02-09T22:00:00,2209.1518552557886,0.5118654142888923,U13,10,measured_continuous_week_direct_isic
C14,食品制造业,task_timed,119,2018-02-09T23:00:00,1860.5716962631261,0.4310986136404109,U13,10,measured_continuous_week_direct_isic
C14,食品制造业,task_timed,120,2018-02-10T00:00:00,1699.3470183174882,0.3937424960091574,U13,10,measured_continuous_week_direct_isic
C14,食品制造业,task_timed,121,2018-02-10T01:00:00,1450.9818721427723,0.33619573744695685,U13,10,measured_continuous_week_direct_isic
C14,食品制造业,task_timed,122,2018-02-10T02:00:00,1437.9073275539042,0.3331663362916231,U13,10,measured_continuous_week_direct_isic
C14,食品制造业,task_timed,123,2018-02-10T03:00:00,1450.9818721427723,0.33619573744695685,U13,10,measured_continuous_week_direct_isic
C14,食品制造业,task_timed,124,2018-02-10T04:00:00,1324.621427362359,0.3069177404349471,U13,10,measured_continuous_week_direct_isic
C14,食品制造业,task_timed,125,2018-02-10T05:00:00,1320.26202676098,0.30590765758818966,U13,10,measured_continuous_week_direct_isic
C14,食品制造业,task_timed,126,2018-02-10T06:00:00,1642.704068221716,0.3806181980808194,U13,10,measured_continuous_week_direct_isic
C14,食品制造业,task_timed,127,2018-02-10T07:00:00,2657.957998712207,0.6158547991784704,U13,10,measured_continuous_week_direct_isic
C14,食品制造业,task_timed,128,2018-02-10T08:00:00,4906.322516088791,1.1368058747785483,U13,10,measured_continuous_week_direct_isic
C14,食品制造业,task_timed,129,2018-02-10T09:00:00,5507.630879072818,1.2761303642209263,U13,10,measured_continuous_week_direct_isic
C14,食品制造业,task_timed,130,2018-02-10T10:00:00,6710.247605040875,1.5547793431056827,U13,10,measured_continuous_week_direct_isic
C14,食品制造业,task_timed,131,2018-02-10T11:00:00,6605.673191621548,1.530549218172644,U13,10,measured_continuous_week_direct_isic
C14,食品制造业,task_timed,132,2018-02-10T12:00:00,6479.309089625865,1.5012703737756958,U13,10,measured_continuous_week_direct_isic
C14,食品制造业,task_timed,133,2018-02-10T13:00:00,6470.601260068916,1.4992527502369968,U13,10,measured_continuous_week_direct_isic
C14,食品制造业,task_timed,134,2018-02-10T14:00:00,7058.831421248807,1.6355469911391025,U13,10,measured_continuous_week_direct_isic
C14,食品制造业,task_timed,135,2018-02-10T15:00:00,7023.974502514121,1.6274705652897359,U13,10,measured_continuous_week_direct_isic
C14,食品制造业,task_timed,136,2018-02-10T16:00:00,5939.006734554259,1.3760811124933519,U13,10,measured_continuous_week_direct_isic
C14,食品制造业,task_timed,137,2018-02-10T17:00:00,5346.4135155577205,1.23877594135955,U13,10,measured_continuous_week_direct_isic
C14,食品制造业,task_timed,138,2018-02-10T18:00:00,4588.243532444704,1.0631062645176146,U13,10,measured_continuous_week_direct_isic
C14,食品制造业,task_timed,139,2018-02-10T19:00:00,4139.437388988285,0.9591168796280364,U13,10,measured_continuous_week_direct_isic
C14,食品制造业,task_timed,140,2018-02-10T20:00:00,3202.6160971699233,0.7420532959226334,U13,10,measured_continuous_week_direct_isic
C14,食品制造业,task_timed,141,2018-02-10T21:00:00,2143.7937611725274,0.4967217980519781,U13,10,measured_continuous_week_direct_isic
C14,食品制造业,task_timed,142,2018-02-10T22:00:00,2300.655381301516,0.5330669854515355,U13,10,measured_continuous_week_direct_isic
C14,食品制造业,task_timed,143,2018-02-10T23:00:00,1821.3553769270611,0.4220121049442868,U13,10,measured_continuous_week_direct_isic
C14,食品制造业,task_timed,144,2018-02-11T00:00:00,1599.1320054995413,0.37052245392287647,U13,10,measured_continuous_week_direct_isic
C14,食品制造业,task_timed,145,2018-02-11T01:00:00,1350.763202109556,0.31297484797573744,U13,10,measured_continuous_week_direct_isic
C14,食品制造业,task_timed,146,2018-02-11T02:00:00,1555.5562855620979,0.36042586237999513,U13,10,measured_continuous_week_direct_isic
C14,食品制造业,task_timed,147,2018-02-11T03:00:00,1638.3483248356063,0.37960896261900057,U13,10,measured_continuous_week_direct_isic
C14,食品制造业,task_timed,148,2018-02-11T04:00:00,1250.5481892916093,0.2897548058894565,U13,10,measured_continuous_week_direct_isic
C14,食品制造业,task_timed,149,2018-02-11T05:00:00,1568.6344873662354,0.36345611092026736,U13,10,measured_continuous_week_direct_isic
C14,食品制造业,task_timed,150,2018-02-11T06:00:00,1381.2643774581315,0.3200420383632851,U13,10,measured_continuous_week_direct_isic
C14,食品制造业,task_timed,151,2018-02-11T07:00:00,2919.3940322605213,0.6764301115110661,U13,10,measured_continuous_week_direct_isic
C14,食品制造业,task_timed,152,2018-02-11T08:00:00,5764.714826450293,1.3356972884766418,U13,10,measured_continuous_week_direct_isic
C14,食品制造业,task_timed,153,2018-02-11T09:00:00,5795.219659014139,1.3427653262491281,U13,10,measured_continuous_week_direct_isic
C14,食品制造业,task_timed,154,2018-02-11T10:00:00,6884.543170360111,1.5951640145073311,U13,10,measured_continuous_week_direct_isic
C14,食品制造业,task_timed,155,2018-02-11T11:00:00,6862.749824568484,1.5901144476584825,U13,10,measured_continuous_week_direct_isic
C14,食品制造业,task_timed,156,2018-02-11T12:00:00,6806.110531687981,1.576990997115083,U13,10,measured_continuous_week_direct_isic
C14,食品制造业,task_timed,157,2018-02-11T13:00:00,7376.917719323433,1.7092482961699134,U13,10,measured_continuous_week_direct_isic
C14,食品制造业,task_timed,158,2018-02-11T14:00:00,6566.460529500754,1.521463556861459,U13,10,measured_continuous_week_direct_isic
C14,食品制造业,task_timed,159,2018-02-11T15:00:00,6178.656736741487,1.4316085527469762,U13,10,measured_continuous_week_direct_isic
C14,食品制造业,task_timed,160,2018-02-11T16:00:00,7137.264059920936,1.6537200085313506,U13,10,measured_continuous_week_direct_isic
C14,食品制造业,task_timed,161,2018-02-11T17:00:00,5803.931145786358,1.3447837971727659,U13,10,measured_continuous_week_direct_isic
C14,食品制造业,task_timed,162,2018-02-11T18:00:00,4771.250584536158,1.1055094068429008,U13,10,measured_continuous_week_direct_isic
C14,食品制造业,task_timed,163,2018-02-11T19:00:00,5141.620432105178,1.1913249269552924,U13,10,measured_continuous_week_direct_isic
C14,食品制造业,task_timed,164,2018-02-11T20:00:00,4095.8653262661114,0.9490211354700936,U13,10,measured_continuous_week_direct_isic
C14,食品制造业,task_timed,165,2018-02-11T21:00:00,2832.2499068161737,0.6562386231951806,U13,10,measured_continuous_week_direct_isic
C14,食品制造业,task_timed,166,2018-02-11T22:00:00,1873.6389264214545,0.43412632002586743,U13,10,measured_continuous_week_direct_isic
C14,食品制造业,task_timed,167,2018-02-11T23:00:00,1712.4215629063565,0.3967718971644912,U13,10,measured_continuous_week_direct_isic
C15,酒、饮料和精制茶制造业,task_timed,0,2017-11-13T00:00:00,881.5888123489054,0.3760408428408958,U20,11,measured_continuous_week_direct_isic
C15,酒、饮料和精制茶制造业,task_timed,1,2017-11-13T01:00:00,963.5972242758379,0.4110214504768762,U20,11,measured_continuous_week_direct_isic
C15,酒、饮料和精制茶制造业,task_timed,2,2017-11-13T02:00:00,849.6980884800935,0.36243788586769843,U20,11,measured_continuous_week_direct_isic
C15,酒、饮料和精制茶制造业,task_timed,3,2017-11-13T03:00:00,836.0294812037314,0.3566075548464035,U20,11,measured_continuous_week_direct_isic
C15,酒、饮料和精制茶制造业,task_timed,4,2017-11-13T04:00:00,845.1413474327663,0.360494212445302,U20,11,measured_continuous_week_direct_isic
C15,酒、饮料和精制茶制造业,task_timed,5,2017-11-13T05:00:00,847.4181020908103,0.36146535991060574,U20,11,measured_continuous_week_direct_isic
C15,酒、饮料和精制茶制造业,task_timed,6,2017-11-13T06:00:00,599.1161116519687,0.25555238953736054,U20,11,measured_continuous_week_direct_isic
C15,酒、饮料和精制茶制造业,task_timed,7,2017-11-13T07:00:00,685.6796487606089,0.29247598134984304,U20,11,measured_continuous_week_direct_isic
C15,酒、饮料和精制茶制造业,task_timed,8,2017-11-13T08:00:00,2307.6225389755705,0.9843141296257613,U20,11,measured_continuous_week_direct_isic
C15,酒、饮料和精制茶制造业,task_timed,9,2017-11-13T09:00:00,2831.5637344059783,1.2078007324148416,U20,11,measured_continuous_week_direct_isic
C15,酒、饮料和精制茶制造业,task_timed,10,2017-11-13T10:00:00,3102.649430081455,1.323432069900069,U20,11,measured_continuous_week_direct_isic
C15,酒、饮料和精制茶制造业,task_timed,11,2017-11-13T11:00:00,3966.012894106672,1.6916989082972735,U20,11,measured_continuous_week_direct_isic
C15,酒、饮料和精制茶制造业,task_timed,12,2017-11-13T12:00:00,4458.063365668267,1.9015825541131561,U20,11,measured_continuous_week_direct_isic
C15,酒、饮料和精制茶制造业,task_timed,13,2017-11-13T13:00:00,4770.150035575972,2.034702816924585,U20,11,measured_continuous_week_direct_isic
C15,酒、饮料和精制茶制造业,task_timed,14,2017-11-13T14:00:00,4918.221497495431,2.097862553709948,U20,11,measured_continuous_week_direct_isic
C15,酒、饮料和精制茶制造业,task_timed,15,2017-11-13T15:00:00,4899.99776503736,2.0900892385121503,U20,11,measured_continuous_week_direct_isic
C15,酒、饮料和精制茶制造业,task_timed,16,2017-11-13T16:00:00,5002.506664080407,2.133814308811232,U20,11,measured_continuous_week_direct_isic
C15,酒、饮料和精制茶制造业,task_timed,17,2017-11-13T17:00:00,5027.565508109468,2.1445031341426235,U20,11,measured_continuous_week_direct_isic
C15,酒、饮料和精制茶制造业,task_timed,18,2017-11-13T18:00:00,5041.23249952021,2.1503327759180237,U20,11,measured_continuous_week_direct_isic
C15,酒、饮料和精制茶制造业,task_timed,19,2017-11-13T19:00:00,4284.933059719749,1.827733991996403,U20,11,measured_continuous_week_direct_isic
C15,酒、饮料和精制茶制造业,task_timed,20,2017-11-13T20:00:00,1298.4643676889395,0.5538587019084985,U20,11,measured_continuous_week_direct_isic
C15,酒、饮料和精制茶制造业,task_timed,21,2017-11-13T21:00:00,933.9848709306896,0.39839033021487713,U20,11,measured_continuous_week_direct_isic
C15,酒、饮料和精制茶制造业,task_timed,22,2017-11-13T22:00:00,911.2043974252928,0.38867334159468375,U20,11,measured_continuous_week_direct_isic
C15,酒、饮料和精制茶制造业,task_timed,23,2017-11-13T23:00:00,833.7494948144483,0.35563502888931087,U20,11,measured_continuous_week_direct_isic
C15,酒、饮料和精制茶制造业,task_timed,24,2017-11-14T00:00:00,790.4701500585577,0.3371742668519113,U20,11,measured_continuous_week_direct_isic
C15,酒、饮料和精制茶制造业,task_timed,25,2017-11-14T01:00:00,817.8041328800424,0.3488335504027122,U20,11,measured_continuous_week_direct_isic
C15,酒、饮料和精制茶制造业,task_timed,26,2017-11-14T02:00:00,799.5804004219729,0.3410602352049153,U20,11,measured_continuous_week_direct_isic
C15,酒、饮料和精制茶制造业,task_timed,27,2017-11-14T03:00:00,861.0883252327918,0.3672963801777951,U20,11,measured_continuous_week_direct_isic
C15,酒、饮料和精制茶制造业,task_timed,28,2017-11-14T04:00:00,779.0782974402398,0.3323150832959202,U20,11,measured_continuous_week_direct_isic
C15,酒、饮料和精制茶制造业,task_timed,29,2017-11-14T05:00:00,801.8587709456365,0.3420320719161135,U20,11,measured_continuous_week_direct_isic
C15,酒、饮料和精制茶制造业,task_timed,30,2017-11-14T06:00:00,783.635038487567,0.3342587567183167,U20,11,measured_continuous_week_direct_isic
C15,酒、饮料和精制茶制造业,task_timed,31,2017-11-14T07:00:00,806.4155119929637,0.34397574533851,U20,11,measured_continuous_week_direct_isic
C15,酒、饮料和精制茶制造业,task_timed,32,2017-11-14T08:00:00,2182.329934695889,0.930870692214698,U20,11,measured_continuous_week_direct_isic
C15,酒、饮料和精制茶制造业,task_timed,33,2017-11-14T09:00:00,2644.7696687779558,1.1281239070144764,U20,11,measured_continuous_week_direct_isic
C15,酒、饮料和精制茶制造业,task_timed,34,2017-11-14T10:00:00,3683.5385775441155,1.5712097657478439,U20,11,measured_continuous_week_direct_isic
C15,酒、饮料和精制茶制造业,task_timed,35,2017-11-14T11:00:00,4200.647893134771,1.7917822368951182,U20,11,measured_continuous_week_direct_isic
C15,酒、饮料和精制茶制造业,task_timed,36,2017-11-14T12:00:00,5392.0466207333375,2.2999721950821392,U20,11,measured_continuous_week_direct_isic
C15,酒、饮料和精制茶制造业,task_timed,37,2017-11-14T13:00:00,3843.0002762162735,1.639227996843303,U20,11,measured_continuous_week_direct_isic
C15,酒、饮料和精制茶制造业,task_timed,38,2017-11-14T14:00:00,3150.4855158846735,1.343836505359865,U20,11,measured_continuous_week_direct_isic
C15,酒、饮料和精制茶制造业,task_timed,39,2017-11-14T15:00:00,3043.418259928681,1.2981670723924932,U20,11,measured_continuous_week_direct_isic
C15,酒、饮料和精制茶制造业,task_timed,40,2017-11-14T16:00:00,4216.593255069177,1.7985837153817168,U20,11,measured_continuous_week_direct_isic
C15,酒、饮料和精制茶制造业,task_timed,41,2017-11-14T17:00:00,4742.814436888868,2.02304284412789,U20,11,measured_continuous_week_direct_isic
C15,酒、饮料和精制茶制造业,task_timed,42,2017-11-14T18:00:00,4888.605912419043,2.0852300549561593,U20,11,measured_continuous_week_direct_isic
C15,酒、饮料和精制茶制造业,task_timed,43,2017-11-14T19:00:00,4232.540232869203,1.80538588311421,U20,11,measured_continuous_week_direct_isic
C15,酒、饮料和精制茶制造业,task_timed,44,2017-11-14T20:00:00,1139.0042848824014,0.4858411600589339,U20,11,measured_continuous_week_direct_isic
C15,酒、饮料和精制茶制造业,task_timed,45,2017-11-14T21:00:00,842.8645927747223,0.3595230649799982,U20,11,measured_continuous_week_direct_isic
C15,酒、饮料和精制茶制造业,task_timed,46,2017-11-14T22:00:00,863.3666957564553,0.3682682168889933,U20,11,measured_continuous_week_direct_isic
C15,酒、饮料和精制茶制造业,task_timed,47,2017-11-14T23:00:00,872.4769461198706,0.37215418524199734,U20,11,measured_continuous_week_direct_isic
C15,酒、饮料和精制茶制造业,task_timed,48,2017-11-15T00:00:00,829.1959854983604,0.3536927339587033,U20,11,measured_continuous_week_direct_isic
C15,酒、饮料和精制茶制造业,task_timed,49,2017-11-15T01:00:00,806.4155119929637,0.34397574533851,U20,11,measured_continuous_week_direct_isic
C15,酒、饮料和精制茶制造业,task_timed,50,2017-11-15T02:00:00,804.1371414693001,0.3430039086273118,U20,11,measured_continuous_week_direct_isic
C15,酒、饮料和精制茶制造业,task_timed,51,2017-11-15T03:00:00,804.1355256036803,0.34300321938141726,U20,11,measured_continuous_week_direct_isic
C15,酒、饮料和精制茶制造业,task_timed,52,2017-11-15T04:00:00,799.5820162875925,0.34106092445080977,U20,11,measured_continuous_week_direct_isic
C15,酒、饮料和精制茶制造业,task_timed,53,2017-11-15T05:00:00,831.474356022024,0.3546645706699016,U20,11,measured_continuous_week_direct_isic
C15,酒、饮料和精制茶制造业,task_timed,54,2017-11-15T06:00:00,790.4701500585577,0.3371742668519113,U20,11,measured_continuous_week_direct_isic
C15,酒、饮料和精制茶制造业,task_timed,55,2017-11-15T07:00:00,799.5820162875924,0.3410609244508097,U20,11,measured_continuous_week_direct_isic
C15,酒、饮料和精制茶制造业,task_timed,56,2017-11-15T08:00:00,2724.4980943156042,1.1621319886933639,U20,11,measured_continuous_week_direct_isic
C15,酒、饮料和精制茶制造业,task_timed,57,2017-11-15T09:00:00,3407.9026042837895,1.4536375118237979,U20,11,measured_continuous_week_direct_isic
C15,酒、饮料和精制茶制造业,task_timed,58,2017-11-15T10:00:00,4515.0145494317585,1.9258750256636397,U20,11,measured_continuous_week_direct_isic
C15,酒、饮料和精制茶制造业,task_timed,59,2017-11-15T11:00:00,4897.717778648079,2.0891167125550583,U20,11,measured_continuous_week_direct_isic
C15,酒、饮料和精制茶制造业,task_timed,60,2017-11-15T12:00:00,4947.835466706199,2.1104943632178412,U20,11,measured_continuous_week_direct_isic
C15,酒、饮料和精制茶制造业,task_timed,61,2017-11-15T13:00:00,4831.656344521171,2.060938272651571,U20,11,measured_continuous_week_direct_isic
C15,酒、饮料和精制茶制造业,task_timed,62,2017-11-15T14:00:00,4781.541888194291,2.0395620004805766,U20,11,measured_continuous_week_direct_isic
C15,酒、饮料和精制茶制造业,task_timed,63,2017-11-15T15:00:00,4745.09280741253,2.024014680839088,U20,11,measured_continuous_week_direct_isic
C15,酒、饮料和精制茶制造业,task_timed,64,2017-11-15T16:00:00,4822.544478292137,2.0570516150526723,U20,11,measured_continuous_week_direct_isic
C15,酒、饮料和精制茶制造业,task_timed,65,2017-11-15T17:00:00,4861.2703137319395,2.0735700821594643,U20,11,measured_continuous_week_direct_isic
C15,酒、饮料和精制茶制造业,task_timed,66,2017-11-15T18:00:00,4952.390591887906,2.112437347394343,U20,11,measured_continuous_week_direct_isic
C15,酒、饮料和精制茶制造业,task_timed,67,2017-11-15T19:00:00,4052.578047080932,1.7286231893556505,U20,11,measured_continuous_week_direct_isic
C15,酒、饮料和精制茶制造业,task_timed,68,2017-11-15T20:00:00,945.3734918177684,0.4032481352790793,U20,11,measured_continuous_week_direct_isic
C15,酒、饮料和精制茶制造业,task_timed,69,2017-11-15T21:00:00,769.966431211205,0.32842842569702174,U20,11,measured_continuous_week_direct_isic
C15,酒、饮料和精制茶制造业,task_timed,70,2017-11-15T22:00:00,774.5231722585321,0.33037209911941817,U20,11,measured_continuous_week_direct_isic
C15,酒、饮料和精制茶制造业,task_timed,71,2017-11-15T23:00:00,754.021069276799,0.32162694721042306,U20,11,measured_continuous_week_direct_isic
C15,酒、饮料和精制茶制造业,task_timed,72,2017-11-16T00:00:00,765.4129218951169,0.3264861307664142,U20,11,measured_continuous_week_direct_isic
C15,酒、饮料和精制茶制造业,task_timed,73,2017-11-16T01:00:00,760.8545649821702,0.3245417680981233,U20,11,measured_continuous_week_direct_isic
C15,酒、饮料和精制茶制造业,task_timed,74,2017-11-16T02:00:00,749.4643282294718,0.3196832737880266,U20,11,measured_continuous_week_direct_isic
C15,酒、饮料和精制茶制造业,task_timed,75,2017-11-16T03:00:00,742.6324483897201,0.3167691421462208,U20,11,measured_continuous_week_direct_isic
C15,酒、饮料和精制茶制造业,task_timed,76,2017-11-16T04:00:00,756.2994398004626,0.3225987839216213,U20,11,measured_continuous_week_direct_isic
C15,酒、饮料和精制茶制造业,task_timed,77,2017-11-16T05:00:00,756.2978239348431,0.32259809467572687,U20,11,measured_continuous_week_direct_isic
C15,酒、饮料和精制茶制造业,task_timed,78,2017-11-16T06:00:00,788.1917795348942,0.3362024301407131,U20,11,measured_continuous_week_direct_isic
C15,酒、饮料和精制茶制造业,task_timed,79,2017-11-16T07:00:00,820.0841192693256,0.3498060763598049,U20,11,measured_continuous_week_direct_isic
C15,酒、饮料和精制茶制造业,task_timed,80,2017-11-16T08:00:00,2667.546910552113,1.1378395171428806,U20,11,measured_continuous_week_direct_isic
C15,酒、饮料和精制茶制造业,task_timed,81,2017-11-16T09:00:00,3637.9792463989415,1.5517764777533516,U20,11,measured_continuous_week_direct_isic
C15,酒、饮料和精制茶制造业,task_timed,82,2017-11-16T10:00:00,4403.390552428439,1.8782619192738714,U20,11,measured_continuous_week_direct_isic
C15,酒、饮料和精制茶制造业,task_timed,83,2017-11-16T11:00:00,4813.432612063103,2.0531649574537743,U20,11,measured_continuous_week_direct_isic
C15,酒、饮料和精制茶制造业,task_timed,84,2017-11-16T12:00:00,4997.951538898699,2.1318713246347296,U20,11,measured_continuous_week_direct_isic
C15,酒、饮料和精制茶制造业,task_timed,85,2017-11-16T13:00:00,5064.012973025607,2.160049764538217,U20,11,measured_continuous_week_direct_isic
C15,酒、饮料和精制茶制造业,task_timed,86,2017-11-16T14:00:00,4776.985147146962,2.03761832705818,U20,11,measured_continuous_week_direct_isic
C15,酒、饮料和精制茶制造业,task_timed,87,2017-11-16T15:00:00,4925.053377335183,2.1007766853517533,U20,11,measured_continuous_week_direct_isic
C15,酒、饮料和精制茶制造业,task_timed,88,2017-11-16T16:00:00,4920.499868019096,2.098834390421146,U20,11,measured_continuous_week_direct_isic
C15,酒、饮料和精制茶制造业,task_timed,89,2017-11-16T17:00:00,4852.160063368524,2.0696841138064603,U20,11,measured_continuous_week_direct_isic
C15,酒、饮料和精制茶制造业,task_timed,90,2017-11-16T18:00:00,4977.449435916968,2.123126172725735,U20,11,measured_continuous_week_direct_isic
C15,酒、饮料和精制茶制造业,task_timed,91,2017-11-16T19:00:00,4478.565468650001,1.910327706022152,U20,11,measured_continuous_week_direct_isic
C15,酒、饮料和精制茶制造业,task_timed,92,2017-11-16T20:00:00,1246.0699249727747,0.5315099037804115,U20,11,measured_continuous_week_direct_isic
C15,酒、饮料和精制茶制造业,task_timed,93,2017-11-16T21:00:00,863.3650798908359,0.3682675276430989,U20,11,measured_continuous_week_direct_isic
C15,酒、饮料和精制茶制造业,task_timed,94,2017-11-16T22:00:00,851.9748431381374,0.3634090333330022,U20,11,measured_continuous_week_direct_isic
C15,酒、饮料和精制茶制造业,task_timed,95,2017-11-16T23:00:00,790.4701500585577,0.3371742668519113,U20,11,measured_continuous_week_direct_isic
C15,酒、饮料和精制茶制造业,task_timed,96,2017-11-17T00:00:00,781.3566679639033,0.3332869200071184,U20,11,measured_continuous_week_direct_isic
C15,酒、饮料和精制茶制造业,task_timed,97,2017-11-17T01:00:00,763.1329355058338,0.3255136048093215,U20,11,measured_continuous_week_direct_isic
C15,酒、饮料和精制茶制造业,task_timed,98,2017-11-17T02:00:00,765.4113060294974,0.3264854415205197,U20,11,measured_continuous_week_direct_isic
C15,酒、饮料和精制茶制造业,task_timed,99,2017-11-17T03:00:00,795.0252752402653,0.3391172510284133,U20,11,measured_continuous_week_direct_isic
C15,酒、饮料和精制茶制造业,task_timed,100,2017-11-17T04:00:00,804.1355256036803,0.34300321938141726,U20,11,measured_continuous_week_direct_isic
C15,酒、饮料和精制茶制造业,task_timed,101,2017-11-17T05:00:00,769.9680470768246,0.3284291149429162,U20,11,measured_continuous_week_direct_isic
C15,酒、饮料和精制茶制造业,task_timed,102,2017-11-17T06:00:00,769.966431211205,0.32842842569702174,U20,11,measured_continuous_week_direct_isic
C15,酒、饮料和精制茶制造业,task_timed,103,2017-11-17T07:00:00,824.6392444510333,0.3517490605363069,U20,11,measured_continuous_week_direct_isic
C15,酒、饮料和精制茶制造业,task_timed,104,2017-11-17T08:00:00,2683.4938883521386,1.1446416848753738,U20,11,measured_continuous_week_direct_isic
C15,酒、饮料和精制茶制造业,task_timed,105,2017-11-17T09:00:00,3585.584803682777,1.5294276796252646,U20,11,measured_continuous_week_direct_isic
C15,酒、饮料和精制茶制造业,task_timed,106,2017-11-17T10:00:00,4519.568058747846,1.927817320594247,U20,11,measured_continuous_week_direct_isic
C15,酒、饮料和精制茶制造业,task_timed,107,2017-11-17T11:00:00,5007.063405127735,2.135757982233628,U20,11,measured_continuous_week_direct_isic
C15,酒、饮料和精制茶制造业,task_timed,108,2017-11-17T12:00:00,5059.45623197828,2.1581060911158207,U20,11,measured_continuous_week_direct_isic
C15,酒、饮料和精制茶制造业,task_timed,109,2017-11-17T13:00:00,4922.776622677138,2.0998055378864495,U20,11,measured_continuous_week_direct_isic
C15,酒、饮料和精制茶制造业,task_timed,110,2017-11-17T14:00:00,4966.059199164268,2.118267678415638,U20,11,measured_continuous_week_direct_isic
C15,酒、饮料和精制茶制造业,task_timed,111,2017-11-17T15:00:00,4979.726190575011,2.1240973201910385,U20,11,measured_continuous_week_direct_isic
C15,酒、饮料和精制茶制造业,task_timed,112,2017-11-17T16:00:00,4991.116427327709,2.128955814501135,U20,11,measured_continuous_week_direct_isic
C15,酒、饮料和精制茶制造业,task_timed,113,2017-11-17T17:00:00,5050.345981614865,2.154220122762817,U20,11,measured_continuous_week_direct_isic
C15,酒、饮料和精制茶制造业,task_timed,114,2017-11-17T18:00:00,4893.162653466371,2.087173728378556,U20,11,measured_continuous_week_direct_isic
C15,酒、饮料和精制茶制造业,task_timed,115,2017-11-17T19:00:00,4435.28289216287,1.8918655654929628,U20,11,measured_continuous_week_direct_isic
C15,酒、饮料和精制茶制造业,task_timed,116,2017-11-17T20:00:00,1227.8478083803248,0.5237372778285091,U20,11,measured_continuous_week_direct_isic
C15,酒、饮料和精制茶制造业,task_timed,117,2017-11-17T21:00:00,856.5315841854647,0.36535270675539866,U20,11,measured_continuous_week_direct_isic
C15,酒、饮料和精制茶制造业,task_timed,118,2017-11-17T22:00:00,847.4197179564298,0.3614660491565002,U20,11,measured_continuous_week_direct_isic
C15,酒、饮料和精制茶制造业,task_timed,119,2017-11-17T23:00:00,927.1481434940792,0.395474130835388,U20,11,measured_continuous_week_direct_isic
C15,酒、饮料和精制茶制造业,task_timed,120,2017-11-18T00:00:00,813.2506235639544,0.34689125547210464,U20,11,measured_continuous_week_direct_isic
C15,酒、饮料和精制茶制造业,task_timed,121,2017-11-18T01:00:00,790.4685341929381,0.33717357760601685,U20,11,measured_continuous_week_direct_isic
C15,酒、饮料和精制茶制造业,task_timed,122,2017-11-18T02:00:00,795.0252752402653,0.3391172510284133,U20,11,measured_continuous_week_direct_isic
C15,酒、饮料和精制茶制造业,task_timed,123,2017-11-18T03:00:00,790.4685341929381,0.33717357760601685,U20,11,measured_continuous_week_direct_isic
C15,酒、饮料和精制茶制造业,task_timed,124,2017-11-18T04:00:00,785.9134090112304,0.33523059342951483,U20,11,measured_continuous_week_direct_isic
C15,酒、饮料和精制茶制造业,task_timed,125,2017-11-18T05:00:00,829.1959854983604,0.3536927339587033,U20,11,measured_continuous_week_direct_isic
C15,酒、饮料和精制茶制造业,task_timed,126,2017-11-18T06:00:00,820.0825034037059,0.3498053871139104,U20,11,measured_continuous_week_direct_isic
C15,酒、饮料和精制茶制造业,task_timed,127,2017-11-18T07:00:00,847.4197179564298,0.3614660491565002,U20,11,measured_continuous_week_direct_isic
C15,酒、饮料和精制茶制造业,task_timed,128,2017-11-18T08:00:00,2697.162495628501,1.1504720158966688,U20,11,measured_continuous_week_direct_isic
C15,酒、饮料和精制茶制造业,task_timed,129,2017-11-18T09:00:00,3806.5511954345143,1.6236806772018146,U20,11,measured_continuous_week_direct_isic
C15,酒、饮料和精制茶制造业,task_timed,130,2017-11-18T10:00:00,4549.1836438242335,1.940449819348035,U20,11,measured_continuous_week_direct_isic
C15,酒、饮料和精制茶制造业,task_timed,131,2017-11-18T11:00:00,5057.1794773202355,2.157134943650517,U20,11,measured_continuous_week_direct_isic
C15,酒、饮料和精制茶制造业,task_timed,132,2017-11-18T12:00:00,4995.673168375037,2.1308994879235317,U20,11,measured_continuous_week_direct_isic
C15,酒、饮料和精制茶制造业,task_timed,133,2017-11-18T13:00:00,4897.717778648079,2.0891167125550583,U20,11,measured_continuous_week_direct_isic
C15,酒、饮料和精制茶制造业,task_timed,134,2017-11-18T14:00:00,4890.885898808327,2.0862025809132523,U20,11,measured_continuous_week_direct_isic
C15,酒、饮料和精制茶制造业,task_timed,135,2017-11-18T15:00:00,4831.65796038679,2.060938961897465,U20,11,measured_continuous_week_direct_isic
C15,酒、饮料和精制茶制造业,task_timed,136,2017-11-18T16:00:00,4772.428406099635,2.0356746536357835,U20,11,measured_continuous_week_direct_isic
C15,酒、饮料和精制茶制造业,task_timed,137,2017-11-18T17:00:00,4749.647932594239,2.02595766501559,U20,11,measured_continuous_week_direct_isic
C15,酒、饮料和精制茶制造业,task_timed,138,2017-11-18T18:00:00,4742.814436888868,2.02304284412789,U20,11,measured_continuous_week_direct_isic
C15,酒、饮料和精制茶制造业,task_timed,139,2017-11-18T19:00:00,4280.37955040366,1.825791697065795,U20,11,measured_continuous_week_direct_isic
C15,酒、饮料和精制茶制造业,task_timed,140,2017-11-18T20:00:00,1088.8865968242808,0.4644635093961508,U20,11,measured_continuous_week_direct_isic
C15,酒、饮料和精制茶制造业,task_timed,141,2017-11-18T21:00:00,756.2994398004626,0.3225987839216213,U20,11,measured_continuous_week_direct_isic
C15,酒、饮料和精制茶制造业,task_timed,142,2017-11-18T22:00:00,738.075707342393,0.3148254687238244,U20,11,measured_continuous_week_direct_isic
C15,酒、饮料和精制茶制造业,task_timed,143,2017-11-18T23:00:00,767.689676553161,0.327457278231718,U20,11,measured_continuous_week_direct_isic
C15,酒、饮料和精制茶制造业,task_timed,144,2017-11-19T00:00:00,744.9075871821447,0.31773960036563015,U20,11,measured_continuous_week_direct_isic
C15,酒、饮料和精制茶制造业,task_timed,145,2017-11-19T01:00:00,738.075707342393,0.3148254687238244,U20,11,measured_continuous_week_direct_isic
C15,酒、饮料和精制茶制造业,task_timed,146,2017-11-19T02:00:00,728.9622252477386,0.31093812187903147,U20,11,measured_continuous_week_direct_isic
C15,酒、饮料和精制茶制造业,task_timed,147,2017-11-19T03:00:00,728.9622252477386,0.31093812187903147,U20,11,measured_continuous_week_direct_isic
C15,酒、饮料和精制茶制造业,task_timed,148,2017-11-19T04:00:00,733.5205821606854,0.31288248454732237,U20,11,measured_continuous_week_direct_isic
C15,酒、饮料和精制茶制造业,task_timed,149,2017-11-19T05:00:00,728.9638411133582,0.3109388111249259,U20,11,measured_continuous_week_direct_isic
C15,酒、饮料和精制茶制造业,task_timed,150,2017-11-19T06:00:00,733.5189662950659,0.31288179530142796,U20,11,measured_continuous_week_direct_isic
C15,酒、饮料和精制茶制造业,task_timed,151,2017-11-19T07:00:00,665.1775457788757,0.28373082944084793,U20,11,measured_continuous_week_direct_isic
C15,酒、饮料和精制茶制造业,task_timed,152,2017-11-19T08:00:00,952.2086033887591,0.406163645412674,U20,11,measured_continuous_week_direct_isic
C15,酒、饮料和精制茶制造业,task_timed,153,2017-11-19T09:00:00,922.5930183123717,0.393531146658886,U20,11,measured_continuous_week_direct_isic
C15,酒、饮料和精制茶制造业,task_timed,154,2017-11-19T10:00:00,933.9816391994503,0.3983889517230882,U20,11,measured_continuous_week_direct_isic
C15,酒、饮料和精制茶制造业,task_timed,155,2017-11-19T11:00:00,826.9176149746968,0.3527208972475051,U20,11,measured_continuous_week_direct_isic
C15,酒、饮料和精制茶制造业,task_timed,156,2017-11-19T12:00:00,851.9748431381374,0.3634090333330022,U20,11,measured_continuous_week_direct_isic
C15,酒、饮料和精制茶制造业,task_timed,157,2017-11-19T13:00:00,838.3078517273951,0.35757939155760177,U20,11,measured_continuous_week_direct_isic
C15,酒、饮料和精制茶制造业,task_timed,158,2017-11-19T14:00:00,847.4197179564298,0.3614660491565002,U20,11,measured_continuous_week_direct_isic
C15,酒、饮料和精制茶制造业,task_timed,159,2017-11-19T15:00:00,872.4785619854903,0.3721548744878918,U20,11,measured_continuous_week_direct_isic
C15,酒、饮料和精制茶制造业,task_timed,160,2017-11-19T16:00:00,845.1397315671467,0.36049352319940753,U20,11,measured_continuous_week_direct_isic
C15,酒、饮料和精制茶制造业,task_timed,161,2017-11-19T17:00:00,797.3036457639288,0.3400890877396115,U20,11,measured_continuous_week_direct_isic
C15,酒、饮料和精制茶制造业,task_timed,162,2017-11-19T18:00:00,874.7537007779146,0.3731253327073011,U20,11,measured_continuous_week_direct_isic
C15,酒、饮料和精制茶制造业,task_timed,163,2017-11-19T19:00:00,833.7511106800679,0.3556357181352053,U20,11,measured_continuous_week_direct_isic
C15,酒、饮料和精制茶制造业,task_timed,164,2017-11-19T20:00:00,813.2506235639544,0.34689125547210464,U20,11,measured_continuous_week_direct_isic
C15,酒、饮料和精制茶制造业,task_timed,165,2017-11-19T21:00:00,804.1371414693001,0.3430039086273118,U20,11,measured_continuous_week_direct_isic
C15,酒、饮料和精制茶制造业,task_timed,166,2017-11-19T22:00:00,847.4197179564298,0.3614660491565002,U20,11,measured_continuous_week_direct_isic
C15,酒、饮料和精制茶制造业,task_timed,167,2017-11-19T23:00:00,744.9092030477642,0.3177402896115246,U20,11,measured_continuous_week_direct_isic
C16,烟草制品业,task_timed,0,2020-07-13T00:00:00,466.0849094850671,0.7751294997820618,U77,22,measured_continuous_week_archetype_proxy
C16,烟草制品业,task_timed,1,2020-07-13T01:00:00,467.6921378496112,0.7778024250214156,U77,22,measured_continuous_week_archetype_proxy
C16,烟草制品业,task_timed,2,2020-07-13T02:00:00,448.40572079601714,0.7457278598528998,U77,22,measured_continuous_week_archetype_proxy
C16,烟草制品业,task_timed,3,2020-07-13T03:00:00,462.8704527559791,0.7697836493033543,U77,22,measured_continuous_week_archetype_proxy
C16,烟草制品业,task_timed,4,2020-07-13T04:00:00,451.6208241669739,0.7510747857390664,U77,22,measured_continuous_week_archetype_proxy
C16,烟草制品业,task_timed,5,2020-07-13T05:00:00,460.46009519056446,0.7657750679999178,U77,22,measured_continuous_week_archetype_proxy
C16,烟草制品业,task_timed,6,2020-07-13T06:00:00,434.74476467879435,0.723008801873987,U77,22,measured_continuous_week_archetype_proxy
C16,烟草制品业,task_timed,7,2020-07-13T07:00:00,457.2456384614765,0.7604292175212104,U77,22,measured_continuous_week_archetype_proxy
C16,烟草制品业,task_timed,8,2020-07-13T08:00:00,645.2868306200473,1.073153942673389,U77,22,measured_continuous_week_archetype_proxy
C16,烟草制品业,task_timed,9,2020-07-13T09:00:00,752.9682211560884,1.2522350943765261,U77,22,measured_continuous_week_archetype_proxy
C16,烟草制品业,task_timed,10,2020-07-13T10:00:00,794.7555119923645,1.3217300751922654,U77,22,measured_continuous_week_archetype_proxy
C16,烟草制品业,task_timed,11,2020-07-13T11:00:00,755.3789020424373,1.2562442133836922,U77,22,measured_continuous_week_archetype_proxy
C16,烟草制品业,task_timed,12,2020-07-13T12:00:00,609.1246773992082,1.0130139313435231,U77,22,measured_continuous_week_archetype_proxy
C16,烟草制品业,task_timed,13,2020-07-13T13:00:00,708.7708960753321,1.1787320699610802,U77,22,measured_continuous_week_archetype_proxy
C16,烟草制品业,task_timed,14,2020-07-13T14:00:00,756.1826778851764,1.2575809448552338,U77,22,measured_continuous_week_archetype_proxy
C16,烟草制品业,task_timed,15,2020-07-13T15:00:00,788.3265985341885,1.3110383742348504,U77,22,measured_continuous_week_archetype_proxy
C16,烟草制品业,task_timed,16,2020-07-13T16:00:00,831.7207944140742,1.3832057425862136,U77,22,measured_continuous_week_archetype_proxy
C16,烟草制品业,task_timed,17,2020-07-13T17:00:00,817.2557391331779,1.3591494154320296,U77,22,measured_continuous_week_archetype_proxy
C16,烟草制品业,task_timed,18,2020-07-13T18:00:00,620.374952630082,1.03172387031527,U77,22,measured_continuous_week_archetype_proxy
C16,烟草制品业,task_timed,19,2020-07-13T19:00:00,648.500964028201,1.0784992554483668,U77,22,measured_continuous_week_archetype_proxy
C16,烟草制品业,task_timed,20,2020-07-13T20:00:00,564.9273523184518,0.939510906928077,U77,22,measured_continuous_week_archetype_proxy
C16,烟草制品业,task_timed,21,2020-07-13T21:00:00,551.2657495593604,0.9167907735417054,U77,22,measured_continuous_week_archetype_proxy
C16,烟草制品业,task_timed,22,2020-07-13T22:00:00,508.6756528431481,0.8459606743656131,U77,22,measured_continuous_week_archetype_proxy
C16,烟草制品业,task_timed,23,2020-07-13T23:00:00,507.871877000409,0.8446239428940715,U77,22,measured_continuous_week_archetype_proxy
C16,烟草制品业,task_timed,24,2020-07-14T00:00:00,495.81814924773016,0.8245778101545124,U77,22,measured_continuous_week_archetype_proxy
C16,烟草制品业,task_timed,25,2020-07-14T01:00:00,503.0508385486455,0.8366062425834692,U77,22,measured_continuous_week_archetype_proxy
C16,烟草制品业,task_timed,26,2020-07-14T02:00:00,499.83638181955746,0.8312603921047617,U77,22,measured_continuous_week_archetype_proxy
C16,烟草制品业,task_timed,27,2020-07-14T03:00:00,470.10281873596006,0.7818115440285816,U77,22,measured_continuous_week_archetype_proxy
C16,烟草制品业,task_timed,28,2020-07-14T04:00:00,458.8528668260205,0.7631021427605641,U77,22,measured_continuous_week_archetype_proxy
C16,烟草制品业,task_timed,29,2020-07-14T05:00:00,445.99536323060255,0.7417192785494634,U77,22,measured_continuous_week_archetype_proxy
C16,烟草制品业,task_timed,30,2020-07-14T06:00:00,467.6924611705454,0.777802962725145,U77,22,measured_continuous_week_archetype_proxy
C16,烟草制品业,task_timed,31,2020-07-14T07:00:00,511.0863337294969,0.8499697933727789,U77,22,measured_continuous_week_archetype_proxy
C16,烟草制品业,task_timed,32,2020-07-14T08:00:00,671.0018378108832,1.1159196710955903,U77,22,measured_continuous_week_archetype_proxy
C16,烟草制品业,task_timed,33,2020-07-14T09:00:00,758.5933587715252,1.2615900638623996,U77,22,measured_continuous_week_archetype_proxy
C16,烟草制品业,task_timed,34,2020-07-14T10:00:00,823.6849759122883,1.3698416540931742,U77,22,measured_continuous_week_archetype_proxy
C16,烟草制品业,task_timed,35,2020-07-14T11:00:00,777.0763233033144,1.2923284352631033,U77,22,measured_continuous_week_archetype_proxy
C16,烟草制品业,task_timed,36,2020-07-14T12:00:00,596.2674971247245,0.9916316048361519,U77,22,measured_continuous_week_archetype_proxy
C16,烟草制品业,task_timed,37,2020-07-14T13:00:00,694.3058407944359,1.1546757428068963,U77,22,measured_continuous_week_archetype_proxy
C16,烟草制品业,task_timed,38,2020-07-14T14:00:00,757.7899062497205,1.2602538700945876,U77,22,measured_continuous_week_archetype_proxy
C16,烟草制品业,task_timed,39,2020-07-14T15:00:00,769.0401814805942,1.2789638090663342,U77,22,measured_continuous_week_archetype_proxy
C16,烟草制品业,task_timed,40,2020-07-14T16:00:00,810.0236964741313,1.347122058410532,U77,22,measured_continuous_week_archetype_proxy
C16,烟草制品业,task_timed,41,2020-07-14T17:00:00,766.6295005942454,1.2749546900591684,U77,22,measured_continuous_week_archetype_proxy
C16,烟草制品业,task_timed,42,2020-07-14T18:00:00,623.5897326801044,1.037070258497707,U77,22,measured_continuous_week_archetype_proxy
C16,烟草制品业,task_timed,43,2020-07-14T19:00:00,585.8206744156555,0.9742578596322171,U77,22,measured_continuous_week_archetype_proxy
C16,烟草制品业,task_timed,44,2020-07-14T20:00:00,550.4622970375556,0.9154545797738932,U77,22,measured_continuous_week_archetype_proxy
C16,烟草制品业,task_timed,45,2020-07-14T21:00:00,523.9438373249149,0.8713526575838796,U77,22,measured_continuous_week_archetype_proxy
C16,烟草制品业,task_timed,46,2020-07-14T22:00:00,482.15686980957304,0.80185821447187,U77,22,measured_continuous_week_archetype_proxy
C16,烟草制品业,task_timed,47,2020-07-14T23:00:00,477.33518471594095,0.7938394387538087,U77,22,measured_continuous_week_archetype_proxy
C16,烟草制品业,task_timed,48,2020-07-15T00:00:00,478.9427364014193,0.7965129016968919,U77,22,measured_continuous_week_archetype_proxy
C16,烟草制品业,task_timed,49,2020-07-15T01:00:00,466.08458616413276,0.7751289620783323,U77,22,measured_continuous_week_archetype_proxy
C16,烟草制品业,task_timed,50,2020-07-15T02:00:00,464.47768112052313,0.7724565745427081,U77,22,measured_continuous_week_archetype_proxy
C16,烟草制品业,task_timed,51,2020-07-15T03:00:00,462.8704527559791,0.7697836493033543,U77,22,measured_continuous_week_archetype_proxy
C16,烟草制品业,task_timed,52,2020-07-15T04:00:00,459.65599602689105,0.7644377988246468,U77,22,measured_continuous_week_archetype_proxy
C16,烟草制品业,task_timed,53,2020-07-15T05:00:00,450.8167250033003,0.7497375165637952,U77,22,measured_continuous_week_archetype_proxy
C16,烟草制品业,task_timed,54,2020-07-15T06:00:00,481.35309396683385,0.8005214830003283,U77,22,measured_continuous_week_archetype_proxy
C16,烟草制品业,task_timed,55,2020-07-15T07:00:00,488.5857832677492,0.8125499154292851,U77,22,measured_continuous_week_archetype_proxy
C16,烟草制品业,task_timed,56,2020-07-15T08:00:00,687.877250657194,1.1439845795532106,U77,22,measured_continuous_week_archetype_proxy
C16,烟草制品业,task_timed,57,2020-07-15T09:00:00,752.1647686342835,1.2508989006087141,U77,22,measured_continuous_week_archetype_proxy
C16,烟草制品业,task_timed,58,2020-07-15T10:00:00,801.9875546514111,1.3337574322137629,U77,22,measured_continuous_week_archetype_proxy
C16,烟草制品业,task_timed,59,2020-07-15T11:00:00,851.8106639894729,1.4166165015225411,U77,22,measured_continuous_week_archetype_proxy
C16,烟草制品业,task_timed,60,2020-07-15T12:00:00,602.6960872619665,1.0023227680898377,U77,22,measured_continuous_week_archetype_proxy
C16,烟草制品业,task_timed,61,2020-07-15T13:00:00,755.3795486843059,1.256245288791151,U77,22,measured_continuous_week_archetype_proxy
C16,烟草制品业,task_timed,62,2020-07-15T14:00:00,826.095333477703,1.3738502353966107,U77,22,measured_continuous_week_archetype_proxy
C16,烟草制品业,task_timed,63,2020-07-15T15:00:00,811.630601517741,1.3497944459461562,U77,22,measured_continuous_week_archetype_proxy
C16,烟草制品业,task_timed,64,2020-07-15T16:00:00,856.6320257621708,1.4246347395368733,U77,22,measured_continuous_week_archetype_proxy
C16,烟草制品业,task_timed,65,2020-07-15T17:00:00,810.0233731531971,1.3471215207068026,U77,22,measured_continuous_week_archetype_proxy
C16,烟草制品业,task_timed,66,2020-07-15T18:00:00,640.4648222054809,1.065134629251598,U77,22,measured_continuous_week_archetype_proxy
C16,烟草制品业,task_timed,67,2020-07-15T19:00:00,611.5356816064913,1.0170235880544185,U77,22,measured_continuous_week_archetype_proxy
C16,烟草制品业,task_timed,68,2020-07-15T20:00:00,599.4816305328783,0.99697691761113,U77,22,measured_continuous_week_archetype_proxy
C16,烟草制品业,task_timed,69,2020-07-15T21:00:00,570.5528132548231,0.9488664141176802,U77,22,measured_continuous_week_archetype_proxy
C16,烟草制品业,task_timed,70,2020-07-15T22:00:00,511.08633372949697,0.849969793372779,U77,22,measured_continuous_week_archetype_proxy
C16,烟草制品业,task_timed,71,2020-07-15T23:00:00,507.8722003213433,0.844624480597801,U77,22,measured_continuous_week_archetype_proxy
C16,烟草制品业,task_timed,72,2020-07-16T00:00:00,503.05051522771106,0.8366057048797395,U77,22,measured_continuous_week_archetype_proxy
C16,烟草制品业,task_timed,73,2020-07-16T01:00:00,498.228830134079,0.8285869291616782,U77,22,measured_continuous_week_archetype_proxy
C16,烟草制品业,task_timed,74,2020-07-16T02:00:00,486.174779060466,0.8085402587183897,U77,22,measured_continuous_week_archetype_proxy
C16,烟草制品业,task_timed,75,2020-07-16T03:00:00,490.9964641540981,0.8165590344364511,U77,22,measured_continuous_week_archetype_proxy
C16,烟草制品业,task_timed,76,2020-07-16T04:00:00,488.5857832677492,0.8125499154292851,U77,22,measured_continuous_week_archetype_proxy
C16,烟草制品业,task_timed,77,2020-07-16T05:00:00,491.7999166759029,0.8178952282042632,U77,22,measured_continuous_week_archetype_proxy
C16,烟草制品业,task_timed,78,2020-07-16T06:00:00,499.0326059768183,0.82992366063322,U77,22,measured_continuous_week_archetype_proxy
C16,烟草制品业,task_timed,79,2020-07-16T07:00:00,531.1758799839615,0.8833800146053774,U77,22,measured_continuous_week_archetype_proxy
C16,烟草制品业,task_timed,80,2020-07-16T08:00:00,732.8783515806895,1.2188243354401982,U77,22,measured_continuous_week_archetype_proxy
C16,烟草制品业,task_timed,81,2020-07-16T09:00:00,814.8450582468291,1.3551402964248638,U77,22,measured_continuous_week_archetype_proxy
C16,烟草制品业,task_timed,82,2020-07-16T10:00:00,840.5603887585993,1.3979065625507947,U77,22,measured_continuous_week_archetype_proxy
C16,烟草制品业,task_timed,83,2020-07-16T11:00:00,739.3069417179313,1.2295154986938839,U77,22,measured_continuous_week_archetype_proxy
C16,烟草制品业,task_timed,84,2020-07-16T12:00:00,607.5174490346641,1.0103410061041693,U77,22,measured_continuous_week_archetype_proxy
C16,烟草制品业,task_timed,85,2020-07-16T13:00:00,702.3416592962215,1.1680398312999354,U77,22,measured_continuous_week_archetype_proxy
C16,烟草制品业,task_timed,86,2020-07-16T14:00:00,750.5575402697394,1.24822597536936,U77,22,measured_continuous_week_archetype_proxy
C16,烟草制品业,task_timed,87,2020-07-16T15:00:00,744.9324026543026,1.2388710058834869,U77,22,measured_continuous_week_archetype_proxy
C16,烟草制品业,task_timed,88,2020-07-16T16:00:00,788.326275213254,1.3110378365311206,U77,22,measured_continuous_week_archetype_proxy
C16,烟草制品业,task_timed,89,2020-07-16T17:00:00,763.4150438651575,1.269608839580461,U77,22,measured_continuous_week_archetype_proxy
C16,烟草制品业,task_timed,90,2020-07-16T18:00:00,572.1597182984328,0.9515388016533045,U77,22,measured_continuous_week_archetype_proxy
C16,烟草制品业,task_timed,91,2020-07-16T19:00:00,506.26464863586483,0.8419510176547176,U77,22,measured_continuous_week_archetype_proxy
C16,烟草制品业,task_timed,92,2020-07-16T20:00:00,474.12105130778724,0.7884941259788306,U77,22,measured_continuous_week_archetype_proxy
C16,烟草制品业,task_timed,93,2020-07-16T21:00:00,475.727956351397,0.791166513514455,U77,22,measured_continuous_week_archetype_proxy
C16,烟草制品业,task_timed,94,2020-07-16T22:00:00,482.1571931305074,0.8018587521755995,U77,22,measured_continuous_week_archetype_proxy
C16,烟草制品业,task_timed,95,2020-07-16T23:00:00,476.5317321941361,0.7925032449859966,U77,22,measured_continuous_week_archetype_proxy
C16,烟草制品业,task_timed,96,2020-07-17T00:00:00,463.67422859871823,0.7711203807748959,U77,22,measured_continuous_week_archetype_proxy
C16,烟草制品业,task_timed,97,2020-07-17T01:00:00,462.87077607691344,0.7697841870070838,U77,22,measured_continuous_week_archetype_proxy
C16,烟草制品业,task_timed,98,2020-07-17T02:00:00,465.281133642328,0.7737927683105202,U77,22,measured_continuous_week_archetype_proxy
C16,烟草制品业,task_timed,99,2020-07-17T03:00:00,447.60226827421235,0.7443916660850878,U77,22,measured_continuous_week_archetype_proxy
C16,烟草制品业,task_timed,100,2020-07-17T04:00:00,438.76267392968725,0.7296908461205066,U77,22,measured_continuous_week_archetype_proxy
C16,烟草制品业,task_timed,101,2020-07-17T05:00:00,440.3699022942313,0.7323637713598604,U77,22,measured_continuous_week_archetype_proxy
C16,烟草制品业,task_timed,102,2020-07-17T06:00:00,451.6201775251052,0.7510737103316074,U77,22,measured_continuous_week_archetype_proxy
C16,烟草制品业,task_timed,103,2020-07-17T07:00:00,499.8360584986231,0.8312598544010321,U77,22,measured_continuous_week_archetype_proxy
C16,烟草制品业,task_timed,104,2020-07-17T08:00:00,681.4483371990178,1.1332928785957954,U77,22,measured_continuous_week_archetype_proxy
C16,烟草制品业,task_timed,105,2020-07-17T09:00:00,732.8786749016239,1.2188248731439277,U77,22,measured_continuous_week_archetype_proxy
C16,烟草制品业,task_timed,106,2020-07-17T10:00:00,766.6295005942454,1.2749546900591684,U77,22,measured_continuous_week_archetype_proxy
C16,烟草制品业,task_timed,107,2020-07-17T11:00:00,760.2005871360693,1.2642629891017534,U77,22,measured_continuous_week_archetype_proxy
C16,烟草制品业,task_timed,108,2020-07-17T12:00:00,595.4637212819854,0.9902948733646103,U77,22,measured_continuous_week_archetype_proxy
C16,烟草制品业,task_timed,109,2020-07-17T13:00:00,709.5743485971369,1.1800682637288924,U77,22,measured_continuous_week_archetype_proxy
C16,烟草制品业,task_timed,110,2020-07-17T14:00:00,822.0777475477444,1.3671687288538206,U77,22,measured_continuous_week_archetype_proxy
C16,烟草制品业,task_timed,111,2020-07-17T15:00:00,782.701137597817,1.3016828670452472,U77,22,measured_continuous_week_archetype_proxy
C16,烟草制品业,task_timed,112,2020-07-17T16:00:00,777.0763233033144,1.2923284352631033,U77,22,measured_continuous_week_archetype_proxy
C16,烟草制品业,task_timed,113,2020-07-17T17:00:00,767.4329531160503,1.2762908838269806,U77,22,measured_continuous_week_archetype_proxy
C16,烟草制品业,task_timed,114,2020-07-17T18:00:00,632.4290037036951,1.0517705407585587,U77,22,measured_continuous_week_archetype_proxy
C16,烟草制品业,task_timed,115,2020-07-17T19:00:00,616.3573667001234,1.02504236377248,U77,22,measured_continuous_week_archetype_proxy
C16,烟草制品业,task_timed,116,2020-07-17T20:00:00,563.3201239539078,0.9368379816887235,U77,22,measured_continuous_week_archetype_proxy
C16,烟草制品业,task_timed,117,2020-07-17T21:00:00,527.1582940540029,0.8766985080625872,U77,22,measured_continuous_week_archetype_proxy
C16,烟草制品业,task_timed,118,2020-07-17T22:00:00,480.54964144502907,0.7991852892325163,U77,22,measured_continuous_week_archetype_proxy
C16,烟草制品业,task_timed,119,2020-07-17T23:00:00,478.9424130804851,0.7965123639931626,U77,22,measured_continuous_week_archetype_proxy
C16,烟草制品业,task_timed,120,2020-07-18T00:00:00,474.1213746287216,0.7884946636825602,U77,22,measured_continuous_week_archetype_proxy
C16,烟草制品业,task_timed,121,2020-07-18T01:00:00,464.47768112052313,0.7724565745427081,U77,22,measured_continuous_week_archetype_proxy
C16,烟草制品业,task_timed,122,2020-07-18T02:00:00,466.8886853278063,0.7764662312536035,U77,22,measured_continuous_week_archetype_proxy
C16,烟草制品业,task_timed,123,2020-07-18T03:00:00,455.6384100969324,0.7577562922818565,U77,22,measured_continuous_week_archetype_proxy
C16,烟草制品业,task_timed,124,2020-07-18T04:00:00,458.0490909832813,0.7617654112890224,U77,22,measured_continuous_week_archetype_proxy
C16,烟草制品业,task_timed,125,2020-07-18T05:00:00,435.54854052153354,0.7243455333455286,U77,22,measured_continuous_week_archetype_proxy
C16,烟草制品业,task_timed,126,2020-07-18T06:00:00,456.44153929780293,0.7590919483459392,U77,22,measured_continuous_week_archetype_proxy
C16,烟草制品业,task_timed,127,2020-07-18T07:00:00,483.76377485318284,0.8045306020074944,U77,22,measured_continuous_week_archetype_proxy
C16,烟草制品业,task_timed,128,2020-07-18T08:00:00,675.0194237408417,1.1226011776383804,U77,22,measured_continuous_week_archetype_proxy
C16,烟草制品业,task_timed,129,2020-07-18T09:00:00,758.5936820924596,1.2615906015661291,U77,22,measured_continuous_week_archetype_proxy
C16,烟草制品业,task_timed,130,2020-07-18T10:00:00,777.8794525041849,1.2936640913271857,U77,22,measured_continuous_week_archetype_proxy
C16,烟草制品业,task_timed,131,2020-07-18T11:00:00,724.8425330789037,1.205460246947159,U77,22,measured_continuous_week_archetype_proxy
C16,烟草制品业,task_timed,132,2020-07-18T12:00:00,583.4096702083724,0.9702482029213219,U77,22,measured_continuous_week_archetype_proxy
C16,烟草制品业,task_timed,133,2020-07-18T13:00:00,744.1289501324977,1.2375348121156746,U77,22,measured_continuous_week_archetype_proxy
C16,烟草制品业,task_timed,134,2020-07-18T14:00:00,801.9875546514111,1.3337574322137629,U77,22,measured_continuous_week_archetype_proxy
C16,烟草制品业,task_timed,135,2020-07-18T15:00:00,773.8618665742264,1.2869825847843956,U77,22,measured_continuous_week_archetype_proxy
C16,烟草制品业,task_timed,136,2020-07-18T16:00:00,746.5396310188466,1.2415439311228407,U77,22,measured_continuous_week_archetype_proxy
C16,烟草制品业,task_timed,137,2020-07-18T17:00:00,707.1633443898538,1.176058607017997,U77,22,measured_continuous_week_archetype_proxy
C16,烟草制品业,task_timed,138,2020-07-18T18:00:00,618.7680475864723,1.0290514827796458,U77,22,measured_continuous_week_archetype_proxy
C16,烟草制品业,task_timed,139,2020-07-18T19:00:00,631.6255511818902,1.0504343469907464,U77,22,measured_continuous_week_archetype_proxy
C16,烟草制品业,task_timed,140,2020-07-18T20:00:00,581.8024418438282,0.9675752776819678,U77,22,measured_continuous_week_archetype_proxy
C16,烟草制品业,task_timed,141,2020-07-18T21:00:00,515.9083421440635,0.85798910679457,U77,22,measured_continuous_week_archetype_proxy
C16,烟草制品业,task_timed,142,2020-07-18T22:00:00,463.67422859871823,0.7711203807748959,U77,22,measured_continuous_week_archetype_proxy
C16,烟草制品业,task_timed,143,2020-07-18T23:00:00,462.0673235551086,0.7684479932392717,U77,22,measured_continuous_week_archetype_proxy
C16,烟草制品业,task_timed,144,2020-07-19T00:00:00,450.0135958024298,0.7484018604997126,U77,22,measured_continuous_week_archetype_proxy
C16,烟草制品业,task_timed,145,2020-07-19T01:00:00,447.60226827421235,0.7443916660850878,U77,22,measured_continuous_week_archetype_proxy
C16,烟草制品业,task_timed,146,2020-07-19T02:00:00,434.74476467879435,0.723008801873987,U77,22,measured_continuous_week_archetype_proxy
C16,烟草制品业,task_timed,147,2020-07-19T03:00:00,450.8167250033003,0.7497375165637952,U77,22,measured_continuous_week_archetype_proxy
C16,烟草制品业,task_timed,148,2020-07-19T04:00:00,443.58403570238505,0.7377090841348385,U77,22,measured_continuous_week_archetype_proxy
C16,烟草制品业,task_timed,149,2020-07-19T05:00:00,452.4239533678443,0.752410441803149,U77,22,measured_continuous_week_archetype_proxy
C16,烟草制品业,task_timed,150,2020-07-19T06:00:00,478.9424130804851,0.7965123639931626,U77,22,measured_continuous_week_archetype_proxy
C16,烟草制品业,task_timed,151,2020-07-19T07:00:00,546.4447111075968,0.9087730732311028,U77,22,measured_continuous_week_archetype_proxy
C16,烟草制品业,task_timed,152,2020-07-19T08:00:00,646.0899598209178,1.0744895987374714,U77,22,measured_continuous_week_archetype_proxy
C16,烟草制品业,task_timed,153,2020-07-19T09:00:00,685.4665697708451,1.1399754605460448,U77,22,measured_continuous_week_archetype_proxy
C16,烟草制品业,task_timed,154,2020-07-19T10:00:00,731.2714465370799,1.2161519479045741,U77,22,measured_continuous_week_archetype_proxy
C16,烟草制品业,task_timed,155,2020-07-19T11:00:00,675.823199583581,1.1239379091099222,U77,22,measured_continuous_week_archetype_proxy
C16,烟草制品业,task_timed,156,2020-07-19T12:00:00,597.8747254892686,0.9943045300755058,U77,22,measured_continuous_week_archetype_proxy
C16,烟草制品业,task_timed,157,2020-07-19T13:00:00,654.1264249645724,1.08785476263797,U77,22,measured_continuous_week_archetype_proxy
C16,烟草制品业,task_timed,158,2020-07-19T14:00:00,650.9116449145499,1.0825083744555328,U77,22,measured_continuous_week_archetype_proxy
C16,烟草制品业,task_timed,159,2020-07-19T15:00:00,636.446912954588,1.0584525850050783,U77,22,measured_continuous_week_archetype_proxy
C16,烟草制品业,task_timed,160,2020-07-19T16:00:00,728.0569898079918,1.2108060974258665,U77,22,measured_continuous_week_archetype_proxy
C16,烟草制品业,task_timed,161,2020-07-19T17:00:00,715.1994862125738,1.1894232332147656,U77,22,measured_continuous_week_archetype_proxy
C16,烟草制品业,task_timed,162,2020-07-19T18:00:00,626.803866088258,1.042415571272685,U77,22,measured_continuous_week_archetype_proxy
C16,烟草制品业,task_timed,163,2020-07-19T19:00:00,654.126101643638,1.0878542249342402,U77,22,measured_continuous_week_archetype_proxy
C16,烟草制品业,task_timed,164,2020-07-19T20:00:00,633.2331028673686,1.0531078099338298,U77,22,measured_continuous_week_archetype_proxy
C16,烟草制品业,task_timed,165,2020-07-19T21:00:00,562.5163481111686,0.9355012502171817,U77,22,measured_continuous_week_archetype_proxy
C16,烟草制品业,task_timed,166,2020-07-19T22:00:00,536.8016642412672,0.89273605949871,U77,22,measured_continuous_week_archetype_proxy
C16,烟草制品业,task_timed,167,2020-07-19T23:00:00,511.08633372949697,0.849969793372779,U77,22,measured_continuous_week_archetype_proxy
C17,纺织业,task_timed,0,2017-09-04T00:00:00,20360.385721144903,0.9484973581048536,U40,13,measured_continuous_week_direct_isic
C17,纺织业,task_timed,1,2017-09-04T01:00:00,20389.457437853693,0.949851676577574,U40,13,measured_continuous_week_direct_isic
C17,纺织业,task_timed,2,2017-09-04T02:00:00,20699.56624840893,0.9642982293867975,U40,13,measured_continuous_week_direct_isic
C17,纺织业,task_timed,3,2017-09-04T03:00:00,20728.63796511772,0.9656525478595179,U40,13,measured_continuous_week_direct_isic
C17,纺织业,task_timed,4,2017-09-04T04:00:00,20059.95698383109,0.9345017556863299,U40,13,measured_continuous_week_direct_isic
C17,纺织业,task_timed,5,2017-09-04T05:00:00,20282.861143254806,0.9448858421775995,U40,13,measured_continuous_week_direct_isic
C17,纺织业,task_timed,6,2017-09-04T06:00:00,20050.276910589666,0.93405080529563,U40,13,measured_continuous_week_direct_isic
C17,纺织业,task_timed,7,2017-09-04T07:00:00,19623.87073420444,0.9141864894953183,U40,13,measured_continuous_week_direct_isic
C17,纺织业,task_timed,8,2017-09-04T08:00:00,20796.461471776714,0.9688121351956583,U40,13,measured_continuous_week_direct_isic
C17,纺织业,task_timed,9,2017-09-04T09:00:00,21310.082798288306,0.9927394064141312,U40,13,measured_continuous_week_direct_isic
C17,纺织业,task_timed,10,2017-09-04T10:00:00,22036.89671399767,1.026598346432553,U40,13,measured_continuous_week_direct_isic
C17,纺织业,task_timed,11,2017-09-04T11:00:00,21368.21573271104,0.9954475542593649,U40,13,measured_continuous_week_direct_isic
C17,纺织业,task_timed,12,2017-09-04T12:00:00,20738.32853735398,0.9661039873504247,U40,13,measured_continuous_week_direct_isic
C17,纺织业,task_timed,13,2017-09-04T13:00:00,21135.64199904074,0.9846130064776023,U40,13,measured_continuous_week_direct_isic
C17,纺织业,task_timed,14,2017-09-04T14:00:00,21639.56225432123,1.0080883491049615,U40,13,measured_continuous_week_direct_isic
C17,纺织业,task_timed,15,2017-09-04T15:00:00,22221.028085481496,1.0351761858599884,U40,13,measured_continuous_week_direct_isic
C17,纺织业,task_timed,16,2017-09-04T16:00:00,23219.16752481137,1.081674942523593,U40,13,measured_continuous_week_direct_isic
C17,纺织业,task_timed,17,2017-09-04T17:00:00,23257.92981375642,1.08348070048722,U40,13,measured_continuous_week_direct_isic
C17,纺织业,task_timed,18,2017-09-04T18:00:00,21116.26085456822,0.983710127495789,U40,13,measured_continuous_week_direct_isic
C17,纺织业,task_timed,19,2017-09-04T19:00:00,21978.742781585257,1.0238892203869054,U40,13,measured_continuous_week_direct_isic
C17,纺织业,task_timed,20,2017-09-04T20:00:00,21406.97802165609,0.997253312222992,U40,13,measured_continuous_week_direct_isic
C17,纺织业,task_timed,21,2017-09-04T21:00:00,20970.90227102428,0.9769385351321872,U40,13,measured_continuous_week_direct_isic
C17,纺织业,task_timed,22,2017-09-04T22:00:00,20428.219726798743,0.9516574345412011,U40,13,measured_continuous_week_direct_isic
C17,纺织业,task_timed,23,2017-09-04T23:00:00,20515.4348769251,0.9557203899593618,U40,13,measured_continuous_week_direct_isic
C17,纺织业,task_timed,24,2017-09-05T00:00:00,20738.32853735398,0.9661039873504247,U40,13,measured_continuous_week_direct_isic
C17,纺织业,task_timed,25,2017-09-05T01:00:00,20631.732242755093,0.9611381529504501,U40,13,measured_continuous_week_direct_isic
C17,纺织业,task_timed,26,2017-09-05T02:00:00,20389.457437853693,0.949851676577574,U40,13,measured_continuous_week_direct_isic
C17,纺织业,task_timed,27,2017-09-05T03:00:00,20389.457437853693,0.949851676577574,U40,13,measured_continuous_week_direct_isic
C17,纺织业,task_timed,28,2017-09-05T04:00:00,20544.50659363389,0.9570747084320823,U40,13,measured_continuous_week_direct_isic
C17,纺织业,task_timed,29,2017-09-05T05:00:00,20496.05373245258,0.9548175109775485,U40,13,measured_continuous_week_direct_isic
C17,纺织业,task_timed,30,2017-09-05T06:00:00,20205.336565364705,0.9412743262503452,U40,13,measured_continuous_week_direct_isic
C17,纺织业,task_timed,31,2017-09-05T07:00:00,21009.66455996933,0.9787442930958143,U40,13,measured_continuous_week_direct_isic
C17,纺织业,task_timed,32,2017-09-05T08:00:00,22085.34957517898,1.0288555438870868,U40,13,measured_continuous_week_direct_isic
C17,纺织业,task_timed,33,2017-09-05T09:00:00,22463.29239138806,1.0464621731326578,U40,13,measured_continuous_week_direct_isic
C17,纺织业,task_timed,34,2017-09-05T10:00:00,21978.753280580095,1.0238897094871122,U40,13,measured_continuous_week_direct_isic
C17,纺织业,task_timed,35,2017-09-05T11:00:00,20728.627466122878,0.965652058759311,U40,13,measured_continuous_week_direct_isic
C17,纺织业,task_timed,36,2017-09-05T12:00:00,19943.67011699594,0.9290844817954488,U40,13,measured_continuous_week_direct_isic
C17,纺织业,task_timed,37,2017-09-05T13:00:00,20883.687120897917,0.9728755797140263,U40,13,measured_continuous_week_direct_isic
C17,纺织业,task_timed,38,2017-09-05T14:00:00,21746.169047914955,1.0130546726051428,U40,13,measured_continuous_week_direct_isic
C17,纺织业,task_timed,39,2017-09-05T15:00:00,22763.700130712194,1.0604567973507677,U40,13,measured_continuous_week_direct_isic
C17,纺织业,task_timed,40,2017-09-05T16:00:00,23723.07728109702,1.1051497960507453,U40,13,measured_continuous_week_direct_isic
C17,纺织业,task_timed,41,2017-09-05T17:00:00,23577.718697553082,1.0983782036871437,U40,13,measured_continuous_week_direct_isic
C17,纺织业,task_timed,42,2017-09-05T18:00:00,21668.633971030016,1.0094426675776818,U40,13,measured_continuous_week_direct_isic
C17,纺织业,task_timed,43,2017-09-05T19:00:00,21862.44541575527,1.0184714573958173,U40,13,measured_continuous_week_direct_isic
C17,纺织业,task_timed,44,2017-09-05T20:00:00,21019.355132205594,0.9791957325867212,U40,13,measured_continuous_week_direct_isic
C17,纺织业,task_timed,45,2017-09-05T21:00:00,20961.211698788018,0.9764870956412804,U40,13,measured_continuous_week_direct_isic
C17,纺织业,task_timed,46,2017-09-05T22:00:00,20544.50659363389,0.9570747084320823,U40,13,measured_continuous_week_direct_isic
C17,纺织业,task_timed,47,2017-09-05T23:00:00,20583.26888257894,0.9588804663957095,U40,13,measured_continuous_week_direct_isic
C17,纺织业,task_timed,48,2017-09-06T00:00:00,20447.611370266106,0.9525608026232214,U40,13,measured_continuous_week_direct_isic
C17,纺织业,task_timed,49,2017-09-06T01:00:00,20108.4098450124,0.9367589531408638,U40,13,measured_continuous_week_direct_isic
C17,纺织业,task_timed,50,2017-09-06T02:00:00,20030.885267122303,0.9331474372136097,U40,13,measured_continuous_week_direct_isic
C17,纺织业,task_timed,51,2017-09-06T03:00:00,19837.063323402213,0.9241181582952673,U40,13,measured_continuous_week_direct_isic
C17,纺织业,task_timed,52,2017-09-06T04:00:00,19943.6596180011,0.9290839926952418,U40,13,measured_continuous_week_direct_isic
C17,纺织业,task_timed,53,2017-09-06T05:00:00,20457.28094451269,0.9530112639137146,U40,13,measured_continuous_week_direct_isic
C17,纺织业,task_timed,54,2017-09-06T06:00:00,20311.92236096875,0.9462396715501128,U40,13,measured_continuous_week_direct_isic
C17,纺织业,task_timed,55,2017-09-06T07:00:00,21155.023143513266,0.9855158854594159,U40,13,measured_continuous_week_direct_isic
C17,纺织业,task_timed,56,2017-09-06T08:00:00,22821.84356412977,1.0631654342962085,U40,13,measured_continuous_week_direct_isic
C17,纺织业,task_timed,57,2017-09-06T09:00:00,23548.657479839134,1.0970243743146302,U40,13,measured_continuous_week_direct_isic
C17,纺织业,task_timed,58,2017-09-06T10:00:00,24372.377117911125,1.1353977092421197,U40,13,measured_continuous_week_direct_isic
C17,纺织业,task_timed,59,2017-09-06T11:00:00,23577.739695542758,1.0983791818875572,U40,13,measured_continuous_week_direct_isic
C17,纺织业,task_timed,60,2017-09-06T12:00:00,21426.369665123453,0.9981566803050124,U40,13,measured_continuous_week_direct_isic
C17,纺织业,task_timed,61,2017-09-06T13:00:00,21969.04171035415,1.0234372917957917,U40,13,measured_continuous_week_direct_isic
C17,纺织业,task_timed,62,2017-09-06T14:00:00,23267.630884987524,1.0839326290783338,U40,13,measured_continuous_week_direct_isic
C17,纺织业,task_timed,63,2017-09-06T15:00:00,22967.202147673706,1.06993702665981,U40,13,measured_continuous_week_direct_isic
C17,纺织业,task_timed,64,2017-09-06T16:00:00,23403.28839730036,1.0902522928508218,U40,13,measured_continuous_week_direct_isic
C17,纺织业,task_timed,65,2017-09-06T17:00:00,23393.608324058936,1.0898013424601218,U40,13,measured_continuous_week_direct_isic
C17,纺织业,task_timed,66,2017-09-06T18:00:00,21552.347104194865,1.0040253936868004,U40,13,measured_continuous_week_direct_isic
C17,纺织业,task_timed,67,2017-09-06T19:00:00,20777.080327304193,0.9679092562138449,U40,13,measured_continuous_week_direct_isic
C17,纺织业,task_timed,68,2017-09-06T20:00:00,20350.684649913805,0.94804542951374,U40,13,measured_continuous_week_direct_isic
C17,纺织业,task_timed,69,2017-09-06T21:00:00,21096.87971009569,0.9828072485139753,U40,13,measured_continuous_week_direct_isic
C17,纺织业,task_timed,70,2017-09-06T22:00:00,21222.857149167103,0.9886759618957632,U40,13,measured_continuous_week_direct_isic
C17,纺织业,task_timed,71,2017-09-06T23:00:00,20873.996548661653,0.9724241402231194,U40,13,measured_continuous_week_direct_isic
C17,纺织业,task_timed,72,2017-09-07T00:00:00,20728.63796511772,0.9656525478595179,U40,13,measured_continuous_week_direct_isic
C17,纺织业,task_timed,73,2017-09-07T01:00:00,21096.87971009569,0.9828072485139753,U40,13,measured_continuous_week_direct_isic
C17,纺织业,task_timed,74,2017-09-07T02:00:00,21145.332571277006,0.9850644459685092,U40,13,measured_continuous_week_direct_isic
C17,纺织业,task_timed,75,2017-09-07T03:00:00,21193.785432458317,0.9873216434230431,U40,13,measured_continuous_week_direct_isic
C17,纺织业,task_timed,76,2017-09-07T04:00:00,20903.068265370443,0.9737784586958398,U40,13,measured_continuous_week_direct_isic
C17,纺织业,task_timed,77,2017-09-07T05:00:00,21077.498565623166,0.9819043695321616,U40,13,measured_continuous_week_direct_isic
C17,纺织业,task_timed,78,2017-09-07T06:00:00,20738.32853735398,0.9661039873504247,U40,13,measured_continuous_week_direct_isic
C17,纺织业,task_timed,79,2017-09-07T07:00:00,20864.305976425392,0.9719727007322126,U40,13,measured_continuous_week_direct_isic
C17,纺织业,task_timed,80,2017-09-07T08:00:00,22298.531665381917,1.0387867235868289,U40,13,measured_continuous_week_direct_isic
C17,纺织业,task_timed,81,2017-09-07T09:00:00,23064.10787003633,1.0744514215688776,U40,13,measured_continuous_week_direct_isic
C17,纺织业,task_timed,82,2017-09-07T10:00:00,23354.846035113882,1.0879955844964946,U40,13,measured_continuous_week_direct_isic
C17,纺织业,task_timed,83,2017-09-07T11:00:00,21978.742781585257,1.0238892203869054,U40,13,measured_continuous_week_direct_isic
C17,纺织业,task_timed,84,2017-09-07T12:00:00,21455.4308828374,0.9995105096775259,U40,13,measured_continuous_week_direct_isic
C17,纺织业,task_timed,85,2017-09-07T13:00:00,21852.765342513845,1.0180205070051174,U40,13,measured_continuous_week_direct_isic
C17,纺织业,task_timed,86,2017-09-07T14:00:00,22230.697659728077,1.0356266471504814,U40,13,measured_continuous_week_direct_isic
C17,纺织业,task_timed,87,2017-09-07T15:00:00,22744.31898623967,1.0595539183689542,U40,13,measured_continuous_week_direct_isic
C17,纺织业,task_timed,88,2017-09-07T16:00:00,23025.356080086123,1.0726461527054576,U40,13,measured_continuous_week_direct_isic
C17,纺织业,task_timed,89,2017-09-07T17:00:00,23316.073247173998,1.0861893374326608,U40,13,measured_continuous_week_direct_isic
C17,纺织业,task_timed,90,2017-09-07T18:00:00,21213.166576930846,0.9882245224048568,U40,13,measured_continuous_week_direct_isic
C17,纺织业,task_timed,91,2017-09-07T19:00:00,20195.635494133603,0.9408223976592316,U40,13,measured_continuous_week_direct_isic
C17,纺织业,task_timed,92,2017-09-07T20:00:00,21532.97645871718,1.0031230038051937,U40,13,measured_continuous_week_direct_isic
C17,纺织业,task_timed,93,2017-09-07T21:00:00,21678.324543266284,1.0098941070685887,U40,13,measured_continuous_week_direct_isic
C17,纺织业,task_timed,94,2017-09-07T22:00:00,20970.90227102428,0.9769385351321872,U40,13,measured_continuous_week_direct_isic
C17,纺织业,task_timed,95,2017-09-07T23:00:00,21203.47600469458,0.9877730829139499,U40,13,measured_continuous_week_direct_isic
C17,纺织业,task_timed,96,2017-09-08T00:00:00,20331.303505441276,0.9471425505319263,U40,13,measured_continuous_week_direct_isic
C17,纺织业,task_timed,97,2017-09-08T01:00:00,20108.420344007245,0.9367594422410709,U40,13,measured_continuous_week_direct_isic
C17,纺织业,task_timed,98,2017-09-08T02:00:00,20399.148010089953,0.9503031160684807,U40,13,measured_continuous_week_direct_isic
C17,纺织业,task_timed,99,2017-09-08T03:00:00,19691.715238853114,0.9173470550318725,U40,13,measured_continuous_week_direct_isic
C17,纺织业,task_timed,100,2017-09-08T04:00:00,19807.991606693424,0.9227638398225468,U40,13,measured_continuous_week_direct_isic
C17,纺织业,task_timed,101,2017-09-08T05:00:00,20437.899800040166,0.952108384931901,U40,13,measured_continuous_week_direct_isic
C17,纺织业,task_timed,102,2017-09-08T06:00:00,19827.372751165953,0.9236667188043606,U40,13,measured_continuous_week_direct_isic
C17,纺织业,task_timed,103,2017-09-08T07:00:00,19614.190660963017,0.9137355391046185,U40,13,measured_continuous_week_direct_isic
C17,纺织业,task_timed,104,2017-09-08T08:00:00,21397.297948414667,0.9968023618322921,U40,13,measured_continuous_week_direct_isic
C17,纺织业,task_timed,105,2017-09-08T09:00:00,23451.751757476508,1.0925099794055624,U40,13,measured_continuous_week_direct_isic
C17,纺织业,task_timed,106,2017-09-08T10:00:00,23519.575264135507,1.095669566741703,U40,13,measured_continuous_week_direct_isic
C17,纺织业,task_timed,107,2017-09-08T11:00:00,22589.25933146463,1.0523303974142388,U40,13,measured_continuous_week_direct_isic
C17,纺织业,task_timed,108,2017-09-08T12:00:00,21271.310010348414,0.9909331593502971,U40,13,measured_continuous_week_direct_isic
C17,纺织业,task_timed,109,2017-09-08T13:00:00,21445.750809595982,0.9990595592868261,U40,13,measured_continuous_week_direct_isic
C17,纺织业,task_timed,110,2017-09-08T14:00:00,21813.992554573953,1.0162142599412833,U40,13,measured_continuous_week_direct_isic
C17,纺织业,task_timed,111,2017-09-08T15:00:00,22560.187614755847,1.0509760789415188,U40,13,measured_continuous_week_direct_isic
C17,纺织业,task_timed,112,2017-09-08T16:00:00,23044.726725563803,1.0735485425870641,U40,13,measured_continuous_week_direct_isic
C17,纺织业,task_timed,113,2017-09-08T17:00:00,22715.25776852572,1.0582000889964407,U40,13,measured_continuous_week_direct_isic
C17,纺织业,task_timed,114,2017-09-08T18:00:00,20602.650027051466,0.959783345377523,U40,13,measured_continuous_week_direct_isic
C17,纺织业,task_timed,115,2017-09-08T19:00:00,21232.547721403367,0.9891274013866701,U40,13,measured_continuous_week_direct_isic
C17,纺织业,task_timed,116,2017-09-08T20:00:00,21416.668593892355,0.9977047517138988,U40,13,measured_continuous_week_direct_isic
C17,纺织业,task_timed,117,2017-09-08T21:00:00,21135.64199904074,0.9846130064776023,U40,13,measured_continuous_week_direct_isic
C17,纺织业,task_timed,118,2017-09-08T22:00:00,21135.64199904074,0.9846130064776023,U40,13,measured_continuous_week_direct_isic
C17,纺织业,task_timed,119,2017-09-08T23:00:00,21058.11742115064,0.9810014905503481,U40,13,measured_continuous_week_direct_isic
C17,纺织业,task_timed,120,2017-09-09T00:00:00,21058.11742115064,0.9810014905503481,U40,13,measured_continuous_week_direct_isic
C17,纺织业,task_timed,121,2017-09-09T01:00:00,20738.318038359143,0.9661034982502179,U40,13,measured_continuous_week_direct_isic
C17,纺织业,task_timed,122,2017-09-09T02:00:00,20670.49453170014,0.9629439109140772,U40,13,measured_continuous_week_direct_isic
C17,纺织业,task_timed,123,2017-09-09T03:00:00,21009.66455996933,0.9787442930958143,U40,13,measured_continuous_week_direct_isic
C17,纺织业,task_timed,124,2017-09-09T04:00:00,20980.59284326054,0.9773899746230938,U40,13,measured_continuous_week_direct_isic
C17,纺织业,task_timed,125,2017-09-09T05:00:00,21135.64199904074,0.9846130064776023,U40,13,measured_continuous_week_direct_isic
C17,纺织业,task_timed,126,2017-09-09T06:00:00,20748.019109590245,0.9665554268413316,U40,13,measured_continuous_week_direct_isic
C17,纺织业,task_timed,127,2017-09-09T07:00:00,20699.55574941409,0.9642977402865905,U40,13,measured_continuous_week_direct_isic
C17,纺织业,task_timed,128,2017-09-09T08:00:00,22007.814498294043,1.0252435388596257,U40,13,measured_continuous_week_direct_isic
C17,纺织业,task_timed,129,2017-09-09T09:00:00,22124.111864124032,1.0306613018507138,U40,13,measured_continuous_week_direct_isic
C17,纺织业,task_timed,130,2017-09-09T10:00:00,22802.462419657248,1.062262555314395,U40,13,measured_continuous_week_direct_isic
C17,纺织业,task_timed,131,2017-09-09T11:00:00,22511.734753574532,1.0487188814869848,U40,13,measured_continuous_week_direct_isic
C17,纺织业,task_timed,132,2017-09-09T12:00:00,21833.37369904648,1.0171171389230969,U40,13,measured_continuous_week_direct_isic
C17,纺织业,task_timed,133,2017-09-09T13:00:00,22056.277858470195,1.0275012254143665,U40,13,measured_continuous_week_direct_isic
C17,纺织业,task_timed,134,2017-09-09T14:00:00,21998.13442505262,1.0247925884689257,U40,13,measured_continuous_week_direct_isic
C17,纺织业,task_timed,135,2017-09-09T15:00:00,22385.757314503117,1.0428501681051967,U40,13,measured_continuous_week_direct_isic
C17,纺织业,task_timed,136,2017-09-09T16:00:00,23316.073247173998,1.0861893374326608,U40,13,measured_continuous_week_direct_isic
C17,纺织业,task_timed,137,2017-09-09T17:00:00,23122.261802448746,1.0771605476145252,U40,13,measured_continuous_week_direct_isic
C17,纺织业,task_timed,138,2017-09-09T18:00:00,21920.599348167678,1.0211805834414647,U40,13,measured_continuous_week_direct_isic
C17,纺织业,task_timed,139,2017-09-09T19:00:00,21726.76690545275,1.0121508154229155,U40,13,measured_continuous_week_direct_isic
C17,纺织业,task_timed,140,2017-09-09T20:00:00,21426.359166128612,0.9981561912048054,U40,13,measured_continuous_week_direct_isic
C17,纺织业,task_timed,141,2017-09-09T21:00:00,21125.951426804477,0.9841615669866954,U40,13,measured_continuous_week_direct_isic
C17,纺织业,task_timed,142,2017-09-09T22:00:00,21038.736276678115,0.9800986115685345,U40,13,measured_continuous_week_direct_isic
C17,纺织业,task_timed,143,2017-09-09T23:00:00,20728.63796511772,0.9656525478595179,U40,13,measured_continuous_week_direct_isic
C17,纺织业,task_timed,144,2017-09-10T00:00:00,20602.650027051466,0.959783345377523,U40,13,measured_continuous_week_direct_isic
C17,纺织业,task_timed,145,2017-09-10T01:00:00,20748.019109590245,0.9665554268413316,U40,13,measured_continuous_week_direct_isic
C17,纺织业,task_timed,146,2017-09-10T02:00:00,20554.197165870155,0.9575261479229892,U40,13,measured_continuous_week_direct_isic
C17,纺织业,task_timed,147,2017-09-10T03:00:00,20631.732242755093,0.9611381529504501,U40,13,measured_continuous_week_direct_isic
C17,纺织业,task_timed,148,2017-09-10T04:00:00,21377.906304947304,0.9958989937502718,U40,13,measured_continuous_week_direct_isic
C17,纺织业,task_timed,149,2017-09-10T05:00:00,21494.193171782455,1.0013162676411531,U40,13,measured_continuous_week_direct_isic
C17,纺织业,task_timed,150,2017-09-10T06:00:00,21203.47600469458,0.9877730829139499,U40,13,measured_continuous_week_direct_isic
C17,纺织业,task_timed,151,2017-09-10T07:00:00,20786.781398535295,0.9683611848049586,U40,13,measured_continuous_week_direct_isic
C17,纺织业,task_timed,152,2017-09-10T08:00:00,21959.35113811789,1.022985852304885,U40,13,measured_continuous_week_direct_isic
C17,纺织业,task_timed,153,2017-09-10T09:00:00,22579.568759228365,1.051878957923332,U40,13,measured_continuous_week_direct_isic
C17,纺织业,task_timed,154,2017-09-10T10:00:00,22104.730719651507,1.0297584228689003,U40,13,measured_continuous_week_direct_isic
C17,纺织业,task_timed,155,2017-09-10T11:00:00,21765.55019238748,1.0139575515869563,U40,13,measured_continuous_week_direct_isic
C17,纺织业,task_timed,156,2017-09-10T12:00:00,21736.45747768902,1.0126022549138225,U40,13,measured_continuous_week_direct_isic
C17,纺织业,task_timed,157,2017-09-10T13:00:00,21649.25282655749,1.0085397885958682,U40,13,measured_continuous_week_direct_isic
C17,纺织业,task_timed,158,2017-09-10T14:00:00,21910.89827693658,1.0207286548503511,U40,13,measured_continuous_week_direct_isic
C17,纺织业,task_timed,159,2017-09-10T15:00:00,23190.095808102582,1.0803206240508727,U40,13,measured_continuous_week_direct_isic
C17,纺织业,task_timed,160,2017-09-10T16:00:00,23374.21668059157,1.0888979743781013,U40,13,measured_continuous_week_direct_isic
C17,纺织业,task_timed,161,2017-09-10T17:00:00,22802.46241965724,1.0622625553143947,U40,13,measured_continuous_week_direct_isic
C17,纺织业,task_timed,162,2017-09-10T18:00:00,22182.244798546766,1.0333694496959476,U40,13,measured_continuous_week_direct_isic
C17,纺织业,task_timed,163,2017-09-10T19:00:00,21639.551755326393,1.0080878600047547,U40,13,measured_continuous_week_direct_isic
C17,纺织业,task_timed,164,2017-09-10T20:00:00,21610.480038617603,1.0067335415320342,U40,13,measured_continuous_week_direct_isic
C17,纺织业,task_timed,165,2017-09-10T21:00:00,21765.5291943978,1.0139565733865425,U40,13,measured_continuous_week_direct_isic
C17,纺织业,task_timed,166,2017-09-10T22:00:00,21300.381727057204,0.9922874778230175,U40,13,measured_continuous_week_direct_isic
C17,纺织业,task_timed,167,2017-09-10T23:00:00,21484.502599546195,1.0008648281502464,U40,13,measured_continuous_week_direct_isic
C18,纺织服装、服饰业,task_timed,0,2022-07-04T00:00:00,227.03182887947057,0.08042935419681292,U45,14,measured_continuous_week_direct_isic
C18,纺织服装、服饰业,task_timed,1,2022-07-04T01:00:00,215.73086781819546,0.07642582304240272,U45,14,measured_continuous_week_direct_isic
C18,纺织服装、服饰业,task_timed,2,2022-07-04T02:00:00,219.32908689629247,0.07770054490910466,U45,14,measured_continuous_week_direct_isic
C18,纺织服装、服饰业,task_timed,3,2022-07-04T03:00:00,170.01855605454256,0.06023156635099466,U45,14,measured_continuous_week_direct_isic
C18,纺织服装、服饰业,task_timed,4,2022-07-04T04:00:00,142.28219384039633,0.050405553356856335,U45,14,measured_continuous_week_direct_isic
C18,纺织服装、服饰业,task_timed,5,2022-07-04T05:00:00,138.68397476229936,0.04913083149015441,U45,14,measured_continuous_week_direct_isic
C18,纺织服装、服饰业,task_timed,6,2022-07-04T06:00:00,146.39320782018243,0.0518619403362512,U45,14,measured_continuous_week_direct_isic
C18,纺织服装、服饰业,task_timed,7,2022-07-04T07:00:00,2565.6730063266527,0.908927281243022,U45,14,measured_continuous_week_direct_isic
C18,纺织服装、服饰业,task_timed,8,2022-07-04T08:00:00,4264.822158610858,1.5108757819302685,U45,14,measured_continuous_week_direct_isic
C18,纺织服装、服饰业,task_timed,9,2022-07-04T09:00:00,5215.8446594704565,1.8477894470683116,U45,14,measured_continuous_week_direct_isic
C18,纺织服装、服饰业,task_timed,10,2022-07-04T10:00:00,4757.667824040161,1.6854735851758278,U45,14,measured_continuous_week_direct_isic
C18,纺织服装、服饰业,task_timed,11,2022-07-04T11:00:00,4672.65854601289,1.6553578020003308,U45,14,measured_continuous_week_direct_isic
C18,纺织服装、服饰业,task_timed,12,2022-07-04T12:00:00,3671.5595674963606,1.3007038104143325,U45,14,measured_continuous_week_direct_isic
C18,纺织服装、服饰业,task_timed,13,2022-07-04T13:00:00,3786.6160303327315,1.3414642493702806,U45,14,measured_continuous_week_direct_isic
C18,纺织服装、服饰业,task_timed,14,2022-07-04T14:00:00,5019.881277820326,1.7783665458384093,U45,14,measured_continuous_week_direct_isic
C18,纺织服装、服饰业,task_timed,15,2022-07-04T15:00:00,5185.280352376531,1.836961593136242,U45,14,measured_continuous_week_direct_isic
C18,纺织服装、服饰业,task_timed,16,2022-07-04T16:00:00,5539.697358648594,1.9625190141882618,U45,14,measured_continuous_week_direct_isic
C18,纺织服装、服饰业,task_timed,17,2022-07-04T17:00:00,4769.226264398065,1.689568332146316,U45,14,measured_continuous_week_direct_isic
C18,纺织服装、服饰业,task_timed,18,2022-07-04T18:00:00,3705.9730818903067,1.3128953024707932,U45,14,measured_continuous_week_direct_isic
C18,纺织服装、服饰业,task_timed,19,2022-07-04T19:00:00,4171.8526593037805,1.477939973650985,U45,14,measured_continuous_week_direct_isic
C18,纺织服装、服饰业,task_timed,20,2022-07-04T20:00:00,3922.2210719933273,1.3895043236648144,U45,14,measured_continuous_week_direct_isic
C18,纺织服装、服饰业,task_timed,21,2022-07-04T21:00:00,3736.7927045892925,1.3238136056994776,U45,14,measured_continuous_week_direct_isic
C18,纺织服装、服饰业,task_timed,22,2022-07-04T22:00:00,3204.650072896372,1.135294275969829,U45,14,measured_continuous_week_direct_isic
C18,纺织服装、服饰业,task_timed,23,2022-07-04T23:00:00,1984.2241711751192,0.7029405059941892,U45,14,measured_continuous_week_direct_isic
C18,纺织服装、服饰业,task_timed,24,2022-07-05T00:00:00,1787.4948427098086,0.6332462568744421,U45,14,measured_continuous_week_direct_isic
C18,纺织服装、服饰业,task_timed,25,2022-07-05T01:00:00,1814.2056151205766,0.6427089396431945,U45,14,measured_continuous_week_direct_isic
C18,纺织服装、服饰业,task_timed,26,2022-07-05T02:00:00,1814.720573713834,0.6428913712753503,U45,14,measured_continuous_week_direct_isic
C18,纺织服装、服饰业,task_timed,27,2022-07-05T03:00:00,1821.910520795323,0.6454385154503657,U45,14,measured_continuous_week_direct_isic
C18,纺织服装、服饰业,task_timed,28,2022-07-05T04:00:00,1749.4852729293339,0.6197808094707423,U45,14,measured_continuous_week_direct_isic
C18,纺织服装、服饰业,task_timed,29,2022-07-05T05:00:00,1502.4219875104634,0.5322550180869622,U45,14,measured_continuous_week_direct_isic
C18,纺织服装、服饰业,task_timed,30,2022-07-05T06:00:00,1471.0895699097887,0.5211550497455848,U45,14,measured_continuous_week_direct_isic
C18,纺织服装、服饰业,task_timed,31,2022-07-05T07:00:00,2030.4514415320295,0.7193171943177531,U45,14,measured_continuous_week_direct_isic
C18,纺织服装、服饰业,task_timed,32,2022-07-05T08:00:00,4064.4989384505875,1.4399083439827451,U45,14,measured_continuous_week_direct_isic
C18,纺织服装、服饰业,task_timed,33,2022-07-05T09:00:00,4946.175124545898,1.7522550603367848,U45,14,measured_continuous_week_direct_isic
C18,纺织服装、服饰业,task_timed,34,2022-07-05T10:00:00,4896.35179880246,1.7346044166659822,U45,14,measured_continuous_week_direct_isic
C18,纺织服装、服饰业,task_timed,35,2022-07-05T11:00:00,4703.9931273051325,1.6664585368611708,U45,14,measured_continuous_week_direct_isic
C18,纺织服装、服饰业,task_timed,36,2022-07-05T12:00:00,3085.4869234633516,1.0930789830734118,U45,14,measured_continuous_week_direct_isic
C18,纺织服装、服饰业,task_timed,37,2022-07-05T13:00:00,3528.766742445844,1.2501173584642462,U45,14,measured_continuous_week_direct_isic
C18,纺织服装、服饰业,task_timed,38,2022-07-05T14:00:00,4530.378515864061,1.604953015162937,U45,14,measured_continuous_week_direct_isic
C18,纺织服装、服饰业,task_timed,39,2022-07-05T15:00:00,4553.4953965798695,1.6131425091039133,U45,14,measured_continuous_week_direct_isic
C18,纺织服装、服饰业,task_timed,40,2022-07-05T16:00:00,4984.95713221626,1.7659941551887188,U45,14,measured_continuous_week_direct_isic
C18,纺织服装、服饰业,task_timed,41,2022-07-05T17:00:00,4638.245031618944,1.6431663099438703,U45,14,measured_continuous_week_direct_isic
C18,纺织服装、服饰业,task_timed,42,2022-07-05T18:00:00,3667.4485535165745,1.2992474234349376,U45,14,measured_continuous_week_direct_isic
C18,纺织服装、服饰业,task_timed,43,2022-07-05T19:00:00,3848.768070632392,1.3634825209403425,U45,14,measured_continuous_week_direct_isic
C18,纺织服装、服饰业,task_timed,44,2022-07-05T20:00:00,3678.7495145778503,1.303250954589348,U45,14,measured_continuous_week_direct_isic
C18,纺织服装、服饰业,task_timed,45,2022-07-05T21:00:00,3232.131119505458,1.1450298396673524,U45,14,measured_continuous_week_direct_isic
C18,纺织服装、服饰业,task_timed,46,2022-07-05T22:00:00,2446.2480502138674,0.8666192394916012,U45,14,measured_continuous_week_direct_isic
C18,纺织服装、服饰业,task_timed,47,2022-07-05T23:00:00,2176.5828426724465,0.7710863857990007,U45,14,measured_continuous_week_direct_isic
C18,纺织服装、服饰业,task_timed,48,2022-07-06T00:00:00,1675.7769559633377,0.5936685574496552,U45,14,measured_continuous_week_direct_isic
C18,纺织服装、服饰业,task_timed,49,2022-07-06T01:00:00,1521.6831698515455,0.5390785743451586,U45,14,measured_continuous_week_direct_isic
C18,纺织服装、服饰业,task_timed,50,2022-07-06T02:00:00,1425.3750944545675,0.504960026534714,U45,14,measured_continuous_week_direct_isic
C18,纺织服装、服饰业,task_timed,51,2022-07-06T03:00:00,1406.111748421917,0.49813570375705457,U45,14,measured_continuous_week_direct_isic
C18,纺织服装、服饰业,task_timed,52,2022-07-06T04:00:00,1382.7395521010492,0.48985576051946345,U45,14,measured_continuous_week_direct_isic
C18,纺织服装、服饰业,task_timed,53,2022-07-06T05:00:00,1390.9572526774848,0.49276700143932756,U45,14,measured_continuous_week_direct_isic
C18,纺织服装、服饰业,task_timed,54,2022-07-06T06:00:00,1402.2582137387597,0.49677053259373766,U45,14,measured_continuous_week_direct_isic
C18,纺织服装、服饰业,task_timed,55,2022-07-06T07:00:00,1702.7452076707345,0.6032224560344855,U45,14,measured_continuous_week_direct_isic
C18,纺织服装、服饰业,task_timed,56,2022-07-06T08:00:00,4006.457912130713,1.4193464593920782,U45,14,measured_continuous_week_direct_isic
C18,纺织服装、服饰业,task_timed,57,2022-07-06T09:00:00,4653.652679276867,1.648624695038749,U45,14,measured_continuous_week_direct_isic
C18,纺织服装、服饰业,task_timed,58,2022-07-06T10:00:00,4815.4535347549745,1.7059450204698796,U45,14,measured_continuous_week_direct_isic
C18,纺织服装、服饰业,task_timed,59,2022-07-06T11:00:00,4557.602083176518,1.6145973630443824,U45,14,measured_continuous_week_direct_isic
C18,纺织服装、服饰业,task_timed,60,2022-07-06T12:00:00,3308.9226969562933,1.1722343819229855,U45,14,measured_continuous_week_direct_isic
C18,纺织服装、服饰业,task_timed,61,2022-07-06T13:00:00,3605.8114718101715,1.2774115834970317,U45,14,measured_continuous_week_direct_isic
C18,纺织服装、服饰业,task_timed,62,2022-07-06T14:00:00,4776.929006381242,1.6922971414340242,U45,14,measured_continuous_week_direct_isic
C18,纺织服装、服饰业,task_timed,63,2022-07-06T15:00:00,4842.162143474175,1.7154069367191696,U45,14,measured_continuous_week_direct_isic
C18,纺织服装、服饰业,task_timed,64,2022-07-06T16:00:00,4869.3878744782005,1.7250520511200778,U45,14,measured_continuous_week_direct_isic
C18,纺织服装、服饰业,task_timed,65,2022-07-06T17:00:00,4568.903044237793,1.6186008941987926,U45,14,measured_continuous_week_direct_isic
C18,纺织服装、服饰业,task_timed,66,2022-07-06T18:00:00,4064.4989384505875,1.4399083439827451,U45,14,measured_continuous_week_direct_isic
C18,纺织服装、服饰业,task_timed,67,2022-07-06T19:00:00,3918.1078943219736,1.388047170165957,U45,14,measured_continuous_week_direct_isic
C18,纺织服装、服饰业,task_timed,68,2022-07-06T20:00:00,3486.131200092325,1.2350130924489955,U45,14,measured_continuous_week_direct_isic
C18,纺织服装、服饰业,task_timed,69,2022-07-06T21:00:00,2927.7949182734624,1.0372142781022131,U45,14,measured_continuous_week_direct_isic
C18,纺织服装、服饰业,task_timed,70,2022-07-06T22:00:00,2218.960905729336,0.7860994359981732,U45,14,measured_continuous_week_direct_isic
C18,纺织服装、服饰业,task_timed,71,2022-07-06T23:00:00,1710.4479496539125,0.6059512653221938,U45,14,measured_continuous_week_direct_isic
C18,纺织服装、服饰业,task_timed,72,2022-07-07T00:00:00,1560.465177521906,0.552817669197092,U45,14,measured_continuous_week_direct_isic
C18,纺织服装、服饰业,task_timed,73,2022-07-07T01:00:00,1586.6609913394168,0.5620979203336887,U45,14,measured_continuous_week_direct_isic
C18,纺织服装、服饰业,task_timed,74,2022-07-07T02:00:00,1548.9067371640024,0.5487229222266039,U45,14,measured_continuous_week_direct_isic
C18,纺织服装、服饰业,task_timed,75,2022-07-07T03:00:00,1544.7978868757848,0.5472673017666719,U45,14,measured_continuous_week_direct_isic
C18,纺织服装、服饰业,task_timed,76,2022-07-07T04:00:00,1533.239446517881,0.5431725547961839,U45,14,measured_continuous_week_direct_isic
C18,纺织服装、服饰业,task_timed,77,2022-07-07T05:00:00,1514.2357434734279,0.5364402143540654,U45,14,measured_continuous_week_direct_isic
C18,纺织服装、服饰业,task_timed,78,2022-07-07T06:00:00,1536.8355019044097,0.5444465101434229,U45,14,measured_continuous_week_direct_isic
C18,纺织服装、服饰业,task_timed,79,2022-07-07T07:00:00,1987.8202265616478,0.7042144613414283,U45,14,measured_continuous_week_direct_isic
C18,纺织服装、服饰业,task_timed,80,2022-07-07T08:00:00,4341.356256765066,1.537989108369824,U45,14,measured_continuous_week_direct_isic
C18,纺织服装、服饰业,task_timed,81,2022-07-07T09:00:00,4915.87046044017,1.7415191887402564,U45,14,measured_continuous_week_direct_isic
C18,纺织服装、服饰业,task_timed,82,2022-07-07T10:00:00,4923.064734904796,1.7440678659541973,U45,14,measured_continuous_week_direct_isic
C18,纺织服装、服饰业,task_timed,83,2022-07-07T11:00:00,4611.536422899744,1.6337043936945805,U45,14,measured_continuous_week_direct_isic
C18,纺织服装、服饰业,task_timed,84,2022-07-07T12:00:00,2823.524457905109,1.0002749386685195,U45,14,measured_continuous_week_direct_isic
C18,纺织服装、服饰业,task_timed,85,2022-07-07T13:00:00,3155.34170574619,1.117826063931182,U45,14,measured_continuous_week_direct_isic
C18,纺织服装、服饰业,task_timed,86,2022-07-07T14:00:00,4060.3900881623704,1.4384527235228133,U45,14,measured_continuous_week_direct_isic
C18,纺织服装、服饰业,task_timed,87,2022-07-07T15:00:00,4291.530767330058,1.520337698179558,U45,14,measured_continuous_week_direct_isic
C18,纺织服装、服饰业,task_timed,88,2022-07-07T16:00:00,4507.26596253139,1.5967650542608864,U45,14,measured_continuous_week_direct_isic
C18,纺织服装、服饰业,task_timed,89,2022-07-07T17:00:00,4091.2097108613557,1.4493710267514976,U45,14,measured_continuous_week_direct_isic
C18,纺织服装、服饰业,task_timed,90,2022-07-07T18:00:00,3525.1685233677463,1.248842636597544,U45,14,measured_continuous_week_direct_isic
C18,纺织服装、服饰业,task_timed,91,2022-07-07T19:00:00,3709.5691372768356,1.3141692578180324,U45,14,measured_continuous_week_direct_isic
C18,纺织服装、服饰业,task_timed,92,2022-07-07T20:00:00,3270.3981685825615,1.15858650288713,U45,14,measured_continuous_week_direct_isic
C18,纺织服装、服饰业,task_timed,93,2022-07-07T21:00:00,2658.129710732042,0.9416814244096127,U45,14,measured_continuous_week_direct_isic
C18,纺织服装、服饰业,task_timed,94,2022-07-07T22:00:00,1945.7018064929553,0.6892933934777965,U45,14,measured_continuous_week_direct_isic
C18,纺织服装、服饰业,task_timed,95,2022-07-07T23:00:00,1591.2826365293242,0.5637352059063138,U45,14,measured_continuous_week_direct_isic
C18,纺织服装、服饰业,task_timed,96,2022-07-08T00:00:00,1390.4444577757956,0.4925853363266346,U45,14,measured_continuous_week_direct_isic
C18,纺织服装、服饰业,task_timed,97,2022-07-08T01:00:00,1386.848402389267,0.49131138097939553,U45,14,measured_continuous_week_direct_isic
C18,纺织服装、服饰业,task_timed,98,2022-07-08T02:00:00,1348.3260377071028,0.4776642684630027,U45,14,measured_continuous_week_direct_isic
C18,纺织服装、服饰业,task_timed,99,2022-07-08T03:00:00,1278.9840503259531,0.4530988527179255,U45,14,measured_continuous_week_direct_isic
C18,纺织服装、服饰业,task_timed,100,2022-07-08T04:00:00,1213.4955976279612,0.42989860813616537,U45,14,measured_continuous_week_direct_isic
C18,纺织服装、服饰业,task_timed,101,2022-07-08T05:00:00,1198.085786278468,0.424439456521823,U45,14,measured_continuous_week_direct_isic
C18,纺织服装、服饰业,task_timed,102,2022-07-08T06:00:00,1194.2344152868789,0.42307505187796884,U45,14,measured_continuous_week_direct_isic
C18,纺织服装、服饰业,task_timed,103,2022-07-08T07:00:00,1463.8974591367312,0.5186071390511066,U45,14,measured_continuous_week_direct_isic
C18,纺织服装、服饰业,task_timed,104,2022-07-08T08:00:00,3910.4051523387957,1.3853183608782487,U45,14,measured_continuous_week_direct_isic
C18,纺织服装、服饰业,task_timed,105,2022-07-08T09:00:00,4456.927678194695,1.5789319789579281,U45,14,measured_continuous_week_direct_isic
C18,纺织服装、服饰业,task_timed,106,2022-07-08T10:00:00,4260.711144631073,1.5094193949508738,U45,14,measured_continuous_week_direct_isic
C18,纺织服装、服饰业,task_timed,107,2022-07-08T11:00:00,4341.869051666755,1.538170773482517,U45,14,measured_continuous_week_direct_isic
C18,纺织服装、服饰业,task_timed,108,2022-07-08T12:00:00,2881.0526893232945,1.0206551581464935,U45,14,measured_continuous_week_direct_isic
C18,纺织服装、服饰业,task_timed,109,2022-07-08T13:00:00,3174.3454087906434,1.1245584043733003,U45,14,measured_continuous_week_direct_isic
C18,纺织服装、服饰业,task_timed,110,2022-07-08T14:00:00,4241.707441586619,1.5026870545087552,U45,14,measured_continuous_week_direct_isic
C18,纺织服装、服饰业,task_timed,111,2022-07-08T15:00:00,4272.012105692347,1.5134229261052836,U45,14,measured_continuous_week_direct_isic
C18,纺织服装、服饰业,task_timed,112,2022-07-08T16:00:00,4457.440473096382,1.5791136440706206,U45,14,measured_continuous_week_direct_isic
C18,纺织服装、服饰业,task_timed,113,2022-07-08T17:00:00,3875.47884304316,1.3729452037090948,U45,14,measured_continuous_week_direct_isic
C18,纺织服装、服饰业,task_timed,114,2022-07-08T18:00:00,3158.9377611327195,1.119100019278421,U45,14,measured_continuous_week_direct_isic
C18,纺织服装、服饰业,task_timed,115,2022-07-08T19:00:00,3783.0199749462035,1.3401902940230417,U45,14,measured_continuous_week_direct_isic
C18,纺织服装、服饰业,task_timed,116,2022-07-08T20:00:00,3209.2738817778477,1.136932328061917,U45,14,measured_continuous_week_direct_isic
C18,纺织服装、服饰业,task_timed,117,2022-07-08T21:00:00,2812.223496843834,0.9962714075141091,U45,14,measured_continuous_week_direct_isic
C18,纺织服装、服饰业,task_timed,118,2022-07-08T22:00:00,1917.963280587241,0.6794666139641954,U45,14,measured_continuous_week_direct_isic
C18,纺织服装、服饰业,task_timed,119,2022-07-08T23:00:00,1259.9803472815001,0.4463665122758071,U45,14,measured_continuous_week_direct_isic
C18,纺织服装、服饰业,task_timed,120,2022-07-09T00:00:00,1217.3491323111182,0.43126377929948223,U45,14,measured_continuous_week_direct_isic
C18,纺织服装、服饰业,task_timed,121,2022-07-09T01:00:00,1201.9371572700572,0.4258038611656772,U45,14,measured_continuous_week_direct_isic
C18,纺织服装、服饰业,task_timed,122,2022-07-09T02:00:00,1124.890264214161,0.3985088696134289,U45,14,measured_continuous_week_direct_isic
C18,纺织服装、服饰业,task_timed,123,2022-07-09T03:00:00,1044.2451520801678,0.3699391561944786,U45,14,measured_continuous_week_direct_isic
C18,纺织服装、服饰业,task_timed,124,2022-07-09T04:00:00,1028.322545828986,0.3642983394674435,U45,14,measured_continuous_week_direct_isic
C18,纺织服装、服饰业,task_timed,125,2022-07-09T05:00:00,1028.8375044222432,0.3644807710995992,U45,14,measured_continuous_week_direct_isic
C18,纺织服装、服饰业,task_timed,126,2022-07-09T06:00:00,993.398400224919,0.35192594881775263,U45,14,measured_continuous_week_direct_isic
C18,纺织服装、服饰业,task_timed,127,2022-07-09T07:00:00,1059.654963429661,0.3753983078088209,U45,14,measured_continuous_week_direct_isic
C18,纺织服装、服饰业,task_timed,128,2022-07-09T08:00:00,4021.8655597886373,1.4248048444869574,U45,14,measured_continuous_week_direct_isic
C18,纺织服装、服饰业,task_timed,129,2022-07-09T09:00:00,4241.19464668493,1.5025053893960623,U45,14,measured_continuous_week_direct_isic
C18,纺织服装、服饰业,task_timed,130,2022-07-09T10:00:00,4203.185076904456,1.4890399419923626,U45,14,measured_continuous_week_direct_isic
C18,纺织服装、服饰业,task_timed,131,2022-07-09T11:00:00,4037.277534829699,1.4302647626207627,U45,14,measured_continuous_week_direct_isic
C18,纺织服装、服饰业,task_timed,132,2022-07-09T12:00:00,2661.727929810139,0.9429561462763146,U45,14,measured_continuous_week_direct_isic
C18,纺织服装、服饰业,task_timed,133,2022-07-09T13:00:00,3090.1085686532588,1.0947162686460368,U45,14,measured_continuous_week_direct_isic
C18,纺织服装、服饰业,task_timed,134,2022-07-09T14:00:00,4145.141886893013,1.4684772908822328,U45,14,measured_continuous_week_direct_isic
C18,纺织服装、服饰业,task_timed,135,2022-07-09T15:00:00,4225.786999027006,1.4970470043011828,U45,14,measured_continuous_week_direct_isic
C18,纺织服装、服饰业,task_timed,136,2022-07-09T16:00:00,4487.7473008936795,1.5898502821866123,U45,14,measured_continuous_week_direct_isic
C18,纺织服装、服饰业,task_timed,137,2022-07-09T17:00:00,4345.977901954972,1.5396263939424488,U45,14,measured_continuous_week_direct_isic
C18,纺织服装、服饰业,task_timed,138,2022-07-09T18:00:00,3509.243753424996,1.243201053351046,U45,14,measured_continuous_week_direct_isic
C18,纺织服装、服饰业,task_timed,139,2022-07-09T19:00:00,5316.259421464084,1.8833628488192253,U45,14,measured_continuous_week_direct_isic
C18,纺织服装、服饰业,task_timed,140,2022-07-09T20:00:00,4676.769559992675,1.6568141889797252,U45,14,measured_continuous_week_direct_isic
C18,纺织服装、服饰业,task_timed,141,2022-07-09T21:00:00,4206.778968599416,1.4903131308201387,U45,14,measured_continuous_week_direct_isic
C18,纺织服装、服饰业,task_timed,142,2022-07-09T22:00:00,2692.545388817556,0.9538736829855361,U45,14,measured_continuous_week_direct_isic
C18,纺织服装、服饰业,task_timed,143,2022-07-09T23:00:00,2689.462128332717,0.9527813927509902,U45,14,measured_continuous_week_direct_isic
C18,纺织服装、服饰业,task_timed,144,2022-07-10T00:00:00,2561.5619923468666,0.9074708942636271,U45,14,measured_continuous_week_direct_isic
C18,纺织服装、服饰业,task_timed,145,2022-07-10T01:00:00,2438.2878289340606,0.8637992143878152,U45,14,measured_continuous_week_direct_isic
C18,纺织服装、服饰业,task_timed,146,2022-07-10T02:00:00,2138.3179572869117,0.7575304890986859,U45,14,measured_continuous_week_direct_isic
C18,纺织服装、服饰业,task_timed,147,2022-07-10T03:00:00,2060.756105637758,0.7300530659142819,U45,14,measured_continuous_week_direct_isic
C18,纺织服装、服饰业,task_timed,148,2022-07-10T04:00:00,2053.5661585562684,0.7275059217392662,U45,14,measured_continuous_week_direct_isic
C18,纺织服装、服饰业,task_timed,149,2022-07-10T05:00:00,2061.2710642310153,0.7302354975464376,U45,14,measured_continuous_week_direct_isic
C18,纺织服装、服饰业,task_timed,150,2022-07-10T06:00:00,1929.7770365502047,0.6836518102312984,U45,14,measured_continuous_week_direct_isic
C18,纺织服装、服饰业,task_timed,151,2022-07-10T07:00:00,1937.9947371266403,0.6865630511511625,U45,14,measured_continuous_week_direct_isic
C18,纺织服装、服饰业,task_timed,152,2022-07-10T08:00:00,2973.509393728684,1.053409301313084,U45,14,measured_continuous_week_direct_isic
C18,纺织服装、服饰业,task_timed,153,2022-07-10T09:00:00,3085.997554673473,1.0932598816666421,U45,14,measured_continuous_week_direct_isic
C18,纺织服装、服饰业,task_timed,154,2022-07-10T10:00:00,3039.255325723305,1.0767007617109223,U45,14,measured_continuous_week_direct_isic
C18,纺织服装、服饰业,task_timed,155,2022-07-10T11:00:00,2912.38510692397,1.031755126487871,U45,14,measured_continuous_week_direct_isic
C18,纺织服装、服饰业,task_timed,156,2022-07-10T12:00:00,1868.652749745491,0.6619976354060854,U45,14,measured_continuous_week_direct_isic
C18,纺织服装、服饰业,task_timed,157,2022-07-10T13:00:00,1818.3144654087946,0.6441645601031266,U45,14,measured_continuous_week_direct_isic
C18,纺织服装、服饰业,task_timed,158,2022-07-10T14:00:00,1818.3144654087946,0.6441645601031266,U45,14,measured_continuous_week_direct_isic
C18,纺织服装、服饰业,task_timed,159,2022-07-10T15:00:00,1756.6752200108228,0.6223279536457577,U45,14,measured_continuous_week_direct_isic
C18,纺织服装、服饰业,task_timed,160,2022-07-10T16:00:00,1602.5814338990308,0.5677379705412611,U45,14,measured_continuous_week_direct_isic
C18,纺织服装、服饰业,task_timed,161,2022-07-10T17:00:00,1348.3282013986711,0.4776650349824655,U45,14,measured_continuous_week_direct_isic
C18,纺织服装、服饰业,task_timed,162,2022-07-10T18:00:00,766.3644076538801,0.2714958281014769,U45,14,measured_continuous_week_direct_isic
C18,纺织服装、服饰业,task_timed,163,2022-07-10T19:00:00,462.2856857185133,0.1637714823524156,U45,14,measured_continuous_week_direct_isic
C18,纺织服装、服饰业,task_timed,164,2022-07-10T20:00:00,504.9169006888951,0.1788742153287404,U45,14,measured_continuous_week_direct_isic
C18,纺织服装、服饰业,task_timed,165,2022-07-10T21:00:00,508.51511976699203,0.1801489371954423,U45,14,measured_continuous_week_direct_isic
C18,纺织服装、服饰业,task_timed,166,2022-07-10T22:00:00,531.6255094080948,0.18833613157802997,U45,14,measured_continuous_week_direct_isic
C18,纺织服装、服饰业,task_timed,167,2022-07-10T23:00:00,423.7589936532128,0.15012283679709718,U45,14,measured_continuous_week_direct_isic
C19,皮革、毛皮、羽毛及其制品和制鞋业,task_timed,0,2017-11-27T00:00:00,2397.117128325531,1.3500784681038696,U51,15,measured_continuous_week_direct_isic
C19,皮革、毛皮、羽毛及其制品和制鞋业,task_timed,1,2017-11-27T01:00:00,2249.949509330127,1.267192308199535,U51,15,measured_continuous_week_direct_isic
C19,皮革、毛皮、羽毛及其制品和制鞋业,task_timed,2,2017-11-27T02:00:00,2078.140134151267,1.170427684015573,U51,15,measured_continuous_week_direct_isic
C19,皮革、毛皮、羽毛及其制品和制鞋业,task_timed,3,2017-11-27T03:00:00,1782.4359781893872,1.0038843769841665,U51,15,measured_continuous_week_direct_isic
C19,皮革、毛皮、羽毛及其制品和制鞋业,task_timed,4,2017-11-27T04:00:00,2024.7492515190575,1.1403574466529296,U51,15,measured_continuous_week_direct_isic
C19,皮革、毛皮、羽毛及其制品和制鞋业,task_timed,5,2017-11-27T05:00:00,2057.605131881027,1.1588621814041586,U51,15,measured_continuous_week_direct_isic
C19,皮革、毛皮、羽毛及其制品和制鞋业,task_timed,6,2017-11-27T06:00:00,2221.8857663950307,1.2513865494306502,U51,15,measured_continuous_week_direct_isic
C19,皮革、毛皮、羽毛及其制品和制鞋业,task_timed,7,2017-11-27T07:00:00,2312.239283302425,1.3022744832127353,U51,15,measured_continuous_week_direct_isic
C19,皮革、毛皮、羽毛及其制品和制鞋业,task_timed,8,2017-11-27T08:00:00,1011.6907831260736,0.5697935768502707,U51,15,measured_continuous_week_direct_isic
C19,皮革、毛皮、羽毛及其制品和制鞋业,task_timed,9,2017-11-27T09:00:00,1431.9726379763072,0.8065001925025538,U51,15,measured_continuous_week_direct_isic
C19,皮革、毛皮、羽毛及其制品和制鞋业,task_timed,10,2017-11-27T10:00:00,1555.8668024072458,0.8762785282148234,U51,15,measured_continuous_week_direct_isic
C19,皮革、毛皮、羽毛及其制品和制鞋业,task_timed,11,2017-11-27T11:00:00,1107.5205882698358,0.6237658066584809,U51,15,measured_continuous_week_direct_isic
C19,皮革、毛皮、羽毛及其制品和制鞋业,task_timed,12,2017-11-27T12:00:00,1703.719188564226,0.9595503552981139,U51,15,measured_continuous_week_direct_isic
C19,皮革、毛皮、羽毛及其制品和制鞋业,task_timed,13,2017-11-27T13:00:00,2386.8493190143704,1.3442955432305748,U51,15,measured_continuous_week_direct_isic
C19,皮革、毛皮、羽毛及其制品和制鞋业,task_timed,14,2017-11-27T14:00:00,2961.8293825811047,1.668129616350186,U51,15,measured_continuous_week_direct_isic
C19,皮革、毛皮、羽毛及其制品和制鞋业,task_timed,15,2017-11-27T15:00:00,2860.523289200975,1.6110730905158506,U51,15,measured_continuous_week_direct_isic
C19,皮革、毛皮、羽毛及其制品和制鞋业,task_timed,16,2017-11-27T16:00:00,2818.768517498917,1.587556418114065,U51,15,measured_continuous_week_direct_isic
C19,皮革、毛皮、羽毛及其制品和制鞋业,task_timed,17,2017-11-27T17:00:00,2737.9974263890267,1.5420653948911438,U51,15,measured_continuous_week_direct_isic
C19,皮革、毛皮、羽毛及其制品和制鞋业,task_timed,18,2017-11-27T18:00:00,2392.325607250739,1.3473798392567002,U51,15,measured_continuous_week_direct_isic
C19,皮革、毛皮、羽毛及其制品和制鞋业,task_timed,19,2017-11-27T19:00:00,1356.6784514548658,0.7640938124409326,U51,15,measured_continuous_week_direct_isic
C19,皮革、毛皮、羽毛及其制品和制鞋业,task_timed,20,2017-11-27T20:00:00,726.2544364753544,0.40903319469215876,U51,15,measured_continuous_week_direct_isic
C19,皮革、毛皮、羽毛及其制品和制鞋业,task_timed,21,2017-11-27T21:00:00,444.9248437378512,0.2505857742022601,U51,15,measured_continuous_week_direct_isic
C19,皮革、毛皮、羽毛及其制品和制鞋业,task_timed,22,2017-11-27T22:00:00,1775.5913883340274,1.000029440870478,U51,15,measured_continuous_week_direct_isic
C19,皮革、毛皮、羽毛及其制品和制鞋业,task_timed,23,2017-11-27T23:00:00,2210.9325735702137,1.245217610243225,U51,15,measured_continuous_week_direct_isic
C19,皮革、毛皮、羽毛及其制品和制鞋业,task_timed,24,2017-11-28T00:00:00,2014.4820585599778,1.1345748689148096,U51,15,measured_continuous_week_direct_isic
C19,皮革、毛皮、羽毛及其制品和制鞋业,task_timed,25,2017-11-28T01:00:00,2391.641456441243,1.3469945192129187,U51,15,measured_continuous_week_direct_isic
C19,皮革、毛皮、羽毛及其制品和制鞋业,task_timed,26,2017-11-28T02:00:00,2290.3353630611127,1.289937993378583,U51,15,measured_continuous_week_direct_isic
C19,皮革、毛皮、羽毛及其制品和制鞋业,task_timed,27,2017-11-28T03:00:00,2251.317810949118,1.2679629482870982,U51,15,measured_continuous_week_direct_isic
C19,皮革、毛皮、羽毛及其制品和制鞋业,task_timed,28,2017-11-28T04:00:00,1662.6491840237452,0.9364193500752847,U51,15,measured_continuous_week_direct_isic
C19,皮革、毛皮、羽毛及其制品和制鞋业,task_timed,29,2017-11-28T05:00:00,2236.943864076823,1.2598674088807653,U51,15,measured_continuous_week_direct_isic
C19,皮革、毛皮、羽毛及其制品和制鞋业,task_timed,30,2017-11-28T06:00:00,2627.793674372969,1.4799976256766003,U51,15,measured_continuous_week_direct_isic
C19,皮革、毛皮、羽毛及其制品和制鞋业,task_timed,31,2017-11-28T07:00:00,2141.798209742556,1.2062804991163363,U51,15,measured_continuous_week_direct_isic
C19,皮革、毛皮、羽毛及其制品和制鞋业,task_timed,32,2017-11-28T08:00:00,2401.908649400323,1.3527770969510386,U51,15,measured_continuous_week_direct_isic
C19,皮革、毛皮、羽毛及其制品和制鞋业,task_timed,33,2017-11-28T09:00:00,1656.4887449778807,0.9329497340053775,U51,15,measured_continuous_week_direct_isic
C19,皮革、毛皮、羽毛及其制品和制鞋业,task_timed,34,2017-11-28T10:00:00,1471.6737245457161,0.8288602105026454,U51,15,measured_continuous_week_direct_isic
C19,皮革、毛皮、羽毛及其制品和制鞋业,task_timed,35,2017-11-28T11:00:00,917.9134304107981,0.5169773071734048,U51,15,measured_continuous_week_direct_isic
C19,皮革、毛皮、羽毛及其制品和制鞋业,task_timed,36,2017-11-28T12:00:00,1935.079269069079,1.0898544857794517,U51,15,measured_continuous_week_direct_isic
C19,皮革、毛皮、羽毛及其制品和制鞋业,task_timed,37,2017-11-28T13:00:00,2462.1441218878917,1.3867022704273704,U51,15,measured_continuous_week_direct_isic
C19,皮革、毛皮、羽毛及其制品和制鞋业,task_timed,38,2017-11-28T14:00:00,3176.077680271518,1.7887962329797154,U51,15,measured_continuous_week_direct_isic
C19,皮革、毛皮、羽毛及其制品和制鞋业,task_timed,39,2017-11-28T15:00:00,2874.213701615855,1.6187836570135765,U51,15,measured_continuous_week_direct_isic
C19,皮革、毛皮、羽毛及其制品和制鞋业,task_timed,40,2017-11-28T16:00:00,2960.459848257953,1.6673582819922743,U51,15,measured_continuous_week_direct_isic
C19,皮革、毛皮、羽毛及其制品和制鞋业,task_timed,41,2017-11-28T17:00:00,2800.2865840092445,1.5771472227691696,U51,15,measured_continuous_week_direct_isic
C19,皮革、毛皮、羽毛及其制品和制鞋业,task_timed,42,2017-11-28T18:00:00,2269.1155936292957,1.2779868235882121,U51,15,measured_continuous_week_direct_isic
C19,皮革、毛皮、羽毛及其制品和制鞋业,task_timed,43,2017-11-28T19:00:00,881.6349469451093,0.49654493079774475,U51,15,measured_continuous_week_direct_isic
C19,皮革、毛皮、羽毛及其制品和制鞋业,task_timed,44,2017-11-28T20:00:00,215.61721566148518,0.12143760385226694,U51,15,measured_continuous_week_direct_isic
C19,皮革、毛皮、羽毛及其制品和制鞋业,task_timed,45,2017-11-28T21:00:00,361.4159166858171,0.2035527765338636,U51,15,measured_continuous_week_direct_isic
C19,皮革、毛皮、羽毛及其制品和制鞋业,task_timed,46,2017-11-28T22:00:00,271.061167074262,0.15266414848142948,U51,15,measured_continuous_week_direct_isic
C19,皮革、毛皮、羽毛及其制品和制鞋业,task_timed,47,2017-11-28T23:00:00,84.877845023106,0.04780398489113416,U51,15,measured_continuous_week_direct_isic
C19,皮革、毛皮、羽毛及其制品和制鞋业,task_timed,48,2017-11-29T00:00:00,62.28977397229786,0.035082175013200205,U51,15,measured_continuous_week_direct_isic
C19,皮革、毛皮、羽毛及其制品和制鞋业,task_timed,49,2017-11-29T01:00:00,56.81348573592944,0.031997878987074825,U51,15,measured_continuous_week_direct_isic
C19,皮革、毛皮、羽毛及其制品和制鞋业,task_timed,50,2017-11-29T02:00:00,54.759800603281185,0.030841224585380977,U51,15,measured_continuous_week_direct_isic
C19,皮革、毛皮、羽毛及其制品和制鞋业,task_timed,51,2017-11-29T03:00:00,56.81286938384881,0.03199753185190025,U51,15,measured_continuous_week_direct_isic
C19,皮革、毛皮、羽毛及其制品和制鞋业,task_timed,52,2017-11-29T04:00:00,68.45021301816196,0.03855179108310716,U51,15,measured_continuous_week_direct_isic
C19,皮革、毛皮、羽毛及其制品和制鞋业,task_timed,53,2017-11-29T05:00:00,44.492607644201236,0.02505864684726092,U51,15,measured_continuous_week_direct_isic
C19,皮革、毛皮、羽毛及其制品和制鞋业,task_timed,54,2017-11-29T06:00:00,271.7459342358383,0.1530498156603856,U51,15,measured_continuous_week_direct_isic
C19,皮革、毛皮、羽毛及其制品和制鞋业,task_timed,55,2017-11-29T07:00:00,298.44199190402355,0.16808528147688184,U51,15,measured_continuous_week_direct_isic
C19,皮革、毛皮、羽毛及其制品和制鞋业,task_timed,56,2017-11-29T08:00:00,654.3816203534722,0.36855376198462003,U51,15,measured_continuous_week_direct_isic
C19,皮革、毛皮、羽毛及其制品和制鞋业,task_timed,57,2017-11-29T09:00:00,834.4051197108447,0.469944656640183,U51,15,measured_continuous_week_direct_isic
C19,皮革、毛皮、羽毛及其制品和制鞋业,task_timed,58,2017-11-29T10:00:00,843.3033946988528,0.4749562471555654,U51,15,measured_continuous_week_direct_isic
C19,皮革、毛皮、羽毛及其制品和制鞋业,task_timed,59,2017-11-29T11:00:00,715.3018600026176,0.40286460263990803,U51,15,measured_continuous_week_direct_isic
C19,皮革、毛皮、羽毛及其制品和制鞋业,task_timed,60,2017-11-29T12:00:00,1804.339282078619,1.0162205196831442,U51,15,measured_continuous_week_direct_isic
C19,皮革、毛皮、羽毛及其制品和制鞋业,task_timed,61,2017-11-29T13:00:00,2598.359164410559,1.463419838279454,U51,15,measured_continuous_week_direct_isic
C19,皮革、毛皮、羽毛及其制品和制鞋业,task_timed,62,2017-11-29T14:00:00,2871.4752493216306,1.6172413354329265,U51,15,measured_continuous_week_direct_isic
C19,皮革、毛皮、羽毛及其制品和制鞋业,task_timed,63,2017-11-29T15:00:00,3022.7490058781696,1.7024401098702995,U51,15,measured_continuous_week_direct_isic
C19,皮革、毛皮、羽毛及其制品和制鞋业,task_timed,64,2017-11-29T16:00:00,2590.830423745704,1.4591795821219842,U51,15,measured_continuous_week_direct_isic
C19,皮革、毛皮、羽毛及其制品和制鞋业,task_timed,65,2017-11-29T17:00:00,2779.067430929508,1.5651964001139733,U51,15,measured_continuous_week_direct_isic
C19,皮革、毛皮、羽毛及其制品和制鞋业,task_timed,66,2017-11-29T18:00:00,2438.187749218093,1.3732098204618737,U51,15,measured_continuous_week_direct_isic
C19,皮革、毛皮、羽毛及其制品和制鞋业,task_timed,67,2017-11-29T19:00:00,1353.9393828085608,0.7625511437251081,U51,15,measured_continuous_week_direct_isic
C19,皮革、毛皮、羽毛及其制品和制鞋业,task_timed,68,2017-11-29T20:00:00,559.920733180782,0.31535251939914744,U51,15,measured_continuous_week_direct_isic
C19,皮革、毛皮、羽毛及其制品和制鞋业,task_timed,69,2017-11-29T21:00:00,520.2190302592923,0.29299215426388114,U51,15,measured_continuous_week_direct_isic
C19,皮革、毛皮、羽毛及其制品和制鞋业,task_timed,70,2017-11-29T22:00:00,356.6237792589443,0.20085380055151977,U51,15,measured_continuous_week_direct_isic
C19,皮革、毛皮、羽毛及其制品和制鞋业,task_timed,71,2017-11-29T23:00:00,91.72305123054637,0.051659268139997244,U51,15,measured_continuous_week_direct_isic
C19,皮革、毛皮、羽毛及其制品和制鞋业,task_timed,72,2017-11-30T00:00:00,249.15786318503018,0.14032800578245166,U51,15,measured_continuous_week_direct_isic
C19,皮革、毛皮、羽毛及其制品和制鞋业,task_timed,73,2017-11-30T01:00:00,348.4102714325126,0.19622787721509358,U51,15,measured_continuous_week_direct_isic
C19,皮革、毛皮、羽毛及其制品和制鞋业,task_timed,74,2017-11-30T02:00:00,685.8685827443691,0.38628750951311097,U51,15,measured_continuous_week_direct_isic
C19,皮革、毛皮、羽毛及其制品和制鞋业,task_timed,75,2017-11-30T03:00:00,767.3238246637549,0.4321638527798136,U51,15,measured_continuous_week_direct_isic
C19,皮革、毛皮、羽毛及其制品和制鞋业,task_timed,76,2017-11-30T04:00:00,1175.2854177743409,0.6619315834274574,U51,15,measured_continuous_week_direct_isic
C19,皮革、毛皮、羽毛及其制品和制鞋业,task_timed,77,2017-11-30T05:00:00,1066.4505837293548,0.6006348014356516,U51,15,measured_continuous_week_direct_isic
C19,皮革、毛皮、羽毛及其制品和制鞋业,task_timed,78,2017-11-30T06:00:00,2288.2816779284644,1.2887813389768892,U51,15,measured_continuous_week_direct_isic
C19,皮革、毛皮、羽毛及其制品和制鞋业,task_timed,79,2017-11-30T07:00:00,2349.8860683871053,1.3234774996759586,U51,15,measured_continuous_week_direct_isic
C19,皮革、毛皮、羽毛及其制品和制鞋业,task_timed,80,2017-11-30T08:00:00,2605.2043706179993,1.467275121528317,U51,15,measured_continuous_week_direct_isic
C19,皮革、毛皮、羽毛及其制品和制鞋业,task_timed,81,2017-11-30T09:00:00,2716.0941224997955,1.5297292521921662,U51,15,measured_continuous_week_direct_isic
C19,皮革、毛皮、羽毛及其制品和制鞋业,task_timed,82,2017-11-30T10:00:00,2684.6065437568177,1.5119951575285004,U51,15,measured_continuous_week_direct_isic
C19,皮革、毛皮、羽毛及其制品和制鞋业,task_timed,83,2017-11-30T11:00:00,2761.955648115068,1.5555588862621645,U51,15,measured_continuous_week_direct_isic
C19,皮革、毛皮、羽毛及其制品和制鞋业,task_timed,84,2017-11-30T12:00:00,2629.1625923440406,1.4807686128993378,U51,15,measured_continuous_week_direct_isic
C19,皮革、毛皮、羽毛及其制品和制鞋业,task_timed,85,2017-11-30T13:00:00,2310.869748979272,1.3015031488548228,U51,15,measured_continuous_week_direct_isic
C19,皮革、毛皮、羽毛及其制品和制鞋业,task_timed,86,2017-11-30T14:00:00,2168.2374604641477,1.2211713288927497,U51,15,measured_continuous_week_direct_isic
C19,皮革、毛皮、羽毛及其制品和制鞋业,task_timed,87,2017-11-30T15:00:00,2169.178418220237,1.221701284976614,U51,15,measured_continuous_week_direct_isic
C19,皮革、毛皮、羽毛及其制品和制鞋业,task_timed,88,2017-11-30T16:00:00,1638.370097714833,0.9227451448128181,U51,15,measured_continuous_week_direct_isic
C19,皮革、毛皮、羽毛及其制品和制鞋业,task_timed,89,2017-11-30T17:00:00,2845.4639588150217,1.6025915367953865,U51,15,measured_continuous_week_direct_isic
C19,皮革、毛皮、羽毛及其制品和制鞋业,task_timed,90,2017-11-30T18:00:00,1832.4042577178764,1.0320269727223783,U51,15,measured_continuous_week_direct_isic
C19,皮革、毛皮、羽毛及其制品和制鞋业,task_timed,91,2017-11-30T19:00:00,1225.25369730283,0.6900741791656692,U51,15,measured_continuous_week_direct_isic
C19,皮革、毛皮、羽毛及其制品和制鞋业,task_timed,92,2017-11-30T20:00:00,866.5762329112373,0.4880637242124555,U51,15,measured_continuous_week_direct_isic
C19,皮革、毛皮、羽毛及其制品和制鞋业,task_timed,93,2017-11-30T21:00:00,2232.15234300203,1.2571687800335956,U51,15,measured_continuous_week_direct_isic
C19,皮革、毛皮、羽毛及其制品和制鞋业,task_timed,94,2017-11-30T22:00:00,2629.8467431535364,1.4811539329431196,U51,15,measured_continuous_week_direct_isic
C19,皮革、毛皮、羽毛及其制品和制鞋业,task_timed,95,2017-11-30T23:00:00,2490.2084811750683,1.4025083763314297,U51,15,measured_continuous_week_direct_isic
C19,皮革、毛皮、羽毛及其制品和制鞋业,task_timed,96,2017-12-01T00:00:00,2379.3199619974343,1.3400549399379302,U51,15,measured_continuous_week_direct_isic
C19,皮革、毛皮、羽毛及其制品和制鞋业,task_timed,97,2017-12-01T01:00:00,1804.3405147827802,1.0162212139534934,U51,15,measured_continuous_week_direct_isic
C19,皮革、毛皮、羽毛及其制品和制鞋业,task_timed,98,2017-12-01T02:00:00,1536.7007181080771,0.8654840128261463,U51,15,measured_continuous_week_direct_isic
C19,皮革、毛皮、羽毛及其制品和制鞋业,task_timed,99,2017-12-01T03:00:00,1859.1003153860615,1.0470624385388745,U51,15,measured_continuous_week_direct_isic
C19,皮革、毛皮、羽毛及其制品和制鞋业,task_timed,100,2017-12-01T04:00:00,1608.5735342299593,0.905963445533685,U51,15,measured_continuous_week_direct_isic
C19,皮革、毛皮、羽毛及其制品和制鞋业,task_timed,101,2017-12-01T05:00:00,1282.7519502003356,0.7224577253317,U51,15,measured_continuous_week_direct_isic
C19,皮革、毛皮、羽毛及其制品和制鞋业,task_timed,102,2017-12-01T06:00:00,2021.3266484153373,1.138429805028498,U51,15,measured_continuous_week_direct_isic
C19,皮革、毛皮、羽毛及其制品和制鞋业,task_timed,103,2017-12-01T07:00:00,2140.429908123565,1.2055098590287732,U51,15,measured_continuous_week_direct_isic
C19,皮革、毛皮、羽毛及其制品和制鞋业,task_timed,104,2017-12-01T08:00:00,2650.381745423777,1.4927194355545341,U51,15,measured_continuous_week_direct_isic
C19,皮革、毛皮、羽毛及其制品和制鞋业,task_timed,105,2017-12-01T09:00:00,3120.633112506661,1.7575693412153783,U51,15,measured_continuous_week_direct_isic
C19,皮革、毛皮、羽毛及其制品和制鞋业,task_timed,106,2017-12-01T10:00:00,2906.3848148162474,1.636902724585849,U51,15,measured_continuous_week_direct_isic
C19,皮革、毛皮、羽毛及其制品和制鞋业,task_timed,107,2017-12-01T11:00:00,1904.2770738397585,1.072506405429917,U51,15,measured_continuous_week_direct_isic
C19,皮革、毛皮、羽毛及其制品和制鞋业,task_timed,108,2017-12-01T12:00:00,1532.5939641948612,0.8631710511579332,U51,15,measured_continuous_week_direct_isic
C19,皮革、毛皮、羽毛及其制品和制鞋业,task_timed,109,2017-12-01T13:00:00,1412.1217865155622,0.7953200099349206,U51,15,measured_continuous_week_direct_isic
C19,皮革、毛皮、羽毛及其制品和制鞋业,task_timed,110,2017-12-01T14:00:00,2424.497336803212,1.3654992539641473,U51,15,measured_continuous_week_direct_isic
C19,皮革、毛皮、羽毛及其制品和制鞋业,task_timed,111,2017-12-01T15:00:00,2701.0354084659234,1.5212480456068769,U51,15,measured_continuous_week_direct_isic
C19,皮革、毛皮、羽毛及其制品和制鞋业,task_timed,112,2017-12-01T16:00:00,2531.2791020676304,1.4256397286894338,U51,15,measured_continuous_week_direct_isic
C19,皮革、毛皮、羽毛及其制品和制鞋业,task_timed,113,2017-12-01T17:00:00,2681.8680914625934,1.5104528359478506,U51,15,measured_continuous_week_direct_isic
C19,皮革、毛皮、羽毛及其制品和制鞋业,task_timed,114,2017-12-01T18:00:00,910.3840733938621,0.5127367038807602,U51,15,measured_continuous_week_direct_isic
C19,皮革、毛皮、羽毛及其制品和制鞋业,task_timed,115,2017-12-01T19:00:00,633.8466180832318,0.3569882593732054,U51,15,measured_continuous_week_direct_isic
C19,皮革、毛皮、羽毛及其制品和制鞋业,task_timed,116,2017-12-01T20:00:00,542.1235668526853,0.30532899123320806,U51,15,measured_continuous_week_direct_isic
C19,皮革、毛皮、羽毛及其制品和制鞋业,task_timed,117,2017-12-01T21:00:00,546.2303207659012,0.3076419529014212,U51,15,measured_continuous_week_direct_isic
C19,皮革、毛皮、羽毛及其制品和制鞋业,task_timed,118,2017-12-01T22:00:00,2258.8477843181354,1.2722038987149176,U51,15,measured_continuous_week_direct_isic
C19,皮革、毛皮、羽毛及其制品和制鞋业,task_timed,119,2017-12-01T23:00:00,2260.2173186412874,1.2729752330728297,U51,15,measured_continuous_week_direct_isic
C19,皮革、毛皮、羽毛及其制品和制鞋业,task_timed,120,2017-12-02T00:00:00,2093.198848185139,1.1789088906008622,U51,15,measured_continuous_week_direct_isic
C19,皮革、毛皮、羽毛及其制品和制鞋业,task_timed,121,2017-12-02T01:00:00,1887.1640583211574,1.0628681973077592,U51,15,measured_continuous_week_direct_isic
C19,皮革、毛皮、羽毛及其制品和制鞋业,task_timed,122,2017-12-02T02:00:00,2256.1099483759913,1.2706619242694421,U51,15,measured_continuous_week_direct_isic
C19,皮革、毛皮、羽毛及其制品和制鞋业,task_timed,123,2017-12-02T03:00:00,1831.7201069083808,1.0316416526785968,U51,15,measured_continuous_week_direct_isic
C19,皮革、毛皮、羽毛及其制品和制鞋业,task_timed,124,2017-12-02T04:00:00,1974.7809719905683,1.1122148509147178,U51,15,measured_continuous_week_direct_isic
C19,皮革、毛皮、羽毛及其制品和制鞋业,task_timed,125,2017-12-02T05:00:00,1920.705322196783,1.0817589463731185,U51,15,measured_continuous_week_direct_isic
C19,皮革、毛皮、羽毛及其制品和制鞋业,task_timed,126,2017-12-02T06:00:00,2481.310206187061,1.3974967858160476,U51,15,measured_continuous_week_direct_isic
C19,皮革、毛皮、羽毛及其制品和制鞋业,task_timed,127,2017-12-02T07:00:00,2693.5054350969062,1.5170070951790575,U51,15,measured_continuous_week_direct_isic
C19,皮革、毛皮、羽毛及其制品和制鞋业,task_timed,128,2017-12-02T08:00:00,1286.1745533040555,0.7243853669561314,U51,15,measured_continuous_week_direct_isic
C19,皮革、毛皮、羽毛及其制品和制鞋业,task_timed,129,2017-12-02T09:00:00,2704.4573952175624,1.5231753400961336,U51,15,measured_continuous_week_direct_isic
C19,皮革、毛皮、羽毛及其制品和制鞋业,task_timed,130,2017-12-02T10:00:00,3150.066389764909,1.7741464343421751,U51,15,measured_continuous_week_direct_isic
C19,皮革、毛皮、羽毛及其制品和制鞋业,task_timed,131,2017-12-02T11:00:00,2706.5110803502107,1.5243319944978275,U51,15,measured_continuous_week_direct_isic
C19,皮革、毛皮、羽毛及其制品和制鞋业,task_timed,132,2017-12-02T12:00:00,737.20578024393,0.4152010924740604,U51,15,measured_continuous_week_direct_isic
C19,皮革、毛皮、羽毛及其制品和制鞋业,task_timed,133,2017-12-02T13:00:00,487.3643826014848,0.27448811378300175,U51,15,measured_continuous_week_direct_isic
C19,皮革、毛皮、羽毛及其制品和制鞋业,task_timed,134,2017-12-02T14:00:00,960.3523529223512,0.540879299618972,U51,15,measured_continuous_week_direct_isic
C19,皮革、毛皮、羽毛及其制品和制鞋业,task_timed,135,2017-12-02T15:00:00,1924.1279253005034,1.0836865879975501,U51,15,measured_continuous_week_direct_isic
C19,皮革、毛皮、羽毛及其制品和制鞋业,task_timed,136,2017-12-02T16:00:00,1614.049822466328,0.9090477415598105,U51,15,measured_continuous_week_direct_isic
C19,皮革、毛皮、羽毛及其制品和制鞋业,task_timed,137,2017-12-02T17:00:00,824.8214612091799,0.46454705181066996,U51,15,measured_continuous_week_direct_isic
C19,皮革、毛皮、羽毛及其制品和制鞋业,task_timed,138,2017-12-02T18:00:00,372.3678768064733,0.2097210214509398,U51,15,measured_continuous_week_direct_isic
C19,皮革、毛皮、羽毛及其制品和制鞋业,task_timed,139,2017-12-02T19:00:00,649.5894829265994,0.3658547860022762,U51,15,measured_continuous_week_direct_isic
C19,皮革、毛皮、羽毛及其制品和制鞋业,task_timed,140,2017-12-02T20:00:00,646.1668798228792,0.3639271443778446,U51,15,measured_continuous_week_direct_isic
C19,皮革、毛皮、羽毛及其制品和制鞋业,task_timed,141,2017-12-02T21:00:00,702.9803655588087,0.39592502336491947,U51,15,measured_continuous_week_direct_isic
C19,皮革、毛皮、羽毛及其制品和制鞋业,task_timed,142,2017-12-02T22:00:00,1286.8593204656322,0.7247710341350878,U51,15,measured_continuous_week_direct_isic
C19,皮革、毛皮、羽毛及其制品和制鞋业,task_timed,143,2017-12-02T23:00:00,1967.9357657831283,1.1083595676658549,U51,15,measured_continuous_week_direct_isic
C19,皮革、毛皮、羽毛及其制品和制鞋业,task_timed,144,2017-12-03T00:00:00,2235.57432975367,1.2590960745228528,U51,15,measured_continuous_week_direct_isic
C19,皮革、毛皮、羽毛及其制品和制鞋业,task_timed,145,2017-12-03T01:00:00,1538.7544032407257,0.8666406672278404,U51,15,measured_continuous_week_direct_isic
C19,皮革、毛皮、羽毛及其制品和制鞋业,task_timed,146,2017-12-03T02:00:00,1750.2648649889948,0.985765309411894,U51,15,measured_continuous_week_direct_isic
C19,皮革、毛皮、羽毛及其制品和制鞋业,task_timed,147,2017-12-03T03:00:00,1940.5555573054473,1.0929387818055771,U51,15,measured_continuous_week_direct_isic
C19,皮革、毛皮、羽毛及其制品和制鞋业,task_timed,148,2017-12-03T04:00:00,1881.6890027889501,1.059784595551983,U51,15,measured_continuous_week_direct_isic
C19,皮革、毛皮、羽毛及其制品和制鞋业,task_timed,149,2017-12-03T05:00:00,2127.4242628702605,1.1981849597100032,U51,15,measured_continuous_week_direct_isic
C19,皮革、毛皮、羽毛及其制品和制鞋业,task_timed,150,2017-12-03T06:00:00,2553.8677894705193,1.4383618857025424,U51,15,measured_continuous_week_direct_isic
C19,皮革、毛皮、羽毛及其制品和制鞋业,task_timed,151,2017-12-03T07:00:00,2593.568259687848,1.4607215565674596,U51,15,measured_continuous_week_direct_isic
C19,皮革、毛皮、羽毛及其制品和制鞋业,task_timed,152,2017-12-03T08:00:00,2069.2418591632586,1.1654160935001905,U51,15,measured_continuous_week_direct_isic
C19,皮革、毛皮、羽毛及其制品和制鞋业,task_timed,153,2017-12-03T09:00:00,2547.021966910998,1.4345062553185046,U51,15,measured_continuous_week_direct_isic
C19,皮革、毛皮、羽毛及其制品和制鞋业,task_timed,154,2017-12-03T10:00:00,2798.233515228677,1.5759909155026504,U51,15,measured_continuous_week_direct_isic
C19,皮革、毛皮、羽毛及其制品和制鞋业,task_timed,155,2017-12-03T11:00:00,2370.4210706573454,1.3350430022873732,U51,15,measured_continuous_week_direct_isic
C19,皮革、毛皮、羽毛及其制品和制鞋业,task_timed,156,2017-12-03T12:00:00,2465.566724991613,1.3886299120518024,U51,15,measured_continuous_week_direct_isic
C19,皮革、毛皮、羽毛及其制品和制鞋业,task_timed,157,2017-12-03T13:00:00,2791.388309021236,1.5721356322537872,U51,15,measured_continuous_week_direct_isic
C19,皮革、毛皮、羽毛及其制品和制鞋业,task_timed,158,2017-12-03T14:00:00,3101.467028207492,1.7467748258267013,U51,15,measured_continuous_week_direct_isic
C19,皮革、毛皮、羽毛及其制品和制鞋业,task_timed,159,2017-12-03T15:00:00,2931.7113381612803,1.651166856044433,U51,15,measured_continuous_week_direct_isic
C19,皮革、毛皮、羽毛及其制品和制鞋业,task_timed,160,2017-12-03T16:00:00,3255.4792370582554,1.833515921844724,U51,15,measured_continuous_week_direct_isic
C19,皮革、毛皮、羽毛及其制品和制鞋业,task_timed,161,2017-12-03T17:00:00,2822.191120602637,1.5894840597384963,U51,15,measured_continuous_week_direct_isic
C19,皮革、毛皮、羽毛及其制品和制鞋业,task_timed,162,2017-12-03T18:00:00,2164.386897145445,1.219002656129445,U51,15,measured_continuous_week_direct_isic
C19,皮革、毛皮、羽毛及其制品和制鞋业,task_timed,163,2017-12-03T19:00:00,1016.4816878487849,0.5724918585622651,U51,15,measured_continuous_week_direct_isic
C19,皮革、毛皮、羽毛及其制品和制鞋业,task_timed,164,2017-12-03T20:00:00,760.479234808395,0.428308916666125,U51,15,measured_continuous_week_direct_isic
C19,皮革、毛皮、羽毛及其制品和制鞋业,task_timed,165,2017-12-03T21:00:00,821.3988581054597,0.46261941018623837,U51,15,measured_continuous_week_direct_isic
C19,皮革、毛皮、羽毛及其制品和制鞋业,task_timed,166,2017-12-03T22:00:00,1717.4083682749456,0.967260227525491,U51,15,measured_continuous_week_direct_isic
C19,皮革、毛皮、羽毛及其制品和制鞋业,task_timed,167,2017-12-03T23:00:00,2577.824778492399,1.451854682803214,U51,15,measured_continuous_week_direct_isic
C20,木材加工和木、竹、藤、棕、草制品业,task_timed,0,2017-11-20T00:00:00,24.366703765580176,0.006987473663399619,U53,16,measured_continuous_week_direct_isic
C20,木材加工和木、竹、藤、棕、草制品业,task_timed,1,2017-11-20T01:00:00,29.23597407329791,0.008383801142178788,U53,16,measured_continuous_week_direct_isic
C20,木材加工和木、竹、藤、棕、草制品业,task_timed,2,2017-11-20T02:00:00,24.366703765580176,0.006987473663399619,U53,16,measured_continuous_week_direct_isic
C20,木材加工和木、竹、藤、棕、草制品业,task_timed,3,2017-11-20T03:00:00,19.49743345786244,0.005591146184620451,U53,16,measured_continuous_week_direct_isic
C20,木材加工和木、竹、藤、棕、草制品业,task_timed,4,2017-11-20T04:00:00,19.49743345786244,0.005591146184620451,U53,16,measured_continuous_week_direct_isic
C20,木材加工和木、竹、藤、棕、草制品业,task_timed,5,2017-11-20T05:00:00,24.3616157088323,0.0069860145960236745,U53,16,measured_continuous_week_direct_isic
C20,木材加工和木、竹、藤、棕、草制品业,task_timed,6,2017-11-20T06:00:00,19.492345401114562,0.005589687117244505,U53,16,measured_continuous_week_direct_isic
C20,木材加工和木、竹、藤、棕、草制品业,task_timed,7,2017-11-20T07:00:00,6524.048827716087,1.8708570433229417,U53,16,measured_continuous_week_direct_isic
C20,木材加工和木、竹、藤、棕、草制品业,task_timed,8,2017-11-20T08:00:00,8560.680918585816,2.454888155363996,U53,16,measured_continuous_week_direct_isic
C20,木材加工和木、竹、藤、棕、草制品业,task_timed,9,2017-11-20T09:00:00,8892.004997894033,2.549899704750769,U53,16,measured_continuous_week_direct_isic
C20,木材加工和木、竹、藤、棕、草制品业,task_timed,10,2017-11-20T10:00:00,8429.12921136947,2.417163968358943,U53,16,measured_continuous_week_direct_isic
C20,木材加工和木、竹、藤、棕、草制品业,task_timed,11,2017-11-20T11:00:00,8853.020307091805,2.53872033051628,U53,16,measured_continuous_week_direct_isic
C20,木材加工和木、竹、藤、棕、草制品业,task_timed,12,2017-11-20T12:00:00,1948.9241686498358,0.558879708614518,U53,16,measured_continuous_week_direct_isic
C20,木材加工和木、竹、藤、棕、草制品业,task_timed,13,2017-11-20T13:00:00,6835.8805616231875,1.9602789055924699,U53,16,measured_continuous_week_direct_isic
C20,木材加工和木、竹、藤、棕、草制品业,task_timed,14,2017-11-20T14:00:00,7888.299307410694,2.262073860700267,U53,16,measured_continuous_week_direct_isic
C20,木材加工和木、竹、藤、棕、草制品业,task_timed,15,2017-11-20T15:00:00,8511.962775224898,2.4409175852393243,U53,16,measured_continuous_week_direct_isic
C20,木材加工和木、竹、藤、棕、草制品业,task_timed,16,2017-11-20T16:00:00,9218.449630781037,2.643512008524011,U53,16,measured_continuous_week_direct_isic
C20,木材加工和木、竹、藤、棕、草制品业,task_timed,17,2017-11-20T17:00:00,7620.331710727035,2.1852306182787586,U53,16,measured_continuous_week_direct_isic
C20,木材加工和木、竹、藤、棕、草制品业,task_timed,18,2017-11-20T18:00:00,3288.828296805856,0.9431148885979479,U53,16,measured_continuous_week_direct_isic
C20,木材加工和木、竹、藤、棕、草制品业,task_timed,19,2017-11-20T19:00:00,263.10341443268965,0.07544837401010529,U53,16,measured_continuous_week_direct_isic
C20,木材加工和木、竹、藤、棕、草制品业,task_timed,20,2017-11-20T20:00:00,102.31573314304691,0.02934038586287386,U53,16,measured_continuous_week_direct_isic
C20,木材加工和木、竹、藤、棕、草制品业,task_timed,21,2017-11-20T21:00:00,116.93372017969585,0.03353228643396325,U53,16,measured_continuous_week_direct_isic
C20,木材加工和木、竹、藤、棕、草制品业,task_timed,22,2017-11-20T22:00:00,43.853961109946866,0.01257570171326818,U53,16,measured_continuous_week_direct_isic
C20,木材加工和木、竹、藤、棕、草制品业,task_timed,23,2017-11-20T23:00:00,34.11033243776352,0.0097815876883339,U53,16,measured_continuous_week_direct_isic
C20,木材加工和木、竹、藤、棕、草制品业,task_timed,24,2017-11-21T00:00:00,29.23597407329791,0.008383801142178788,U53,16,measured_continuous_week_direct_isic
C20,木材加工和木、竹、藤、棕、草制品业,task_timed,25,2017-11-21T01:00:00,14.617987036648955,0.004191900571089394,U53,16,measured_continuous_week_direct_isic
C20,木材加工和木、竹、藤、棕、草制品业,task_timed,26,2017-11-21T02:00:00,38.97960274548125,0.011177915167113068,U53,16,measured_continuous_week_direct_isic
C20,木材加工和木、竹、藤、棕、草制品业,task_timed,27,2017-11-21T03:00:00,19.492345401114562,0.005589687117244505,U53,16,measured_continuous_week_direct_isic
C20,木材加工和木、竹、藤、棕、草制品业,task_timed,28,2017-11-21T04:00:00,19.49743345786244,0.005591146184620451,U53,16,measured_continuous_week_direct_isic
C20,木材加工和木、竹、藤、棕、草制品业,task_timed,29,2017-11-21T05:00:00,19.49743345786244,0.005591146184620451,U53,16,measured_continuous_week_direct_isic
C20,木材加工和木、竹、藤、棕、草制品业,task_timed,30,2017-11-21T06:00:00,29.241062130045783,0.008385260209554731,U53,16,measured_continuous_week_direct_isic
C20,木材加工和木、竹、藤、棕、草制品业,task_timed,31,2017-11-21T07:00:00,6236.583797574564,1.7884226547168125,U53,16,measured_continuous_week_direct_isic
C20,木材加工和木、竹、藤、棕、草制品业,task_timed,32,2017-11-21T08:00:00,9554.637892340223,2.739918426322187,U53,16,measured_continuous_week_direct_isic
C20,木材加工和木、竹、藤、棕、草制品业,task_timed,33,2017-11-21T09:00:00,8979.707832057178,2.5750496491099293,U53,16,measured_continuous_week_direct_isic
C20,木材加工和木、竹、藤、棕、草制品业,task_timed,34,2017-11-21T10:00:00,7342.6001331442,2.105587425562812,U53,16,measured_continuous_week_direct_isic
C20,木材加工和木、竹、藤、棕、草制品业,task_timed,35,2017-11-21T11:00:00,5461.881365199648,1.5662665151228339,U53,16,measured_continuous_week_direct_isic
C20,木材加工和木、竹、藤、棕、草制品业,task_timed,36,2017-11-21T12:00:00,1617.6204415686107,0.4638739954972486,U53,16,measured_continuous_week_direct_isic
C20,木材加工和木、竹、藤、棕、草制品业,task_timed,37,2017-11-21T13:00:00,4521.5270692841195,1.2966075189702209,U53,16,measured_continuous_week_direct_isic
C20,木材加工和木、竹、藤、棕、草制品业,task_timed,38,2017-11-21T14:00:00,5578.820173436092,1.5998002606241732,U53,16,measured_continuous_week_direct_isic
C20,木材加工和木、竹、藤、棕、草制品业,task_timed,39,2017-11-21T15:00:00,5301.093683910005,1.5201585269756024,U53,16,measured_continuous_week_direct_isic
C20,木材加工和木、竹、藤、棕、草制品业,task_timed,40,2017-11-21T16:00:00,4701.80200791813,1.348303735167321,U53,16,measured_continuous_week_direct_isic
C20,木材加工和木、竹、藤、棕、草制品业,task_timed,41,2017-11-21T17:00:00,5052.608256513965,1.4489020535365869,U53,16,measured_continuous_week_direct_isic
C20,木材加工和木、竹、藤、棕、草制品业,task_timed,42,2017-11-21T18:00:00,4511.7783525551895,1.293811945877911,U53,16,measured_continuous_week_direct_isic
C20,木材加工和木、竹、藤、棕、草制品业,task_timed,43,2017-11-21T19:00:00,1461.7020305866859,0.41916233482879645,U53,16,measured_continuous_week_direct_isic
C20,木材加工和木、竹、藤、棕、草制品业,task_timed,44,2017-11-21T20:00:00,657.7636241384721,0.18862239409263923,U53,16,measured_continuous_week_direct_isic
C20,木材加工和木、竹、藤、棕、草制品业,task_timed,45,2017-11-21T21:00:00,185.14929699847502,0.053094002743255105,U53,16,measured_continuous_week_direct_isic
C20,木材加工和木、竹、藤、棕、草制品业,task_timed,46,2017-11-21T22:00:00,160.78768128964273,0.04610798814723144,U53,16,measured_continuous_week_direct_isic
C20,木材加工和木、竹、藤、棕、草制品业,task_timed,47,2017-11-21T23:00:00,160.78768128964273,0.04610798814723144,U53,16,measured_continuous_week_direct_isic
C20,木材加工和木、竹、藤、棕、草制品业,task_timed,48,2017-11-22T00:00:00,29.241062130045783,0.008385260209554731,U53,16,measured_continuous_week_direct_isic
C20,木材加工和木、竹、藤、棕、草制品业,task_timed,49,2017-11-22T01:00:00,24.366703765580176,0.006987473663399619,U53,16,measured_continuous_week_direct_isic
C20,木材加工和木、竹、藤、棕、草制品业,task_timed,50,2017-11-22T02:00:00,24.366703765580176,0.006987473663399619,U53,16,measured_continuous_week_direct_isic
C20,木材加工和木、竹、藤、棕、草制品业,task_timed,51,2017-11-22T03:00:00,38.97960274548125,0.011177915167113068,U53,16,measured_continuous_week_direct_isic
C20,木材加工和木、竹、藤、棕、草制品业,task_timed,52,2017-11-22T04:00:00,24.366703765580176,0.006987473663399619,U53,16,measured_continuous_week_direct_isic
C20,木材加工和木、竹、藤、棕、草制品业,task_timed,53,2017-11-22T05:00:00,24.366703765580176,0.006987473663399619,U53,16,measured_continuous_week_direct_isic
C20,木材加工和木、竹、藤、棕、草制品业,task_timed,54,2017-11-22T06:00:00,24.366703765580176,0.006987473663399619,U53,16,measured_continuous_week_direct_isic
C20,木材加工和木、竹、藤、棕、草制品业,task_timed,55,2017-11-22T07:00:00,5310.842400638937,1.522954100067913,U53,16,measured_continuous_week_direct_isic
C20,木材加工和木、竹、藤、棕、草制品业,task_timed,56,2017-11-22T08:00:00,8497.34478818825,2.436725684668235,U53,16,measured_continuous_week_direct_isic
C20,木材加工和木、竹、藤、棕、草制品业,task_timed,57,2017-11-22T09:00:00,8906.617896873935,2.5540901462544827,U53,16,measured_continuous_week_direct_isic
C20,木材加工和木、竹、藤、棕、草制品业,task_timed,58,2017-11-22T10:00:00,8453.490827078302,2.424149982954966,U53,16,measured_continuous_week_direct_isic
C20,木材加工和木、竹、藤、棕、草制品业,task_timed,59,2017-11-22T11:00:00,8463.239543807234,2.426945556047277,U53,16,measured_continuous_week_direct_isic
C20,木材加工和木、竹、藤、棕、草制品业,task_timed,60,2017-11-22T12:00:00,2085.360410344142,0.5980046003004776,U53,16,measured_continuous_week_direct_isic
C20,木材加工和木、竹、藤、棕、草制品业,task_timed,61,2017-11-22T13:00:00,3673.7347017259594,1.0534918765207957,U53,16,measured_continuous_week_direct_isic
C20,木材加工和木、竹、藤、棕、草制品业,task_timed,62,2017-11-22T14:00:00,6821.262574586539,1.9560870050213806,U53,16,measured_continuous_week_direct_isic
C20,木材加工和木、竹、藤、棕、草制品业,task_timed,63,2017-11-22T15:00:00,6231.714527266847,1.7870263272380333,U53,16,measured_continuous_week_direct_isic
C20,木材加工和木、竹、藤、棕、草制品业,task_timed,64,2017-11-22T16:00:00,5495.986609580664,1.5760466437437919,U53,16,measured_continuous_week_direct_isic
C20,木材加工和木、竹、藤、棕、草制品业,task_timed,65,2017-11-22T17:00:00,6913.839767114151,1.9826347359266963,U53,16,measured_continuous_week_direct_isic
C20,木材加工和木、竹、藤、棕、草制品业,task_timed,66,2017-11-22T18:00:00,2986.7401915709374,0.8564871403533536,U53,16,measured_continuous_week_direct_isic
C20,木材加工和木、竹、藤、棕、草制品业,task_timed,67,2017-11-22T19:00:00,258.2341441249719,0.07405204653132613,U53,16,measured_continuous_week_direct_isic
C20,木材加工和木、竹、藤、棕、草制品业,task_timed,68,2017-11-22T20:00:00,155.91332292517714,0.044710201601076326,U53,16,measured_continuous_week_direct_isic
C20,木材加工和木、竹、藤、棕、草制品业,task_timed,69,2017-11-22T21:00:00,102.3208211997948,0.02934184493024981,U53,16,measured_continuous_week_direct_isic
C20,木材加工和木、竹、藤、棕、草制品业,task_timed,70,2017-11-22T22:00:00,263.10341443268965,0.07544837401010529,U53,16,measured_continuous_week_direct_isic
C20,木材加工和木、竹、藤、棕、草制品业,task_timed,71,2017-11-22T23:00:00,43.85904916669474,0.012577160780644124,U53,16,measured_continuous_week_direct_isic
C20,木材加工和木、竹、藤、棕、草制品业,task_timed,72,2017-11-23T00:00:00,34.11033243776352,0.0097815876883339,U53,16,measured_continuous_week_direct_isic
C20,木材加工和木、竹、藤、棕、草制品业,task_timed,73,2017-11-23T01:00:00,14.617987036648955,0.004191900571089394,U53,16,measured_continuous_week_direct_isic
C20,木材加工和木、竹、藤、棕、草制品业,task_timed,74,2017-11-23T02:00:00,38.97960274548125,0.011177915167113068,U53,16,measured_continuous_week_direct_isic
C20,木材加工和木、竹、藤、棕、草制品业,task_timed,75,2017-11-23T03:00:00,14.617987036648955,0.004191900571089394,U53,16,measured_continuous_week_direct_isic
C20,木材加工和木、竹、藤、棕、草制品业,task_timed,76,2017-11-23T04:00:00,19.492345401114562,0.005589687117244505,U53,16,measured_continuous_week_direct_isic
C20,木材加工和木、竹、藤、棕、草制品业,task_timed,77,2017-11-23T05:00:00,24.3616157088323,0.0069860145960236745,U53,16,measured_continuous_week_direct_isic
C20,木材加工和木、竹、藤、棕、草制品业,task_timed,78,2017-11-23T06:00:00,19.492345401114562,0.005589687117244505,U53,16,measured_continuous_week_direct_isic
C20,木材加工和木、竹、藤、棕、草制品业,task_timed,79,2017-11-23T07:00:00,6012.454897830608,1.7241507368064444,U53,16,measured_continuous_week_direct_isic
C20,木材加工和木、竹、藤、棕、草制品业,task_timed,80,2017-11-23T08:00:00,8594.79125102358,2.46466974305233,U53,16,measured_continuous_week_direct_isic
C20,木材加工和木、竹、藤、棕、草制品业,task_timed,81,2017-11-23T09:00:00,8434.003569733937,2.4185617549050984,U53,16,measured_continuous_week_direct_isic
C20,木材加工和木、竹、藤、棕、草制品业,task_timed,82,2017-11-23T10:00:00,8414.511224332822,2.412972067787854,U53,16,measured_continuous_week_direct_isic
C20,木材加工和木、竹、藤、棕、草制品业,task_timed,83,2017-11-23T11:00:00,8614.278508367946,2.4702579711021984,U53,16,measured_continuous_week_direct_isic
C20,木材加工和木、竹、藤、棕、草制品业,task_timed,84,2017-11-23T12:00:00,2421.5486719033283,0.6944110180986539,U53,16,measured_continuous_week_direct_isic
C20,木材加工和木、竹、藤、棕、草制品业,task_timed,85,2017-11-23T13:00:00,5798.074714815583,1.6626743919883866,U53,16,measured_continuous_week_direct_isic
C20,木材加工和木、竹、藤、棕、草制品业,task_timed,86,2017-11-23T14:00:00,7552.116133908256,2.165668901969467,U53,16,measured_continuous_week_direct_isic
C20,木材加工和木、竹、藤、棕、草制品业,task_timed,87,2017-11-23T15:00:00,10095.467796298999,2.8950085339808633,U53,16,measured_continuous_week_direct_isic
C20,木材加工和木、竹、藤、棕、草制品业,task_timed,88,2017-11-23T16:00:00,10007.7700501926,2.8698600486890786,U53,16,measured_continuous_week_direct_isic
C20,木材加工和木、竹、藤、棕、草制品业,task_timed,89,2017-11-23T17:00:00,6918.709037421869,1.9840310634054754,U53,16,measured_continuous_week_direct_isic
C20,木材加工和木、竹、藤、棕、草制品业,task_timed,90,2017-11-23T18:00:00,6558.15916015385,1.8806386310112755,U53,16,measured_continuous_week_direct_isic
C20,木材加工和木、竹、藤、棕、草制品业,task_timed,91,2017-11-23T19:00:00,1486.0585582387703,0.42614689035744413,U53,16,measured_continuous_week_direct_isic
C20,木材加工和木、竹、藤、棕、草制品业,task_timed,92,2017-11-23T20:00:00,511.59392988547825,0.14670630651649716,U53,16,measured_continuous_week_direct_isic
C20,木材加工和木、竹、藤、棕、草制品业,task_timed,93,2017-11-23T21:00:00,1320.4016066414097,0.37864257473143353,U53,16,measured_continuous_week_direct_isic
C20,木材加工和木、竹、藤、棕、草制品业,task_timed,94,2017-11-23T22:00:00,194.8929256706584,0.055888116768189396,U53,16,measured_continuous_week_direct_isic
C20,木材加工和木、竹、藤、棕、草制品业,task_timed,95,2017-11-23T23:00:00,526.2170049788751,0.1508996661549625,U53,16,measured_continuous_week_direct_isic
C20,木材加工和木、竹、藤、棕、草制品业,task_timed,96,2017-11-24T00:00:00,1013.4391430420253,0.2906170399406841,U53,16,measured_continuous_week_direct_isic
C20,木材加工和木、竹、藤、棕、草制品业,task_timed,97,2017-11-24T01:00:00,58.47194814659582,0.016767602284357575,U53,16,measured_continuous_week_direct_isic
C20,木材加工和木、竹、藤、棕、草制品业,task_timed,98,2017-11-24T02:00:00,24.366703765580176,0.006987473663399619,U53,16,measured_continuous_week_direct_isic
C20,木材加工和木、竹、藤、棕、草制品业,task_timed,99,2017-11-24T03:00:00,19.49743345786244,0.005591146184620451,U53,16,measured_continuous_week_direct_isic
C20,木材加工和木、竹、藤、棕、草制品业,task_timed,100,2017-11-24T04:00:00,19.49743345786244,0.005591146184620451,U53,16,measured_continuous_week_direct_isic
C20,木材加工和木、竹、藤、棕、草制品业,task_timed,101,2017-11-24T05:00:00,29.23597407329791,0.008383801142178788,U53,16,measured_continuous_week_direct_isic
C20,木材加工和木、竹、藤、棕、草制品业,task_timed,102,2017-11-24T06:00:00,19.492345401114562,0.005589687117244505,U53,16,measured_continuous_week_direct_isic
C20,木材加工和木、竹、藤、棕、草制品业,task_timed,103,2017-11-24T07:00:00,5525.222583653962,1.584430444885971,U53,16,measured_continuous_week_direct_isic
C20,木材加工和木、竹、藤、棕、草制品业,task_timed,104,2017-11-24T08:00:00,8716.599329567742,2.499599816032448,U53,16,measured_continuous_week_direct_isic
C20,木材加工和木、竹、藤、棕、草制品业,task_timed,105,2017-11-24T09:00:00,9116.128809581242,2.6141701635937613,U53,16,measured_continuous_week_direct_isic
C20,木材加工和木、竹、藤、棕、草制品业,task_timed,106,2017-11-24T10:00:00,8887.130639529567,2.548501918204614,U53,16,measured_continuous_week_direct_isic
C20,木材加工和木、竹、藤、棕、草制品业,task_timed,107,2017-11-24T11:00:00,9710.556303322148,2.7846300869906395,U53,16,measured_continuous_week_direct_isic
C20,木材加工和木、竹、藤、棕、草制品业,task_timed,108,2017-11-24T12:00:00,1846.6186116202848,0.529542240886396,U53,16,measured_continuous_week_direct_isic
C20,木材加工和木、竹、藤、棕、草制品业,task_timed,109,2017-11-24T13:00:00,5861.421021326644,1.680839780818899,U53,16,measured_continuous_week_direct_isic
C20,木材加工和木、竹、藤、棕、草制品业,task_timed,110,2017-11-24T14:00:00,7932.153268520642,2.2746495624135354,U53,16,measured_continuous_week_direct_isic
C20,木材加工和木、竹、藤、棕、草制品业,task_timed,111,2017-11-24T15:00:00,9598.486765393422,2.7524926689680798,U53,16,measured_continuous_week_direct_isic
C20,木材加工和木、竹、藤、棕、草制品业,task_timed,112,2017-11-24T16:00:00,8974.828385635967,2.5736504034963987,U53,16,measured_continuous_week_direct_isic
C20,木材加工和木、竹、藤、棕、草制品业,task_timed,113,2017-11-24T17:00:00,6382.753491827558,1.8303387422929545,U53,16,measured_continuous_week_direct_isic
C20,木材加工和木、竹、藤、棕、草制品业,task_timed,114,2017-11-24T18:00:00,4087.8872568328557,1.172255583720574,U53,16,measured_continuous_week_direct_isic
C20,木材加工和木、竹、藤、棕、草制品业,task_timed,115,2017-11-24T19:00:00,487.232314176646,0.1397202919204735,U53,16,measured_continuous_week_direct_isic
C20,木材加工和木、竹、藤、棕、草制品业,task_timed,116,2017-11-24T20:00:00,180.26985057726156,0.05169475712972406,U53,16,measured_continuous_week_direct_isic
C20,木材加工和木、竹、藤、棕、草制品业,task_timed,117,2017-11-24T21:00:00,151.04914067420728,0.0433153331896731,U53,16,measured_continuous_week_direct_isic
C20,木材加工和木、竹、藤、棕、草制品业,task_timed,118,2017-11-24T22:00:00,68.21557681877917,0.019561716309291856,U53,16,measured_continuous_week_direct_isic
C20,木材加工和木、竹、藤、棕、草制品业,task_timed,119,2017-11-24T23:00:00,24.366703765580176,0.006987473663399619,U53,16,measured_continuous_week_direct_isic
C20,木材加工和木、竹、藤、棕、草制品业,task_timed,120,2017-11-25T00:00:00,24.3616157088323,0.0069860145960236745,U53,16,measured_continuous_week_direct_isic
C20,木材加工和木、竹、藤、棕、草制品业,task_timed,121,2017-11-25T01:00:00,29.23597407329791,0.008383801142178788,U53,16,measured_continuous_week_direct_isic
C20,木材加工和木、竹、藤、棕、草制品业,task_timed,122,2017-11-25T02:00:00,24.3616157088323,0.0069860145960236745,U53,16,measured_continuous_week_direct_isic
C20,木材加工和木、竹、藤、棕、草制品业,task_timed,123,2017-11-25T03:00:00,19.492345401114562,0.005589687117244505,U53,16,measured_continuous_week_direct_isic
C20,木材加工和木、竹、藤、棕、草制品业,task_timed,124,2017-11-25T04:00:00,19.492345401114562,0.005589687117244505,U53,16,measured_continuous_week_direct_isic
C20,木材加工和木、竹、藤、棕、草制品业,task_timed,125,2017-11-25T05:00:00,19.49743345786244,0.005591146184620451,U53,16,measured_continuous_week_direct_isic
C20,木材加工和木、竹、藤、棕、草制品业,task_timed,126,2017-11-25T06:00:00,19.49743345786244,0.005591146184620451,U53,16,measured_continuous_week_direct_isic
C20,木材加工和木、竹、藤、棕、草制品业,task_timed,127,2017-11-25T07:00:00,6207.347823501266,1.7800388535746337,U53,16,measured_continuous_week_direct_isic
C20,木材加工和木、竹、藤、棕、草制品业,task_timed,128,2017-11-25T08:00:00,8326.813478226424,2.387823582496069,U53,16,measured_continuous_week_direct_isic
C20,木材加工和木、竹、藤、棕、草制品业,task_timed,129,2017-11-25T09:00:00,8331.682748534142,2.3892199099748486,U53,16,measured_continuous_week_direct_isic
C20,木材加工和木、竹、藤、棕、草制品业,task_timed,130,2017-11-25T10:00:00,8438.872840041653,2.419958082383877,U53,16,measured_continuous_week_direct_isic
C20,木材加工和木、竹、藤、棕、草制品业,task_timed,131,2017-11-25T11:00:00,8390.154696680738,2.4059875122592063,U53,16,measured_continuous_week_direct_isic
C20,木材加工和木、竹、藤、棕、草制品业,task_timed,132,2017-11-25T12:00:00,1656.5898682005961,0.4750489925296098,U53,16,measured_continuous_week_direct_isic
C20,木材加工和木、竹、藤、棕、草制品业,task_timed,133,2017-11-25T13:00:00,7649.5575086868375,2.1936115012861856,U53,16,measured_continuous_week_direct_isic
C20,木材加工和木、竹、藤、棕、草制品业,task_timed,134,2017-11-25T14:00:00,8122.171835826834,2.3291398926355695,U53,16,measured_continuous_week_direct_isic
C20,木材加工和木、竹、藤、棕、草制品业,task_timed,135,2017-11-25T15:00:00,7854.199151086427,2.2522951911466853,U53,16,measured_continuous_week_direct_isic
C20,木材加工和木、竹、藤、棕、草制品业,task_timed,136,2017-11-25T16:00:00,6850.498548659837,1.9644708061635594,U53,16,measured_continuous_week_direct_isic
C20,木材加工和木、竹、藤、棕、草制品业,task_timed,137,2017-11-25T17:00:00,9423.086185123879,2.702194239317135,U53,16,measured_continuous_week_direct_isic
C20,木材加工和木、竹、藤、棕、草制品业,task_timed,138,2017-11-25T18:00:00,4794.369024332245,1.3748485479378847,U53,16,measured_continuous_week_direct_isic
C20,木材加工和木、竹、藤、棕、草制品业,task_timed,139,2017-11-25T19:00:00,1539.6561480209002,0.4415167060956465,U53,16,measured_continuous_week_direct_isic
C20,木材加工和木、竹、藤、棕、草制品业,task_timed,140,2017-11-25T20:00:00,511.59901794222617,0.1467077655838731,U53,16,measured_continuous_week_direct_isic
C20,木材加工和木、竹、藤、棕、草制品业,task_timed,141,2017-11-25T21:00:00,175.4056683262917,0.050299888718320834,U53,16,measured_continuous_week_direct_isic
C20,木材加工和木、竹、藤、棕、草制品业,task_timed,142,2017-11-25T22:00:00,165.65695159736046,0.0475043156260106,U53,16,measured_continuous_week_direct_isic
C20,木材加工和木、竹、藤、棕、草制品业,task_timed,143,2017-11-25T23:00:00,136.42606558081047,0.03912197355120777,U53,16,measured_continuous_week_direct_isic
C20,木材加工和木、竹、藤、棕、草制品业,task_timed,144,2017-11-26T00:00:00,19.492345401114562,0.005589687117244505,U53,16,measured_continuous_week_direct_isic
C20,木材加工和木、竹、藤、棕、草制品业,task_timed,145,2017-11-26T01:00:00,24.366703765580176,0.006987473663399619,U53,16,measured_continuous_week_direct_isic
C20,木材加工和木、竹、藤、棕、草制品业,task_timed,146,2017-11-26T02:00:00,29.241062130045783,0.008385260209554731,U53,16,measured_continuous_week_direct_isic
C20,木材加工和木、竹、藤、棕、草制品业,task_timed,147,2017-11-26T03:00:00,24.3616157088323,0.0069860145960236745,U53,16,measured_continuous_week_direct_isic
C20,木材加工和木、竹、藤、棕、草制品业,task_timed,148,2017-11-26T04:00:00,14.617987036648955,0.004191900571089394,U53,16,measured_continuous_week_direct_isic
C20,木材加工和木、竹、藤、棕、草制品业,task_timed,149,2017-11-26T05:00:00,19.492345401114562,0.005589687117244505,U53,16,measured_continuous_week_direct_isic
C20,木材加工和木、竹、藤、棕、草制品业,task_timed,150,2017-11-26T06:00:00,19.49743345786244,0.005591146184620451,U53,16,measured_continuous_week_direct_isic
C20,木材加工和木、竹、藤、棕、草制品业,task_timed,151,2017-11-26T07:00:00,6319.412273373244,1.8121748125298176,U53,16,measured_continuous_week_direct_isic
C20,木材加工和木、竹、藤、棕、草制品业,task_timed,152,2017-11-26T08:00:00,9315.896093616366,2.6714560669081058,U53,16,measured_continuous_week_direct_isic
C20,木材加工和木、竹、藤、棕、草制品业,task_timed,153,2017-11-26T09:00:00,7756.7476001943505,2.224349673695215,U53,16,measured_continuous_week_direct_isic
C20,木材加工和木、竹、藤、棕、草制品业,task_timed,154,2017-11-26T10:00:00,7030.7683992370985,2.0161655632932836,U53,16,measured_continuous_week_direct_isic
C20,木材加工和木、竹、藤、棕、草制品业,task_timed,155,2017-11-26T11:00:00,7912.671099233024,2.269062793431043,U53,16,measured_continuous_week_direct_isic
C20,木材加工和木、竹、藤、棕、草制品业,task_timed,156,2017-11-26T12:00:00,1364.2555677513565,0.3912182764447017,U53,16,measured_continuous_week_direct_isic
C20,木材加工和木、竹、藤、棕、草制品业,task_timed,157,2017-11-26T13:00:00,6348.648247446542,1.8205586136719965,U53,16,measured_continuous_week_direct_isic
C20,木材加工和木、竹、藤、棕、草制品业,task_timed,158,2017-11-26T14:00:00,8161.1565266290645,2.340319266870059,U53,16,measured_continuous_week_direct_isic
C20,木材加工和木、竹、藤、棕、草制品业,task_timed,159,2017-11-26T15:00:00,7815.219548340946,2.241117275979572,U53,16,measured_continuous_week_direct_isic
C20,木材加工和木、竹、藤、棕、草制品业,task_timed,160,2017-11-26T16:00:00,7137.968666858107,2.0469066538370644,U53,16,measured_continuous_week_direct_isic
C20,木材加工和木、竹、藤、棕、草制品业,task_timed,161,2017-11-26T17:00:00,8102.684578482468,2.3235516645857013,U53,16,measured_continuous_week_direct_isic
C20,木材加工和木、竹、藤、棕、草制品业,task_timed,162,2017-11-26T18:00:00,2850.309037933379,0.8173637077347699,U53,16,measured_continuous_week_direct_isic
C20,木材加工和木、竹、藤、棕、草制品业,task_timed,163,2017-11-26T19:00:00,253.36487381725416,0.07265571905254696,U53,16,measured_continuous_week_direct_isic
C20,木材加工和木、竹、藤、棕、草制品业,task_timed,164,2017-11-26T20:00:00,214.38527107177293,0.0614778038854339,U53,16,measured_continuous_week_direct_isic
C20,木材加工和木、竹、藤、棕、草制品业,task_timed,165,2017-11-26T21:00:00,68.21048876203128,0.01956025724191591,U53,16,measured_continuous_week_direct_isic
C20,木材加工和木、竹、藤、棕、草制品业,task_timed,166,2017-11-26T22:00:00,73.08484712649688,0.02095804378807102,U53,16,measured_continuous_week_direct_isic
C20,木材加工和木、竹、藤、棕、草制品业,task_timed,167,2017-11-26T23:00:00,77.96429354771038,0.02235728940160208,U53,16,measured_continuous_week_direct_isic
C21,家具制造业,task_timed,0,2019-04-29T00:00:00,481.850498373132,0.28058003671633636,U246,31,measured_continuous_week_direct_isic
C21,家具制造业,task_timed,1,2019-04-29T01:00:00,350.4369312921118,0.2040583280097809,U246,31,measured_continuous_week_direct_isic
C21,家具制造业,task_timed,2,2019-04-29T02:00:00,369.90552429566384,0.2153948287671632,U246,31,measured_continuous_week_direct_isic
C21,家具制造业,task_timed,3,2019-04-29T03:00:00,365.03894035181946,0.2125610321720425,U246,31,measured_continuous_week_direct_isic
C21,家具制造业,task_timed,4,2019-04-29T04:00:00,355.30351523595624,0.20689212460490164,U246,31,measured_continuous_week_direct_isic
C21,家具制造业,task_timed,5,2019-04-29T05:00:00,328.53730354481183,0.19130624333173765,U246,31,measured_continuous_week_direct_isic
C21,家具制造业,task_timed,6,2019-04-29T06:00:00,425.87575410622355,0.24798611836485035,U246,31,measured_continuous_week_direct_isic
C21,家具制造业,task_timed,7,2019-04-29T07:00:00,846.8939531812999,0.4931436976421776,U246,31,measured_continuous_week_direct_isic
C21,家具制造业,task_timed,8,2019-04-29T08:00:00,3796.411751343445,2.21063867771994,U246,31,measured_continuous_week_direct_isic
C21,家具制造业,task_timed,9,2019-04-29T09:00:00,5344.1795671089685,3.1118990313816792,U246,31,measured_continuous_week_direct_isic
C21,家具制造业,task_timed,10,2019-04-29T10:00:00,5324.708716877243,3.1005612162473986,U246,31,measured_continuous_week_direct_isic
C21,家具制造业,task_timed,11,2019-04-29T11:00:00,5869.833835433048,3.4179858662079003,U246,31,measured_continuous_week_direct_isic
C21,家具制造业,task_timed,12,2019-04-29T12:00:00,3407.037634044229,1.9839073481953944,U246,31,measured_continuous_week_direct_isic
C21,家具制造业,task_timed,13,2019-04-29T13:00:00,1465.0268598074708,0.8530805540370895,U246,31,measured_continuous_week_direct_isic
C21,家具制造业,task_timed,14,2019-04-29T14:00:00,3847.5153972101602,2.2403961707225064,U246,31,measured_continuous_week_direct_isic
C21,家具制造业,task_timed,15,2019-04-29T15:00:00,4796.618899353066,2.793056168746717,U246,31,measured_continuous_week_direct_isic
C21,家具制造业,task_timed,16,2019-04-29T16:00:00,4969.402944413112,2.893667777265597,U246,31,measured_continuous_week_direct_isic
C21,家具制造业,task_timed,17,2019-04-29T17:00:00,4872.059979395352,2.8369852734786853,U246,31,measured_continuous_week_direct_isic
C21,家具制造业,task_timed,18,2019-04-29T18:00:00,2148.867678588239,1.2512789219737288,U246,31,measured_continuous_week_direct_isic
C21,家具制造业,task_timed,19,2019-04-29T19:00:00,1642.6774888113619,0.9565259591510906,U246,31,measured_continuous_week_direct_isic
C21,家具制造业,task_timed,20,2019-04-29T20:00:00,1625.642187779732,0.9466063566912687,U246,31,measured_continuous_week_direct_isic
C21,家具制造业,task_timed,21,2019-04-29T21:00:00,1547.7678157655234,0.9012603536617394,U246,31,measured_continuous_week_direct_isic
C21,家具制造业,task_timed,22,2019-04-29T22:00:00,1007.5115383817355,0.5866708146732562,U246,31,measured_continuous_week_direct_isic
C21,家具制造业,task_timed,23,2019-04-29T23:00:00,720.3447128159501,0.41945447115384354,U246,31,measured_continuous_week_direct_isic
C21,家具制造业,task_timed,24,2019-04-30T00:00:00,554.8605436716701,0.32309355752764424,U246,31,measured_continuous_week_direct_isic
C21,家具制造业,task_timed,25,2019-04-30T01:00:00,511.05451649254724,0.2975854450408595,U246,31,measured_continuous_week_direct_isic
C21,家具制造业,task_timed,26,2019-04-30T02:00:00,476.9861716574618,0.277747554498115,U246,31,measured_continuous_week_direct_isic
C21,家具制造业,task_timed,27,2019-04-30T03:00:00,501.3213486048583,0.291917851850618,U246,31,measured_continuous_week_direct_isic
C21,家具制造业,task_timed,28,2019-04-30T04:00:00,462.3841625977542,0.26924485033585344,U246,31,measured_continuous_week_direct_isic
C21,家具制造业,task_timed,29,2019-04-30T05:00:00,442.91331236602775,0.2579070352015717,U246,31,measured_continuous_week_direct_isic
C21,家具制造业,task_timed,30,2019-04-30T06:00:00,562.1604195874368,0.3273442524203253,U246,31,measured_continuous_week_direct_isic
C21,家具制造业,task_timed,31,2019-04-30T07:00:00,961.269962002516,0.5597444895120117,U246,31,measured_continuous_week_direct_isic
C21,家具制造业,task_timed,32,2019-04-30T08:00:00,4013.001823582614,2.336758398725605,U246,31,measured_continuous_week_direct_isic
C21,家具制造业,task_timed,33,2019-04-30T09:00:00,5020.508847508001,2.9234265846450627,U246,31,measured_continuous_week_direct_isic
C21,家具制造业,task_timed,34,2019-04-30T10:00:00,5008.340130420216,2.9163407787803615,U246,31,measured_continuous_week_direct_isic
C21,家具制造业,task_timed,35,2019-04-30T11:00:00,5777.357454359132,3.3641371590161095,U246,31,measured_continuous_week_direct_isic
C21,家具制造业,task_timed,36,2019-04-30T12:00:00,3258.586508703405,1.897464722652118,U246,31,measured_continuous_week_direct_isic
C21,家具制造业,task_timed,37,2019-04-30T13:00:00,2058.8223322580707,1.1988457987025989,U246,31,measured_continuous_week_direct_isic
C21,家具制造业,task_timed,38,2019-04-30T14:00:00,3966.7625044315687,2.30983338794126,U246,31,measured_continuous_week_direct_isic
C21,家具制造业,task_timed,39,2019-04-30T15:00:00,4159.017399723342,2.421782811594422,U246,31,measured_continuous_week_direct_isic
C21,家具制造业,task_timed,40,2019-04-30T16:00:00,3995.9665225509843,2.326838796265783,U246,31,measured_continuous_week_direct_isic
C21,家具制造业,task_timed,41,2019-04-30T17:00:00,3947.293911428017,2.2984968871838776,U246,31,measured_continuous_week_direct_isic
C21,家具制造业,task_timed,42,2019-04-30T18:00:00,1654.846205899147,0.9636117650157917,U246,31,measured_continuous_week_direct_isic
C21,家具制造业,task_timed,43,2019-04-30T19:00:00,705.7449609844166,0.4109530813684813,U246,31,measured_continuous_week_direct_isic
C21,家具制造业,task_timed,44,2019-04-30T20:00:00,494.02147268909175,0.287667156957937,U246,31,measured_continuous_week_direct_isic
C21,家具制造业,task_timed,45,2019-04-30T21:00:00,430.74685250641664,0.2508225437137699,U246,31,measured_continuous_week_direct_isic
C21,家具制造业,task_timed,46,2019-04-30T22:00:00,486.7193395451507,0.28341514768835646,U246,31,measured_continuous_week_direct_isic
C21,家具制造业,task_timed,47,2019-04-30T23:00:00,433.1778872501645,0.2522381276344308,U246,31,measured_continuous_week_direct_isic
C21,家具制造业,task_timed,48,2019-05-01T00:00:00,452.6487374818909,0.26357594276871255,U246,31,measured_continuous_week_direct_isic
C21,家具制造业,task_timed,49,2019-05-01T01:00:00,330.96833828855966,0.1927218272523986,U246,31,measured_continuous_week_direct_isic
C21,家具制造业,task_timed,50,2019-05-01T02:00:00,274.998108478,0.16013053765471144,U246,31,measured_continuous_week_direct_isic
C21,家具制造业,task_timed,51,2019-05-01T03:00:00,287.1645683376111,0.16721502914251327,U246,31,measured_continuous_week_direct_isic
C21,家具制造业,task_timed,52,2019-05-01T04:00:00,265.2649405903111,0.15446294446446998,U246,31,measured_continuous_week_direct_isic
C21,家具制造业,task_timed,53,2019-05-01T05:00:00,245.79409035858475,0.1431251293301883,U246,31,measured_continuous_week_direct_isic
C21,家具制造业,task_timed,54,2019-05-01T06:00:00,250.6629315306035,0.14596024030220842,U246,31,measured_continuous_week_direct_isic
C21,家具制造业,task_timed,55,2019-05-01T07:00:00,299.33102819722217,0.17429952063031506,U246,31,measured_continuous_week_direct_isic
C21,家具制造业,task_timed,56,2019-05-01T08:00:00,316.3685864570263,0.18422043746703637,U246,31,measured_continuous_week_direct_isic
C21,家具制造业,task_timed,57,2019-05-01T09:00:00,421.0114273905534,0.24515363614662902,U246,31,measured_continuous_week_direct_isic
C21,家具制造业,task_timed,58,2019-05-01T10:00:00,421.0114273905534,0.24515363614662902,U246,31,measured_continuous_week_direct_isic
C21,家具制造业,task_timed,59,2019-05-01T11:00:00,343.13705537634513,0.19980763311709981,U246,31,measured_continuous_week_direct_isic
C21,家具制造业,task_timed,60,2019-05-01T12:00:00,311.49974528500763,0.1813853264950163,U246,31,measured_continuous_week_direct_isic
C21,家具制造业,task_timed,61,2019-05-01T13:00:00,321.23517040087086,0.18705423406215715,U246,31,measured_continuous_week_direct_isic
C21,家具制造业,task_timed,62,2019-05-01T14:00:00,184.95501937600625,0.107698728760481,U246,31,measured_continuous_week_direct_isic
C21,家具制造业,task_timed,63,2019-05-01T15:00:00,223.89220538311042,0.13037173027524562,U246,31,measured_continuous_week_direct_isic
C21,家具制造业,task_timed,64,2019-05-01T16:00:00,214.15678026724723,0.12470282270810477,U246,31,measured_continuous_week_direct_isic
C21,家具制造业,task_timed,65,2019-05-01T17:00:00,197.1237364637917,0.11478453462518223,U246,31,measured_continuous_week_direct_isic
C21,家具制造业,task_timed,66,2019-05-01T18:00:00,265.2626833621368,0.15446163008757058,U246,31,measured_continuous_week_direct_isic
C21,家具制造业,task_timed,67,2019-05-01T19:00:00,382.0742413834493,0.22248063463186443,U246,31,measured_continuous_week_direct_isic
C21,家具制造业,task_timed,68,2019-05-01T20:00:00,309.06871054125975,0.17996974257435536,U246,31,measured_continuous_week_direct_isic
C21,家具制造业,task_timed,69,2019-05-01T21:00:00,330.96833828855966,0.1927218272523986,U246,31,measured_continuous_week_direct_isic
C21,家具制造业,task_timed,70,2019-05-01T22:00:00,333.4016302604819,0.19413872554995895,U246,31,measured_continuous_week_direct_isic
C21,家具制造业,task_timed,71,2019-05-01T23:00:00,379.64094941152706,0.22106373633430407,U246,31,measured_continuous_week_direct_isic
C21,家具制造业,task_timed,72,2019-05-02T00:00:00,343.13705537634513,0.19980763311709981,U246,31,measured_continuous_week_direct_isic
C21,家具制造业,task_timed,73,2019-05-02T01:00:00,253.09396627435137,0.14737582422286938,U246,31,measured_continuous_week_direct_isic
C21,家具制造业,task_timed,74,2019-05-02T02:00:00,257.96506467454446,0.15021224957178891,U246,31,measured_continuous_week_direct_isic
C21,家具制造业,task_timed,75,2019-05-02T03:00:00,243.35854115848818,0.14170691665572852,U246,31,measured_continuous_week_direct_isic
C21,家具制造业,task_timed,76,2019-05-02T04:00:00,223.88994815493606,0.1303704158983462,U246,31,measured_continuous_week_direct_isic
C21,家具制造业,task_timed,77,2019-05-02T05:00:00,236.05866524272153,0.13745622176304745,U246,31,measured_continuous_week_direct_isic
C21,家具制造业,task_timed,78,2019-05-02T06:00:00,289.59786030953336,0.16863192744007366,U246,31,measured_continuous_week_direct_isic
C21,家具制造业,task_timed,79,2019-05-02T07:00:00,613.2663226823263,0.35710305979979107,U246,31,measured_continuous_week_direct_isic
C21,家具制造业,task_timed,80,2019-05-02T08:00:00,1978.512411043766,1.15208158299861,U246,31,measured_continuous_week_direct_isic
C21,家具制造业,task_timed,81,2019-05-02T09:00:00,2343.5513513955852,1.3646426151706523,U246,31,measured_continuous_week_direct_isic
C21,家具制造业,task_timed,82,2019-05-02T10:00:00,2881.3788512638002,1.6778178846153742,U246,31,measured_continuous_week_direct_isic
C21,家具制造业,task_timed,83,2019-05-02T11:00:00,2813.237647137281,1.6381394747760865,U246,31,measured_continuous_week_direct_isic
C21,家具制造业,task_timed,84,2019-05-02T12:00:00,1250.8700795402237,0.7283777313289848,U246,31,measured_continuous_week_direct_isic
C21,家具制造业,task_timed,85,2019-05-02T13:00:00,744.6798897633464,0.4336247685063465,U246,31,measured_continuous_week_direct_isic
C21,家具制造业,task_timed,86,2019-05-02T14:00:00,2151.3009705601607,1.252695820271289,U246,31,measured_continuous_week_direct_isic
C21,家具制造业,task_timed,87,2019-05-02T15:00:00,2268.1125285814737,1.320714824815583,U246,31,measured_continuous_week_direct_isic
C21,家具制造业,task_timed,88,2019-05-02T16:00:00,2436.029989697676,1.4184926367393427,U246,31,measured_continuous_week_direct_isic
C21,家具制造业,task_timed,89,2019-05-02T17:00:00,2336.2514754798185,1.3603919202779713,U246,31,measured_continuous_week_direct_isic
C21,家具制造业,task_timed,90,2019-05-02T18:00:00,1272.7697072875235,0.741129816007028,U246,31,measured_continuous_week_direct_isic
C21,家具制造业,task_timed,91,2019-05-02T19:00:00,1362.8150536176915,0.7935629392781578,U246,31,measured_continuous_week_direct_isic
C21,家具制造业,task_timed,92,2019-05-02T20:00:00,1421.2208326283478,0.8275724415503047,U246,31,measured_continuous_week_direct_isic
C21,家具制造业,task_timed,93,2019-05-02T21:00:00,1314.1424424947243,0.7652210301962523,U246,31,measured_continuous_week_direct_isic
C21,家具制造业,task_timed,94,2019-05-02T22:00:00,837.1585280654367,0.4874747900750367,U246,31,measured_continuous_week_direct_isic
C21,家具制造业,task_timed,95,2019-05-02T23:00:00,428.31356053449446,0.24940564541620955,U246,31,measured_continuous_week_direct_isic
C21,家具制造业,task_timed,96,2019-05-03T00:00:00,340.7037634044229,0.19839073481953945,U246,31,measured_continuous_week_direct_isic
C21,家具制造业,task_timed,97,2019-05-03T01:00:00,284.73127636568887,0.1657981308449529,U246,31,measured_continuous_week_direct_isic
C21,家具制造业,task_timed,98,2019-05-03T02:00:00,257.9605502181958,0.15020962081799008,U246,31,measured_continuous_week_direct_isic
C21,家具制造业,task_timed,99,2019-05-03T03:00:00,260.393842190118,0.15162651911555045,U246,31,measured_continuous_week_direct_isic
C21,家具制造业,task_timed,100,2019-05-03T04:00:00,260.39609941829235,0.15162783349244988,U246,31,measured_continuous_week_direct_isic
C21,家具制造业,task_timed,101,2019-05-03T05:00:00,250.6629315306035,0.14596024030220842,U246,31,measured_continuous_week_direct_isic
C21,家具制造业,task_timed,102,2019-05-03T06:00:00,313.9330372569298,0.18280222479257666,U246,31,measured_continuous_week_direct_isic
C21,家具制造业,task_timed,103,2019-05-03T07:00:00,820.123227033807,0.47755518761521487,U246,31,measured_continuous_week_direct_isic
C21,家具制造业,task_timed,104,2019-05-03T08:00:00,3772.074317167874,2.1964670659905376,U246,31,measured_continuous_week_direct_isic
C21,家具制造业,task_timed,105,2019-05-03T09:00:00,4852.591386391799,2.8256487727213027,U246,31,measured_continuous_week_direct_isic
C21,家具制造业,task_timed,106,2019-05-03T10:00:00,4665.203075043871,2.7165331456632615,U246,31,measured_continuous_week_direct_isic
C21,家具制造业,task_timed,107,2019-05-03T11:00:00,4945.0677674657145,2.8794974799130935,U246,31,measured_continuous_week_direct_isic
C21,家具制造业,task_timed,108,2019-05-03T12:00:00,1995.5477120753956,1.1620011854584318,U246,31,measured_continuous_week_direct_isic
C21,家具制造业,task_timed,109,2019-05-03T13:00:00,751.9820229072875,0.43787677777592704,U246,31,measured_continuous_week_direct_isic
C21,家具制造业,task_timed,110,2019-05-03T14:00:00,3149.072569369685,1.8336950986236058,U246,31,measured_continuous_week_direct_isic
C21,家具制造业,task_timed,111,2019-05-03T15:00:00,4322.066019667525,2.5167255125461616,U246,31,measured_continuous_week_direct_isic
C21,家具制造业,task_timed,112,2019-05-03T16:00:00,4660.3387483282,2.71370066344504,U246,31,measured_continuous_week_direct_isic
C21,家具制造业,task_timed,113,2019-05-03T17:00:00,4305.030718635896,2.50680591008634,U246,31,measured_continuous_week_direct_isic
C21,家具制造业,task_timed,114,2019-05-03T18:00:00,1883.6027379979278,1.0968159775092587,U246,31,measured_continuous_week_direct_isic
C21,家具制造业,task_timed,115,2019-05-03T19:00:00,2024.751730194811,1.179006593782955,U246,31,measured_continuous_week_direct_isic
C21,家具制造业,task_timed,116,2019-05-03T20:00:00,2161.0318812196756,1.2583620990846311,U246,31,measured_continuous_week_direct_isic
C21,家具制造业,task_timed,117,2019-05-03T21:00:00,1589.1382937445499,0.9253502534740643,U246,31,measured_continuous_week_direct_isic
C21,家具制造业,task_timed,118,2019-05-03T22:00:00,1046.444209932491,0.609341187434222,U246,31,measured_continuous_week_direct_isic
C21,家具制造业,task_timed,119,2019-05-03T23:00:00,586.4978537630076,0.34151586414972773,U246,31,measured_continuous_week_direct_isic
C21,家具制造业,task_timed,120,2019-05-04T00:00:00,369.9077815238382,0.2153961431440626,U246,31,measured_continuous_week_direct_isic
C21,家具制造业,task_timed,121,2019-05-04T01:00:00,350.4391885202861,0.2040596423866803,U246,31,measured_continuous_week_direct_isic
C21,家具制造业,task_timed,122,2019-05-04T02:00:00,316.366329228852,0.184219123090137,U246,31,measured_continuous_week_direct_isic
C21,家具制造业,task_timed,123,2019-05-04T03:00:00,292.03115228145555,0.170048825737634,U246,31,measured_continuous_week_direct_isic
C21,家具制造业,task_timed,124,2019-05-04T04:00:00,296.8977362253,0.1728826223327547,U246,31,measured_continuous_week_direct_isic
C21,家具制造业,task_timed,125,2019-05-04T05:00:00,270.1315245341555,0.1572967410595907,U246,31,measured_continuous_week_direct_isic
C21,家具制造业,task_timed,126,2019-05-04T06:00:00,357.7390644360528,0.2083103372793614,U246,31,measured_continuous_week_direct_isic
C21,家具制造业,task_timed,127,2019-05-04T07:00:00,615.7018718824229,0.3585212724742509,U246,31,measured_continuous_week_direct_isic
C21,家具制造业,task_timed,128,2019-05-04T08:00:00,3020.094551488761,1.75859160259151,U246,31,measured_continuous_week_direct_isic
C21,家具制造业,task_timed,129,2019-05-04T09:00:00,4112.778080572297,2.394857800810077,U246,31,measured_continuous_week_direct_isic
C21,家具制造业,task_timed,130,2019-05-04T10:00:00,4380.476313134531,2.5507376435721074,U246,31,measured_continuous_week_direct_isic
C21,家具制造业,task_timed,131,2019-05-04T11:00:00,4589.761995001584,2.6726040409312923,U246,31,measured_continuous_week_direct_isic
C21,家具制造业,task_timed,132,2019-05-04T12:00:00,1776.5266050924786,1.0344658805321059,U246,31,measured_continuous_week_direct_isic
C21,家具制造业,task_timed,133,2019-05-04T13:00:00,698.4428278404756,0.40670107209890083,U246,31,measured_continuous_week_direct_isic
C21,家具制造业,task_timed,134,2019-05-04T14:00:00,3506.8116338057375,2.042005435902967,U246,31,measured_continuous_week_direct_isic
C21,家具制造业,task_timed,135,2019-05-04T15:00:00,4343.970161871174,2.529480225978004,U246,31,measured_continuous_week_direct_isic
C21,家具制造业,task_timed,136,2019-05-04T16:00:00,4502.152197871514,2.621589130334623,U246,31,measured_continuous_week_direct_isic
C21,家具制造业,task_timed,137,2019-05-04T17:00:00,4553.260358194577,2.651349252090988,U246,31,measured_continuous_week_direct_isic
C21,家具制造业,task_timed,138,2019-05-04T18:00:00,1917.6733400611874,1.1166551824289026,U246,31,measured_continuous_week_direct_isic
C21,家具制造业,task_timed,139,2019-05-04T19:00:00,1990.681128131551,1.159167388863311,U246,31,measured_continuous_week_direct_isic
C21,家具制造业,task_timed,140,2019-05-04T20:00:00,2036.9204472825963,1.1860923996476562,U246,31,measured_continuous_week_direct_isic
C21,家具制造业,task_timed,141,2019-05-04T21:00:00,1783.826481008245,1.038716575424787,U246,31,measured_continuous_week_direct_isic
C21,家具制造业,task_timed,142,2019-05-04T22:00:00,983.1741042061644,0.5724992029438537,U246,31,measured_continuous_week_direct_isic
C21,家具制造业,task_timed,143,2019-05-04T23:00:00,428.31130330632016,0.24940433103931015,U246,31,measured_continuous_week_direct_isic
C21,家具制造业,task_timed,144,2019-05-05T00:00:00,311.49974528500763,0.1813853264950163,U246,31,measured_continuous_week_direct_isic
C21,家具制造业,task_timed,145,2019-05-05T01:00:00,238.49421444281805,0.1388744344375072,U246,31,measured_continuous_week_direct_isic
C21,家具制造业,task_timed,146,2019-05-05T02:00:00,223.8899481549361,0.13037041589834622,U246,31,measured_continuous_week_direct_isic
C21,家具制造业,task_timed,147,2019-05-05T03:00:00,248.22738233050694,0.14454202762774865,U246,31,measured_continuous_week_direct_isic
C21,家具制造业,task_timed,148,2019-05-05T04:00:00,204.42361237955834,0.11903522951786331,U246,31,measured_continuous_week_direct_isic
C21,家具制造业,task_timed,149,2019-05-05T05:00:00,228.75878932695483,0.13320552687036633,U246,31,measured_continuous_week_direct_isic
C21,家具制造业,task_timed,150,2019-05-05T06:00:00,304.2021265974153,0.17713594597923463,U246,31,measured_continuous_week_direct_isic
C21,家具制造业,task_timed,151,2019-05-05T07:00:00,829.8586521496701,0.48322409518235565,U246,31,measured_continuous_week_direct_isic
C21,家具制造业,task_timed,152,2019-05-05T08:00:00,3893.7547163612057,2.2673211815068517,U246,31,measured_continuous_week_direct_isic
C21,家具制造业,task_timed,153,2019-05-05T09:00:00,4954.8031925815785,2.8851663874802345,U246,31,measured_continuous_week_direct_isic
C21,家具制造业,task_timed,154,2019-05-05T10:00:00,4755.248421374039,2.7689662689343915,U246,31,measured_continuous_week_direct_isic
C21,家具制造业,task_timed,155,2019-05-05T11:00:00,4665.203075043871,2.7165331456632615,U246,31,measured_continuous_week_direct_isic
C21,家具制造业,task_timed,156,2019-05-05T12:00:00,1671.8815069307773,0.9735313674756139,U246,31,measured_continuous_week_direct_isic
C21,家具制造业,task_timed,157,2019-05-05T13:00:00,744.6798897633464,0.4336247685063465,U246,31,measured_continuous_week_direct_isic
C21,家具制造业,task_timed,158,2019-05-05T14:00:00,3509.2449257776602,2.0434223342005278,U246,31,measured_continuous_week_direct_isic
C21,家具制造业,task_timed,159,2019-05-05T15:00:00,4796.618899353066,2.793056168746717,U246,31,measured_continuous_week_direct_isic
C21,家具制造业,task_timed,160,2019-05-05T16:00:00,4747.948545458273,2.764715574041711,U246,31,measured_continuous_week_direct_isic
C21,家具制造业,task_timed,161,2019-05-05T17:00:00,4872.062236623526,2.8369865878555847,U246,31,measured_continuous_week_direct_isic
C21,家具制造业,task_timed,162,2019-05-05T18:00:00,1810.5949499275637,1.0543037710748502,U246,31,measured_continuous_week_direct_isic
C21,家具制造业,task_timed,163,2019-05-05T19:00:00,1323.8778676105874,0.7708899377633932,U246,31,measured_continuous_week_direct_isic
C21,家具制造业,task_timed,164,2019-05-05T20:00:00,1343.3464606141395,0.7822264385207754,U246,31,measured_continuous_week_direct_isic
C21,家具制造业,task_timed,165,2019-05-05T21:00:00,1022.1090329850945,0.595170890081719,U246,31,measured_continuous_week_direct_isic
C21,家具制造业,task_timed,166,2019-05-05T22:00:00,795.7835356300618,0.463382261508913,U246,31,measured_continuous_week_direct_isic
C21,家具制造业,task_timed,167,2019-05-05T23:00:00,567.0270035312811,0.330178049015446,U246,31,measured_continuous_week_direct_isic
C22,造纸和纸制品业,task_timed,0,2018-05-07T00:00:00,1935.9272409588564,0.18917932307275528,U61,17,measured_continuous_week_direct_isic
C22,造纸和纸制品业,task_timed,1,2018-05-07T01:00:00,1869.1711292016546,0.18265589813921201,U61,17,measured_continuous_week_direct_isic
C22,造纸和纸制品业,task_timed,2,2018-05-07T02:00:00,1335.122235144039,0.1304684986708657,U61,17,measured_continuous_week_direct_isic
C22,造纸和纸制品业,task_timed,3,2018-05-07T03:00:00,1268.366123386837,0.12394507373732243,U61,17,measured_continuous_week_direct_isic
C22,造纸和纸制品业,task_timed,4,2018-05-07T04:00:00,1268.366123386837,0.12394507373732243,U61,17,measured_continuous_week_direct_isic
C22,造纸和纸制品业,task_timed,5,2018-05-07T05:00:00,1268.366123386837,0.12394507373732243,U61,17,measured_continuous_week_direct_isic
C22,造纸和纸制品业,task_timed,6,2018-05-07T06:00:00,3871.8544819177127,0.37835864614551057,U61,17,measured_continuous_week_direct_isic
C22,造纸和纸制品业,task_timed,7,2018-05-07T07:00:00,4072.122817189319,0.39792892094614046,U61,17,measured_continuous_week_direct_isic
C22,造纸和纸制品业,task_timed,8,2018-05-07T08:00:00,17490.41177392997,1.70916767409966,U61,17,measured_continuous_week_direct_isic
C22,造纸和纸制品业,task_timed,9,2018-05-07T09:00:00,22296.851820448504,2.178854269314776,U61,17,measured_continuous_week_direct_isic
C22,造纸和纸制品业,task_timed,10,2018-05-07T10:00:00,24833.58406722218,2.426744416789421,U61,17,measured_continuous_week_direct_isic
C22,造纸和纸制品业,task_timed,11,2018-05-07T11:00:00,22630.632379234517,2.211471393982493,U61,17,measured_continuous_week_direct_isic
C22,造纸和纸制品业,task_timed,12,2018-05-07T12:00:00,13151.186886326075,1.2851374680415164,U61,17,measured_continuous_week_direct_isic
C22,造纸和纸制品业,task_timed,13,2018-05-07T13:00:00,13351.532844983449,1.3047153282199762,U61,17,measured_continuous_week_direct_isic
C22,造纸和纸制品业,task_timed,14,2018-05-07T14:00:00,22764.144602748922,2.2245182438495794,U61,17,measured_continuous_week_direct_isic
C22,造纸和纸制品业,task_timed,15,2018-05-07T15:00:00,25968.515590480372,2.5376502260374862,U61,17,measured_continuous_week_direct_isic
C22,造纸和纸制品业,task_timed,16,2018-05-07T16:00:00,25834.92574358021,2.5245957907925702,U61,17,measured_continuous_week_direct_isic
C22,造纸和纸制品业,task_timed,17,2018-05-07T17:00:00,21562.53459111929,2.1070965950458005,U61,17,measured_continuous_week_direct_isic
C22,造纸和纸制品业,task_timed,18,2018-05-07T18:00:00,8544.859928307615,0.8350059768713705,U61,17,measured_continuous_week_direct_isic
C22,造纸和纸制品业,task_timed,19,2018-05-07T19:00:00,5273.732828818954,0.5153505697499196,U61,17,measured_continuous_week_direct_isic
C22,造纸和纸制品业,task_timed,20,2018-05-07T20:00:00,5941.293946390973,0.5805848190853524,U61,17,measured_continuous_week_direct_isic
C22,造纸和纸制品业,task_timed,21,2018-05-07T21:00:00,6408.586728691387,0.6262487936201555,U61,17,measured_continuous_week_direct_isic
C22,造纸和纸制品业,task_timed,22,2018-05-07T22:00:00,4138.878928946521,0.40445234587968376,U61,17,measured_continuous_week_direct_isic
C22,造纸和纸制品业,task_timed,23,2018-05-07T23:00:00,1935.9272409588564,0.18917932307275528,U61,17,measured_continuous_week_direct_isic
C22,造纸和纸制品业,task_timed,24,2018-05-08T00:00:00,1935.9272409588564,0.18917932307275528,U61,17,measured_continuous_week_direct_isic
C22,造纸和纸制品业,task_timed,25,2018-05-08T01:00:00,1869.1711292016546,0.18265589813921201,U61,17,measured_continuous_week_direct_isic
C22,造纸和纸制品业,task_timed,26,2018-05-08T02:00:00,1869.1711292016546,0.18265589813921201,U61,17,measured_continuous_week_direct_isic
C22,造纸和纸制品业,task_timed,27,2018-05-08T03:00:00,1935.9272409588564,0.18917932307275528,U61,17,measured_continuous_week_direct_isic
C22,造纸和纸制品业,task_timed,28,2018-05-08T04:00:00,1869.1711292016546,0.18265589813921201,U61,17,measured_continuous_week_direct_isic
C22,造纸和纸制品业,task_timed,29,2018-05-08T05:00:00,1802.4150174444526,0.17613247320566872,U61,17,measured_continuous_week_direct_isic
C22,造纸和纸制品业,task_timed,30,2018-05-08T06:00:00,1668.9027939300488,0.16308562333858215,U61,17,measured_continuous_week_direct_isic
C22,造纸和纸制品业,task_timed,31,2018-05-08T07:00:00,2803.756693802482,0.273983847208818,U61,17,measured_continuous_week_direct_isic
C22,造纸和纸制品业,task_timed,32,2018-05-08T08:00:00,22029.827373419696,2.152760569580603,U61,17,measured_continuous_week_direct_isic
C22,造纸和纸制品业,task_timed,33,2018-05-08T09:00:00,24700.149467093543,2.4137051523001642,U61,17,measured_continuous_week_direct_isic
C22,造纸和纸制品业,task_timed,34,2018-05-08T10:00:00,25968.43796709461,2.537642640659657,U61,17,measured_continuous_week_direct_isic
C22,造纸和纸制品业,task_timed,35,2018-05-08T11:00:00,24499.803508436173,2.3941272921217047,U61,17,measured_continuous_week_direct_isic
C22,造纸和纸制品业,task_timed,36,2018-05-08T12:00:00,13618.402045240724,1.3307938571984896,U61,17,measured_continuous_week_direct_isic
C22,造纸和纸制品业,task_timed,37,2018-05-08T13:00:00,11682.552427667633,1.141622119503564,U61,17,measured_continuous_week_direct_isic
C22,造纸和纸制品业,task_timed,38,2018-05-08T14:00:00,19960.38790894644,1.9505343966407613,U61,17,measured_continuous_week_direct_isic
C22,造纸和纸制品业,task_timed,39,2018-05-08T15:00:00,26435.80837278079,2.5833142005722896,U61,17,measured_continuous_week_direct_isic
C22,造纸和纸制品业,task_timed,40,2018-05-08T16:00:00,28905.939754568797,2.824696093869051,U61,17,measured_continuous_week_direct_isic
C22,造纸和纸制品业,task_timed,41,2018-05-08T17:00:00,21762.802926390894,2.12666686984643,U61,17,measured_continuous_week_direct_isic
C22,造纸和纸制品业,task_timed,42,2018-05-08T18:00:00,12750.727839168629,1.2460045038180865,U61,17,measured_continuous_week_direct_isic
C22,造纸和纸制品业,task_timed,43,2018-05-08T19:00:00,13485.04506849785,1.3177621780870625,U61,17,measured_continuous_week_direct_isic
C22,造纸和纸制品业,task_timed,44,2018-05-08T20:00:00,13485.04506849785,1.3177621780870625,U61,17,measured_continuous_week_direct_isic
C22,造纸和纸制品业,task_timed,45,2018-05-08T21:00:00,8277.835481278806,0.8089122771371972,U61,17,measured_continuous_week_direct_isic
C22,造纸和纸制品业,task_timed,46,2018-05-08T22:00:00,4806.440046518541,0.46968659521511663,U61,17,measured_continuous_week_direct_isic
C22,造纸和纸制品业,task_timed,47,2018-05-08T23:00:00,2269.7077997448664,0.22179644774047175,U61,17,measured_continuous_week_direct_isic
C22,造纸和纸制品业,task_timed,48,2018-05-09T00:00:00,2002.6833527160584,0.19570274800629858,U61,17,measured_continuous_week_direct_isic
C22,造纸和纸制品业,task_timed,49,2018-05-09T01:00:00,2002.6833527160584,0.19570274800629858,U61,17,measured_continuous_week_direct_isic
C22,造纸和纸制品业,task_timed,50,2018-05-09T02:00:00,2002.6833527160584,0.19570274800629858,U61,17,measured_continuous_week_direct_isic
C22,造纸和纸制品业,task_timed,51,2018-05-09T03:00:00,2002.6833527160584,0.19570274800629858,U61,17,measured_continuous_week_direct_isic
C22,造纸和纸制品业,task_timed,52,2018-05-09T04:00:00,1935.9272409588564,0.18917932307275528,U61,17,measured_continuous_week_direct_isic
C22,造纸和纸制品业,task_timed,53,2018-05-09T05:00:00,1869.1711292016546,0.18265589813921201,U61,17,measured_continuous_week_direct_isic
C22,造纸和纸制品业,task_timed,54,2018-05-09T06:00:00,1335.122235144039,0.1304684986708657,U61,17,measured_continuous_week_direct_isic
C22,造纸和纸制品业,task_timed,55,2018-05-09T07:00:00,2670.244470288078,0.2609369973417314,U61,17,measured_continuous_week_direct_isic
C22,造纸和纸制品业,task_timed,56,2018-05-09T08:00:00,19760.119573674834,1.9309641218401314,U61,17,measured_continuous_week_direct_isic
C22,造纸和纸制品业,task_timed,57,2018-05-09T09:00:00,21829.559038148094,2.1331902947799732,U61,17,measured_continuous_week_direct_isic
C22,造纸和纸制品业,task_timed,58,2018-05-09T10:00:00,22764.144602748922,2.2245182438495794,U61,17,measured_continuous_week_direct_isic
C22,造纸和纸制品业,task_timed,59,2018-05-09T11:00:00,22363.60793220571,2.1853776942483196,U61,17,measured_continuous_week_direct_isic
C22,造纸和纸制品业,task_timed,60,2018-05-09T12:00:00,11682.397180896105,1.1416069487479048,U61,17,measured_continuous_week_direct_isic
C22,造纸和纸制品业,task_timed,61,2018-05-09T13:00:00,9612.957716422845,0.9393807758080629,U61,17,measured_continuous_week_direct_isic
C22,造纸和纸制品业,task_timed,62,2018-05-09T14:00:00,19292.82679137442,1.8853001473053286,U61,17,measured_continuous_week_direct_isic
C22,造纸和纸制品业,task_timed,63,2018-05-09T15:00:00,23698.730167349746,2.315846192919185,U61,17,measured_continuous_week_direct_isic
C22,造纸和纸制品业,task_timed,64,2018-05-09T16:00:00,24900.340178979382,2.4332678417229645,U61,17,measured_continuous_week_direct_isic
C22,造纸和纸制品业,task_timed,65,2018-05-09T17:00:00,18358.241226773593,1.7939721982357224,U61,17,measured_continuous_week_direct_isic
C22,造纸和纸制品业,task_timed,66,2018-05-09T18:00:00,8811.884375336422,0.8610996766055434,U61,17,measured_continuous_week_direct_isic
C22,造纸和纸制品业,task_timed,67,2018-05-09T19:00:00,10013.649633737585,0.978536496164982,U61,17,measured_continuous_week_direct_isic
C22,造纸和纸制品业,task_timed,68,2018-05-09T20:00:00,9746.625186708778,0.9524427964308089,U61,17,measured_continuous_week_direct_isic
C22,造纸和纸制品业,task_timed,69,2018-05-09T21:00:00,6675.611175720195,0.6523424933543286,U61,17,measured_continuous_week_direct_isic
C22,造纸和纸制品业,task_timed,70,2018-05-09T22:00:00,1802.4150174444526,0.17613247320566872,U61,17,measured_continuous_week_direct_isic
C22,造纸和纸制品业,task_timed,71,2018-05-09T23:00:00,1602.1466821728468,0.15656219840503888,U61,17,measured_continuous_week_direct_isic
C22,造纸和纸制品业,task_timed,72,2018-05-10T00:00:00,1935.9272409588564,0.18917932307275528,U61,17,measured_continuous_week_direct_isic
C22,造纸和纸制品业,task_timed,73,2018-05-10T01:00:00,1401.8783469012408,0.13699192360440898,U61,17,measured_continuous_week_direct_isic
C22,造纸和纸制品业,task_timed,74,2018-05-10T02:00:00,1201.6100116296352,0.11742164880377916,U61,17,measured_continuous_week_direct_isic
C22,造纸和纸制品业,task_timed,75,2018-05-10T03:00:00,1134.8538998724332,0.11089822387023587,U61,17,measured_continuous_week_direct_isic
C22,造纸和纸制品业,task_timed,76,2018-05-10T04:00:00,1134.8538998724332,0.11089822387023587,U61,17,measured_continuous_week_direct_isic
C22,造纸和纸制品业,task_timed,77,2018-05-10T05:00:00,1134.8538998724332,0.11089822387023587,U61,17,measured_continuous_week_direct_isic
C22,造纸和纸制品业,task_timed,78,2018-05-10T06:00:00,1001.3416763580292,0.09785137400314929,U61,17,measured_continuous_week_direct_isic
C22,造纸和纸制品业,task_timed,79,2018-05-10T07:00:00,2202.9516879876646,0.21527302280692848,U61,17,measured_continuous_week_direct_isic
C22,造纸和纸制品业,task_timed,80,2018-05-10T08:00:00,19025.80234434561,1.8592064475711552,U61,17,measured_continuous_week_direct_isic
C22,造纸和纸制品业,task_timed,81,2018-05-10T09:00:00,21562.534591119285,2.1070965950458,U61,17,measured_continuous_week_direct_isic
C22,造纸和纸制品业,task_timed,82,2018-05-10T10:00:00,23097.92516153493,2.2571353685172957,U61,17,measured_continuous_week_direct_isic
C22,造纸和纸制品业,task_timed,83,2018-05-10T11:00:00,18959.046232588407,1.8526830226376116,U61,17,measured_continuous_week_direct_isic
C22,造纸和纸制品业,task_timed,84,2018-05-10T12:00:00,8945.396598850826,0.8741465264726301,U61,17,measured_continuous_week_direct_isic
C22,造纸和纸制品业,task_timed,85,2018-05-10T13:00:00,9279.177157636836,0.9067636511403465,U61,17,measured_continuous_week_direct_isic
C22,造纸和纸制品业,task_timed,86,2018-05-10T14:00:00,16489.070097571937,1.6113163000965103,U61,17,measured_continuous_week_direct_isic
C22,造纸和纸制品业,task_timed,87,2018-05-10T15:00:00,23231.5150084351,2.270189803762212,U61,17,measured_continuous_week_direct_isic
C22,造纸和纸制品业,task_timed,88,2018-05-10T16:00:00,23631.974055592545,2.309322767985642,U61,17,measured_continuous_week_direct_isic
C22,造纸和纸制品业,task_timed,89,2018-05-10T17:00:00,18758.777897316806,1.8331127478369824,U61,17,measured_continuous_week_direct_isic
C22,造纸和纸制品业,task_timed,90,2018-05-10T18:00:00,10748.044486452569,1.0503017558117878,U61,17,measured_continuous_week_direct_isic
C22,造纸和纸制品业,task_timed,91,2018-05-10T19:00:00,10280.674080766392,1.004630195899155,U61,17,measured_continuous_week_direct_isic
C22,造纸和纸制品业,task_timed,92,2018-05-10T20:00:00,14085.850074312668,1.3764730024889522,U61,17,measured_continuous_week_direct_isic
C22,造纸和纸制品业,task_timed,93,2018-05-10T21:00:00,6742.3672874773965,0.6588659182878719,U61,17,measured_continuous_week_direct_isic
C22,造纸和纸制品业,task_timed,94,2018-05-10T22:00:00,2670.244470288078,0.2609369973417314,U61,17,measured_continuous_week_direct_isic
C22,造纸和纸制品业,task_timed,95,2018-05-10T23:00:00,1735.6589056872506,0.16960904827212542,U61,17,measured_continuous_week_direct_isic
C22,造纸和纸制品业,task_timed,96,2018-05-11T00:00:00,1401.878346901241,0.136991923604409,U61,17,measured_continuous_week_direct_isic
C22,造纸和纸制品业,task_timed,97,2018-05-11T01:00:00,1335.122235144039,0.1304684986708657,U61,17,measured_continuous_week_direct_isic
C22,造纸和纸制品业,task_timed,98,2018-05-11T02:00:00,1268.366123386837,0.12394507373732243,U61,17,measured_continuous_week_direct_isic
C22,造纸和纸制品业,task_timed,99,2018-05-11T03:00:00,1268.366123386837,0.12394507373732243,U61,17,measured_continuous_week_direct_isic
C22,造纸和纸制品业,task_timed,100,2018-05-11T04:00:00,1268.366123386837,0.12394507373732243,U61,17,measured_continuous_week_direct_isic
C22,造纸和纸制品业,task_timed,101,2018-05-11T05:00:00,1268.366123386837,0.12394507373732243,U61,17,measured_continuous_week_direct_isic
C22,造纸和纸制品业,task_timed,102,2018-05-11T06:00:00,1335.122235144039,0.1304684986708657,U61,17,measured_continuous_week_direct_isic
C22,造纸和纸制品业,task_timed,103,2018-05-11T07:00:00,1869.1711292016548,0.18265589813921204,U61,17,measured_continuous_week_direct_isic
C22,造纸和纸制品业,task_timed,104,2018-05-11T08:00:00,15354.216197699505,1.5004180762262747,U61,17,measured_continuous_week_direct_isic
C22,造纸和纸制品业,task_timed,105,2018-05-11T09:00:00,17490.41177392997,1.70916767409966,U61,17,measured_continuous_week_direct_isic
C22,造纸和纸制品业,task_timed,106,2018-05-11T10:00:00,22363.60793220571,2.1853776942483196,U61,17,measured_continuous_week_direct_isic
C22,造纸和纸制品业,task_timed,107,2018-05-11T11:00:00,18692.021785559602,1.826589322903439,U61,17,measured_continuous_week_direct_isic
C22,造纸和纸制品业,task_timed,108,2018-05-11T12:00:00,9145.664934122431,0.8937168012732599,U61,17,measured_continuous_week_direct_isic
C22,造纸和纸制品业,task_timed,109,2018-05-11T13:00:00,8945.396598850826,0.8741465264726301,U61,17,measured_continuous_week_direct_isic
C22,造纸和纸制品业,task_timed,110,2018-05-11T14:00:00,19960.38790894644,1.9505343966407613,U61,17,measured_continuous_week_direct_isic
C22,造纸和纸制品业,task_timed,111,2018-05-11T15:00:00,22764.144602748922,2.2245182438495794,U61,17,measured_continuous_week_direct_isic
C22,造纸和纸制品业,task_timed,112,2018-05-11T16:00:00,24032.51072613576,2.348463317586902,U61,17,measured_continuous_week_direct_isic
C22,造纸和纸制品业,task_timed,113,2018-05-11T17:00:00,20160.656244218048,1.9701046714413915,U61,17,measured_continuous_week_direct_isic
C22,造纸和纸制品业,task_timed,114,2018-05-11T18:00:00,9145.587310736666,0.8937092158954301,U61,17,measured_continuous_week_direct_isic
C22,造纸和纸制品业,task_timed,115,2018-05-11T19:00:00,8878.562863707859,0.867615516161257,U61,17,measured_continuous_week_direct_isic
C22,造纸和纸制品业,task_timed,116,2018-05-11T20:00:00,10213.840345623426,0.9980991855877821,U61,17,measured_continuous_week_direct_isic
C22,造纸和纸制品业,task_timed,117,2018-05-11T21:00:00,7076.225469649171,0.691490628333418,U61,17,measured_continuous_week_direct_isic
C22,造纸和纸制品业,task_timed,118,2018-05-11T22:00:00,3271.049476102896,0.31964782174362105,U61,17,measured_continuous_week_direct_isic
C22,造纸和纸制品业,task_timed,119,2018-05-11T23:00:00,1668.9027939300488,0.16308562333858215,U61,17,measured_continuous_week_direct_isic
C22,造纸和纸制品业,task_timed,120,2018-05-12T00:00:00,1869.1711292016546,0.18265589813921201,U61,17,measured_continuous_week_direct_isic
C22,造纸和纸制品业,task_timed,121,2018-05-12T01:00:00,1201.6100116296352,0.11742164880377916,U61,17,measured_continuous_week_direct_isic
C22,造纸和纸制品业,task_timed,122,2018-05-12T02:00:00,1201.6100116296352,0.11742164880377916,U61,17,measured_continuous_week_direct_isic
C22,造纸和纸制品业,task_timed,123,2018-05-12T03:00:00,1268.366123386837,0.12394507373732243,U61,17,measured_continuous_week_direct_isic
C22,造纸和纸制品业,task_timed,124,2018-05-12T04:00:00,1201.6100116296352,0.11742164880377916,U61,17,measured_continuous_week_direct_isic
C22,造纸和纸制品业,task_timed,125,2018-05-12T05:00:00,1268.366123386837,0.12394507373732243,U61,17,measured_continuous_week_direct_isic
C22,造纸和纸制品业,task_timed,126,2018-05-12T06:00:00,1401.878346901241,0.136991923604409,U61,17,measured_continuous_week_direct_isic
C22,造纸和纸制品业,task_timed,127,2018-05-12T07:00:00,2670.244470288078,0.2609369973417314,U61,17,measured_continuous_week_direct_isic
C22,造纸和纸制品业,task_timed,128,2018-05-12T08:00:00,14953.679527156291,1.4612775266250146,U61,17,measured_continuous_week_direct_isic
C22,造纸和纸制品业,task_timed,129,2018-05-12T09:00:00,19025.80234434561,1.8592064475711552,U61,17,measured_continuous_week_direct_isic
C22,造纸和纸制品业,task_timed,130,2018-05-12T10:00:00,24099.26683789296,2.354986742520445,U61,17,measured_continuous_week_direct_isic
C22,造纸和纸制品业,task_timed,131,2018-05-12T11:00:00,18157.972891501984,1.7744019234350923,U61,17,measured_continuous_week_direct_isic
C22,造纸和纸制品业,task_timed,132,2018-05-12T12:00:00,10347.352569137833,1.011146035454869,U61,17,measured_continuous_week_direct_isic
C22,造纸和纸制品业,task_timed,133,2018-05-12T13:00:00,10213.762722237663,0.9980916002099526,U61,17,measured_continuous_week_direct_isic
C22,造纸和纸制品业,task_timed,134,2018-05-12T14:00:00,16555.826209329138,1.6178397250300536,U61,17,measured_continuous_week_direct_isic
C22,造纸和纸制品业,task_timed,135,2018-05-12T15:00:00,22563.876267477313,2.2049479690489493,U61,17,measured_continuous_week_direct_isic
C22,造纸和纸制品业,task_timed,136,2018-05-12T16:00:00,25701.413520065806,2.5115489409254836,U61,17,measured_continuous_week_direct_isic
C22,造纸和纸制品业,task_timed,137,2018-05-12T17:00:00,20694.70513827566,2.0222920709097374,U61,17,measured_continuous_week_direct_isic
C22,造纸和纸制品业,task_timed,138,2018-05-12T18:00:00,7276.416181535013,0.7110533177562182,U61,17,measured_continuous_week_direct_isic
C22,造纸和纸制品业,task_timed,139,2018-05-12T19:00:00,6675.611175720196,0.6523424933543287,U61,17,measured_continuous_week_direct_isic
C22,造纸和纸制品业,task_timed,140,2018-05-12T20:00:00,6208.3183934197805,0.6066785188195255,U61,17,measured_continuous_week_direct_isic
C22,造纸和纸制品业,task_timed,141,2018-05-12T21:00:00,6008.050058148176,0.5871082440188957,U61,17,measured_continuous_week_direct_isic
C22,造纸和纸制品业,task_timed,142,2018-05-12T22:00:00,3938.610593674915,0.38488207107905387,U61,17,measured_continuous_week_direct_isic
C22,造纸和纸制品业,task_timed,143,2018-05-12T23:00:00,2469.976135016472,0.24136672254110159,U61,17,measured_continuous_week_direct_isic
C22,造纸和纸制品业,task_timed,144,2018-05-13T00:00:00,1935.9272409588564,0.18917932307275528,U61,17,measured_continuous_week_direct_isic
C22,造纸和纸制品业,task_timed,145,2018-05-13T01:00:00,1935.9272409588564,0.18917932307275528,U61,17,measured_continuous_week_direct_isic
C22,造纸和纸制品业,task_timed,146,2018-05-13T02:00:00,1935.9272409588564,0.18917932307275528,U61,17,measured_continuous_week_direct_isic
C22,造纸和纸制品业,task_timed,147,2018-05-13T03:00:00,1802.4150174444526,0.17613247320566872,U61,17,measured_continuous_week_direct_isic
C22,造纸和纸制品业,task_timed,148,2018-05-13T04:00:00,1935.9272409588564,0.18917932307275528,U61,17,measured_continuous_week_direct_isic
C22,造纸和纸制品业,task_timed,149,2018-05-13T05:00:00,1802.4150174444526,0.17613247320566872,U61,17,measured_continuous_week_direct_isic
C22,造纸和纸制品业,task_timed,150,2018-05-13T06:00:00,1935.9272409588564,0.18917932307275528,U61,17,measured_continuous_week_direct_isic
C22,造纸和纸制品业,task_timed,151,2018-05-13T07:00:00,6542.176575591555,0.6393032288650717,U61,17,measured_continuous_week_direct_isic
C22,造纸和纸制品业,task_timed,152,2018-05-13T08:00:00,17824.192332715975,1.741784798767376,U61,17,measured_continuous_week_direct_isic
C22,造纸和纸制品业,task_timed,153,2018-05-13T09:00:00,18291.48511501639,1.7874487733021789,U61,17,measured_continuous_week_direct_isic
C22,造纸和纸制品业,task_timed,154,2018-05-13T10:00:00,21161.997920576072,2.0679560454445403,U61,17,measured_continuous_week_direct_isic
C22,造纸和纸制品业,task_timed,155,2018-05-13T11:00:00,19359.582903131624,1.891823572238872,U61,17,measured_continuous_week_direct_isic
C22,造纸和纸制品业,task_timed,156,2018-05-13T12:00:00,13017.674662811673,1.2720906181744298,U61,17,measured_continuous_week_direct_isic
C22,造纸和纸制品业,task_timed,157,2018-05-13T13:00:00,13084.50839795464,1.278621628485803,U61,17,measured_continuous_week_direct_isic
C22,造纸和纸制品业,task_timed,158,2018-05-13T14:00:00,19693.36346191763,1.924440696906588,U61,17,measured_continuous_week_direct_isic
C22,造纸和纸制品业,task_timed,159,2018-05-13T15:00:00,20160.656244218048,1.9701046714413915,U61,17,measured_continuous_week_direct_isic
C22,造纸和纸制品业,task_timed,160,2018-05-13T16:00:00,25033.852402493787,2.446314691590051,U61,17,measured_continuous_week_direct_isic
C22,造纸和纸制品业,task_timed,161,2018-05-13T17:00:00,19292.82679137442,1.8853001473053286,U61,17,measured_continuous_week_direct_isic
C22,造纸和纸制品业,task_timed,162,2018-05-13T18:00:00,5941.293946390974,0.5805848190853525,U61,17,measured_continuous_week_direct_isic
C22,造纸和纸制品业,task_timed,163,2018-05-13T19:00:00,2002.6833527160584,0.19570274800629858,U61,17,measured_continuous_week_direct_isic
C22,造纸和纸制品业,task_timed,164,2018-05-13T20:00:00,2069.43946447326,0.20222617293984185,U61,17,measured_continuous_week_direct_isic
C22,造纸和纸制品业,task_timed,165,2018-05-13T21:00:00,2469.976135016472,0.24136672254110159,U61,17,measured_continuous_week_direct_isic
C22,造纸和纸制品业,task_timed,166,2018-05-13T22:00:00,2069.43946447326,0.20222617293984185,U61,17,measured_continuous_week_direct_isic
C22,造纸和纸制品业,task_timed,167,2018-05-13T23:00:00,2202.9516879876646,0.21527302280692848,U61,17,measured_continuous_week_direct_isic
C23,印刷和记录媒介复制业,task_timed,0,2021-10-11T00:00:00,407.0592409059089,0.22804072690079805,U62,18,measured_continuous_week_direct_isic
C23,印刷和记录媒介复制业,task_timed,1,2021-10-11T01:00:00,395.98008871332405,0.22183401872284608,U62,18,measured_continuous_week_direct_isic
C23,印刷和记录媒介复制业,task_timed,2,2021-10-11T02:00:00,387.6770821543057,0.2171825492046334,U62,18,measured_continuous_week_direct_isic
C23,印刷和记录媒介复制业,task_timed,3,2021-10-11T03:00:00,387.6749629591656,0.21718136199954963,U62,18,measured_continuous_week_direct_isic
C23,印刷和记录媒介复制业,task_timed,4,2021-10-11T04:00:00,379.367718009867,0.21252751807116937,U62,18,measured_continuous_week_direct_isic
C23,印刷和记录媒介复制业,task_timed,5,2021-10-11T05:00:00,382.13538686287313,0.21407800791057363,U62,18,measured_continuous_week_direct_isic
C23,印刷和记录媒介复制业,task_timed,6,2021-10-11T06:00:00,382.13538686287313,0.21407800791057363,U62,18,measured_continuous_week_direct_isic
C23,印刷和记录媒介复制业,task_timed,7,2021-10-11T07:00:00,498.4389353481928,0.27923301011298035,U62,18,measured_continuous_week_direct_isic
C23,印刷和记录媒介复制业,task_timed,8,2021-10-11T08:00:00,2436.8052733634604,1.3651350712903934,U62,18,measured_continuous_week_direct_isic
C23,印刷和记录媒介复制业,task_timed,9,2021-10-11T09:00:00,3591.518678901378,2.012022938950494,U62,18,measured_continuous_week_direct_isic
C23,印刷和记录媒介复制业,task_timed,10,2021-10-11T10:00:00,4652.082601948866,2.606166846353925,U62,18,measured_continuous_week_direct_isic
C23,印刷和记录媒介复制业,task_timed,11,2021-10-11T11:00:00,4051.186939160945,2.2695360320558944,U62,18,measured_continuous_week_direct_isic
C23,印刷和记录媒介复制业,task_timed,12,2021-10-11T12:00:00,2345.423459726036,1.3139416008731273,U62,18,measured_continuous_week_direct_isic
C23,印刷和记录媒介复制业,task_timed,13,2021-10-11T13:00:00,2317.734056025134,1.2984295792485823,U62,18,measured_continuous_week_direct_isic
C23,印刷和记录媒介复制业,task_timed,14,2021-10-11T14:00:00,4197.951798590452,2.3517559201324176,U62,18,measured_continuous_week_direct_isic
C23,印刷和记录媒介复制业,task_timed,15,2021-10-11T15:00:00,3909.9658942180085,2.190421872478514,U62,18,measured_continuous_week_direct_isic
C23,印刷和记录媒介复制业,task_timed,16,2021-10-11T16:00:00,4923.451897227572,2.7581920189459845,U62,18,measured_continuous_week_direct_isic
C23,印刷和记录媒介复制业,task_timed,17,2021-10-11T17:00:00,4137.029176702075,2.317626148384184,U62,18,measured_continuous_week_direct_isic
C23,印刷和记录媒介复制业,task_timed,18,2021-10-11T18:00:00,1379.0090191689785,0.7725416537263669,U62,18,measured_continuous_week_direct_isic
C23,印刷和记录媒介复制业,task_timed,19,2021-10-11T19:00:00,1370.70389341482,0.7678889970030702,U62,18,measured_continuous_week_direct_isic
C23,印刷和记录媒介复制业,task_timed,20,2021-10-11T20:00:00,1287.6293247266944,0.7213493705141844,U62,18,measured_continuous_week_direct_isic
C23,印刷和记录媒介复制业,task_timed,21,2021-10-11T21:00:00,825.1891572238421,0.46228341315921295,U62,18,measured_continuous_week_direct_isic
C23,印刷和记录媒介复制业,task_timed,22,2021-10-11T22:00:00,656.2765893848651,0.3676560447522044,U62,18,measured_continuous_week_direct_isic
C23,印刷和记录媒介复制业,task_timed,23,2021-10-11T23:00:00,706.1179398855164,0.39557792111740203,U62,18,measured_continuous_week_direct_isic
C23,印刷和记录媒介复制业,task_timed,24,2021-10-12T00:00:00,559.3573188462888,0.3133604074510461,U62,18,measured_continuous_week_direct_isic
C23,印刷和记录媒介复制业,task_timed,25,2021-10-12T01:00:00,492.89724005676027,0.2761284688189206,U62,18,measured_continuous_week_direct_isic
C23,印刷和记录媒介复制业,task_timed,26,2021-10-12T02:00:00,498.43681615305275,0.2792318229078966,U62,18,measured_continuous_week_direct_isic
C23,印刷和记录媒介复制业,task_timed,27,2021-10-12T03:00:00,476.2848693533033,0.26682196816724396,U62,18,measured_continuous_week_direct_isic
C23,印刷和记录媒介复制业,task_timed,28,2021-10-12T04:00:00,479.05253820630935,0.26837245800664816,U62,18,measured_continuous_week_direct_isic
C23,印刷和记录媒介复制业,task_timed,29,2021-10-12T05:00:00,470.747412452151,0.26371980128335176,U62,18,measured_continuous_week_direct_isic
C23,印刷和记录媒介复制业,task_timed,30,2021-10-12T06:00:00,490.1316903988943,0.27457916618460015,U62,18,measured_continuous_week_direct_isic
C23,印刷和记录媒介复制业,task_timed,31,2021-10-12T07:00:00,653.506801336719,0.3661043677077165,U62,18,measured_continuous_week_direct_isic
C23,印刷和记录媒介复制业,task_timed,32,2021-10-12T08:00:00,1874.678166469025,1.0502229867948591,U62,18,measured_continuous_week_direct_isic
C23,印刷和记录媒介复制业,task_timed,33,2021-10-12T09:00:00,4283.791916936443,2.399844849255624,U62,18,measured_continuous_week_direct_isic
C23,印刷和记录媒介复制业,task_timed,34,2021-10-12T10:00:00,4042.879694211645,2.2648821881275136,U62,18,measured_continuous_week_direct_isic
C23,印刷和记录媒介复制业,task_timed,35,2021-10-12T11:00:00,4161.950911549972,2.331587680169325,U62,18,measured_continuous_week_direct_isic
C23,印刷和记录媒介复制业,task_timed,36,2021-10-12T12:00:00,1938.3663380152675,1.085902061177413,U62,18,measured_continuous_week_direct_isic
C23,印刷和记录媒介复制业,task_timed,37,2021-10-12T13:00:00,2381.4243467665165,1.3341098408362198,U62,18,measured_continuous_week_direct_isic
C23,印刷和记录媒介复制业,task_timed,38,2021-10-12T14:00:00,3419.834203819115,1.9158427062939143,U62,18,measured_continuous_week_direct_isic
C23,印刷和记录媒介复制业,task_timed,39,2021-10-12T15:00:00,3447.525726715157,1.9313559151235429,U62,18,measured_continuous_week_direct_isic
C23,印刷和记录媒介复制业,task_timed,40,2021-10-12T16:00:00,3655.20685044762,2.047702013333048,U62,18,measured_continuous_week_direct_isic
C23,印刷和记录媒介复制业,task_timed,41,2021-10-12T17:00:00,2594.6429274001325,1.4535581059296174,U62,18,measured_continuous_week_direct_isic
C23,印刷和记录媒介复制业,task_timed,42,2021-10-12T18:00:00,2195.8930506386628,1.2301724101622835,U62,18,measured_continuous_week_direct_isic
C23,印刷和记录媒介复制业,task_timed,43,2021-10-12T19:00:00,2566.951404504091,1.4380448970999888,U62,18,measured_continuous_week_direct_isic
C23,印刷和记录媒介复制业,task_timed,44,2021-10-12T20:00:00,1827.6023656262398,1.023850413063982,U62,18,measured_continuous_week_direct_isic
C23,印刷和记录媒介复制业,task_timed,45,2021-10-12T21:00:00,764.268654530606,0.4281548286160634,U62,18,measured_continuous_week_direct_isic
C23,印刷和记录媒介复制业,task_timed,46,2021-10-12T22:00:00,656.2744701897251,0.3676548575471207,U62,18,measured_continuous_week_direct_isic
C23,印刷和记录媒介复制业,task_timed,47,2021-10-12T23:00:00,562.1249876992948,0.3149108972904503,U62,18,measured_continuous_week_direct_isic
C23,印刷和记录媒介复制业,task_timed,48,2021-10-13T00:00:00,490.1295712037542,0.2745779789795164,U62,18,measured_continuous_week_direct_isic
C23,印刷和记录媒介复制业,task_timed,49,2021-10-13T01:00:00,462.44016750285255,0.25906595735497157,U62,18,measured_continuous_week_direct_isic
C23,印刷和记录媒介复制业,task_timed,50,2021-10-13T02:00:00,470.74529325701087,0.26371861407826797,U62,18,measured_continuous_week_direct_isic
C23,印刷和记录媒介复制业,task_timed,51,2021-10-13T03:00:00,470.747412452151,0.26371980128335176,U62,18,measured_continuous_week_direct_isic
C23,印刷和记录媒介复制业,task_timed,52,2021-10-13T04:00:00,451.3631345054077,0.2528604363821033,U62,18,measured_continuous_week_direct_isic
C23,印刷和记录媒介复制业,task_timed,53,2021-10-13T05:00:00,470.74529325701087,0.26371861407826797,U62,18,measured_continuous_week_direct_isic
C23,印刷和记录媒介复制业,task_timed,54,2021-10-13T06:00:00,443.05588955610915,0.24820659245372312,U62,18,measured_continuous_week_direct_isic
C23,印刷和记录媒介复制业,task_timed,55,2021-10-13T07:00:00,573.2020206967396,0.32111641826331855,U62,18,measured_continuous_week_direct_isic
C23,印刷和记录媒介复制业,task_timed,56,2021-10-13T08:00:00,2348.195366969323,1.3154944651226992,U62,18,measured_continuous_week_direct_isic
C23,印刷和记录媒介复制业,task_timed,57,2021-10-13T09:00:00,4701.928190839797,2.63409109712929,U62,18,measured_continuous_week_direct_isic
C23,印刷和记录媒介复制业,task_timed,58,2021-10-13T10:00:00,4103.802316100022,2.2990119598757475,U62,18,measured_continuous_week_direct_isic
C23,印刷和记录媒介复制业,task_timed,59,2021-10-13T11:00:00,4148.106209699521,2.3238316693570527,U62,18,measured_continuous_week_direct_isic
C23,印刷和记录媒介复制业,task_timed,60,2021-10-13T12:00:00,1943.9037949164194,1.089004228061305,U62,18,measured_continuous_week_direct_isic
C23,印刷和记录媒介复制业,task_timed,61,2021-10-13T13:00:00,2741.4035484393603,1.5357756195959733,U62,18,measured_continuous_week_direct_isic
C23,印刷和记录媒介复制业,task_timed,62,2021-10-13T14:00:00,4076.11079320398,2.2834987510461184,U62,18,measured_continuous_week_direct_isic
C23,印刷和记录媒介复制业,task_timed,63,2021-10-13T15:00:00,4236.7182352887985,2.3734734627298306,U62,18,measured_continuous_week_direct_isic
C23,印刷和记录媒介复制业,task_timed,64,2021-10-13T16:00:00,4142.568752798368,2.32072950247316,U62,18,measured_continuous_week_direct_isic
C23,印刷和记录媒介复制业,task_timed,65,2021-10-13T17:00:00,2622.3365694913145,1.4690725019643298,U62,18,measured_continuous_week_direct_isic
C23,印刷和记录媒介复制业,task_timed,66,2021-10-13T18:00:00,1863.6053718618607,1.0440198402321585,U62,18,measured_continuous_week_direct_isic
C23,印刷和记录媒介复制业,task_timed,67,2021-10-13T19:00:00,1708.5332674830543,0.9571461082272549,U62,18,measured_continuous_week_direct_isic
C23,印刷和记录媒介复制业,task_timed,68,2021-10-13T20:00:00,1060.5618038523478,0.594142720198347,U62,18,measured_continuous_week_direct_isic
C23,印刷和记录媒介复制业,task_timed,69,2021-10-13T21:00:00,564.8968949425812,0.3164637615400221,U62,18,measured_continuous_week_direct_isic
C23,印刷和记录媒介复制业,task_timed,70,2021-10-13T22:00:00,221.52370638777433,0.12410092181669402,U62,18,measured_continuous_week_direct_isic
C23,印刷和记录媒介复制业,task_timed,71,2021-10-13T23:00:00,368.29068501242233,0.20632199709830124,U62,18,measured_continuous_week_direct_isic
C23,印刷和记录媒介复制业,task_timed,72,2021-10-14T00:00:00,193.8343026868726,0.10858890019214915,U62,18,measured_continuous_week_direct_isic
C23,印刷和记录媒介复制业,task_timed,73,2021-10-14T01:00:00,193.8343026868726,0.10858890019214915,U62,18,measured_continuous_week_direct_isic
C23,印刷和记录媒介复制业,task_timed,74,2021-10-14T02:00:00,185.52705773757404,0.10393505626376892,U62,18,measured_continuous_week_direct_isic
C23,印刷和记录媒介复制业,task_timed,75,2021-10-14T03:00:00,188.2968457857203,0.10548673330825695,U62,18,measured_continuous_week_direct_isic
C23,印刷和记录媒介复制业,task_timed,76,2021-10-14T04:00:00,179.98960083642172,0.10083288937987671,U62,18,measured_continuous_week_direct_isic
C23,印刷和记录媒介复制业,task_timed,77,2021-10-14T05:00:00,193.8343026868726,0.10858890019214915,U62,18,measured_continuous_week_direct_isic
C23,印刷和记录媒介复制业,task_timed,78,2021-10-14T06:00:00,185.52705773757404,0.10393505626376892,U62,18,measured_continuous_week_direct_isic
C23,印刷和记录媒介复制业,task_timed,79,2021-10-14T07:00:00,340.5991621163804,0.19080878826867254,U62,18,measured_continuous_week_direct_isic
C23,印刷和记录媒介复制业,task_timed,80,2021-10-14T08:00:00,1979.9046819569,1.1091724680243977,U62,18,measured_continuous_week_direct_isic
C23,印刷和记录媒介复制业,task_timed,81,2021-10-14T09:00:00,2846.632183122375,1.5947262880305955,U62,18,measured_continuous_week_direct_isic
C23,印刷和记录媒介复制业,task_timed,82,2021-10-14T10:00:00,3832.4309016261755,2.146985600078604,U62,18,measured_continuous_week_direct_isic
C23,印刷和记录媒介复制业,task_timed,83,2021-10-14T11:00:00,4355.789452627125,2.4401789547716417,U62,18,measured_continuous_week_direct_isic
C23,印刷和记录媒介复制业,task_timed,84,2021-10-14T12:00:00,1780.5286839785952,0.997479026538189,U62,18,measured_continuous_week_direct_isic
C23,印刷和记录媒介复制业,task_timed,85,2021-10-14T13:00:00,3176.156431436451,1.7793307425314837,U62,18,measured_continuous_week_direct_isic
C23,印刷和记录媒介复制业,task_timed,86,2021-10-14T14:00:00,4588.3901920123435,2.570485397561204,U62,18,measured_continuous_week_direct_isic
C23,印刷和记录媒介复制业,task_timed,87,2021-10-14T15:00:00,4452.708723165701,2.4944745920728,U62,18,measured_continuous_week_direct_isic
C23,印刷和记录媒介复制业,task_timed,88,2021-10-14T16:00:00,4167.490487646264,2.334691034258301,U62,18,measured_continuous_week_direct_isic
C23,印刷和记录媒介复制业,task_timed,89,2021-10-14T17:00:00,2630.6438144406134,1.4737263458927101,U62,18,measured_continuous_week_direct_isic
C23,印刷和记录媒介复制业,task_timed,90,2021-10-14T18:00:00,706.1221782757967,0.39558029552756957,U62,18,measured_continuous_week_direct_isic
C23,印刷和记录媒介复制业,task_timed,91,2021-10-14T19:00:00,927.6480038587111,0.5196824045493473,U62,18,measured_continuous_week_direct_isic
C23,印刷和记录媒介复制业,task_timed,92,2021-10-14T20:00:00,894.4190240615169,0.5010670288358264,U62,18,measured_continuous_week_direct_isic
C23,印刷和记录媒介复制业,task_timed,93,2021-10-14T21:00:00,276.9109905701383,0.15512971388611885,U62,18,measured_continuous_week_direct_isic
C23,印刷和记录媒介复制业,task_timed,94,2021-10-14T22:00:00,276.90887137499817,0.15512852668103508,U62,18,measured_continuous_week_direct_isic
C23,印刷和记录媒介复制业,task_timed,95,2021-10-14T23:00:00,116.30142929017963,0.065153814997323,U62,18,measured_continuous_week_direct_isic
C23,印刷和记录媒介复制业,task_timed,96,2021-10-15T00:00:00,83.07244949298544,0.04653843928380214,U62,18,measured_continuous_week_direct_isic
C23,印刷和记录媒介复制业,task_timed,97,2021-10-15T01:00:00,88.60990639413775,0.04964060616769436,U62,18,measured_continuous_week_direct_isic
C23,印刷和记录媒介复制业,task_timed,98,2021-10-15T02:00:00,127.3805814827645,0.07136052317527497,U62,18,measured_continuous_week_direct_isic
C23,印刷和记录媒介复制业,task_timed,99,2021-10-15T03:00:00,121.84100538647206,0.06825716908629899,U62,18,measured_continuous_week_direct_isic
C23,印刷和记录媒介复制业,task_timed,100,2021-10-15T04:00:00,119.07333653346595,0.06670667924689476,U62,18,measured_continuous_week_direct_isic
C23,印刷和记录媒介复制业,task_timed,101,2021-10-15T05:00:00,119.07333653346595,0.06670667924689476,U62,18,measured_continuous_week_direct_isic
C23,印刷和记录媒介复制业,task_timed,102,2021-10-15T06:00:00,130.1482503357706,0.0729110130146792,U62,18,measured_continuous_week_direct_isic
C23,印刷和记录媒介复制业,task_timed,103,2021-10-15T07:00:00,235.3705274333653,0.1318581198340502,U62,18,measured_continuous_week_direct_isic
C23,印刷和记录媒介复制业,task_timed,104,2021-10-15T08:00:00,2852.169640023528,1.5978284549144879,U62,18,measured_continuous_week_direct_isic
C23,印刷和记录媒介复制业,task_timed,105,2021-10-15T09:00:00,3926.5782649214657,2.1997283731301907,U62,18,measured_continuous_week_direct_isic
C23,印刷和记录媒介复制业,task_timed,106,2021-10-15T10:00:00,4228.4109903395,2.3688196188014503,U62,18,measured_continuous_week_direct_isic
C23,印刷和记录媒介复制业,task_timed,107,2021-10-15T11:00:00,3757.6614586922083,2.1050986303130146,U62,18,measured_continuous_week_direct_isic
C23,印刷和记录媒介复制业,task_timed,108,2021-10-15T12:00:00,1772.2214390292966,0.9928251826098087,U62,18,measured_continuous_week_direct_isic
C23,印刷和记录媒介复制业,task_timed,109,2021-10-15T13:00:00,2445.1125183127588,1.3697889152187737,U62,18,measured_continuous_week_direct_isic
C23,印刷和记录媒介复制业,task_timed,110,2021-10-15T14:00:00,3912.7335630710154,2.1919723623179186,U62,18,measured_continuous_week_direct_isic
C23,印刷和记录媒介复制业,task_timed,111,2021-10-15T15:00:00,4976.067274166649,2.787667946765837,U62,18,measured_continuous_week_direct_isic
C23,印刷和记录媒介复制业,task_timed,112,2021-10-15T16:00:00,3807.5070475831403,2.13302288108838,U62,18,measured_continuous_week_direct_isic
C23,印刷和记录媒介复制业,task_timed,113,2021-10-15T17:00:00,2173.741103838913,1.217762555421631,U62,18,measured_continuous_week_direct_isic
C23,印刷和记录媒介复制业,task_timed,114,2021-10-15T18:00:00,1467.6210447582569,0.8221834470991451,U62,18,measured_continuous_week_direct_isic
C23,印刷和记录媒介复制业,task_timed,115,2021-10-15T19:00:00,2223.5845735347043,1.245685618991912,U62,18,measured_continuous_week_direct_isic
C23,印刷和记录媒介复制业,task_timed,116,2021-10-15T20:00:00,1874.678166469025,1.0502229867948591,U62,18,measured_continuous_week_direct_isic
C23,印刷和记录媒介复制业,task_timed,117,2021-10-15T21:00:00,1199.0172991374168,0.6717075771414064,U62,18,measured_continuous_week_direct_isic
C23,印刷和记录媒介复制业,task_timed,118,2021-10-15T22:00:00,249.2152292838162,0.13961413064632267,U62,18,measured_continuous_week_direct_isic
C23,印刷和记录媒介复制业,task_timed,119,2021-10-15T23:00:00,276.906752179858,0.15512733947595128,U62,18,measured_continuous_week_direct_isic
C23,印刷和记录媒介复制业,task_timed,120,2021-10-16T00:00:00,296.29103012660136,0.16598670437719973,U62,18,measured_continuous_week_direct_isic
C23,印刷和记录媒介复制业,task_timed,121,2021-10-16T01:00:00,202.1415476361711,0.11324274412052934,U62,18,measured_continuous_week_direct_isic
C23,印刷和记录媒介复制业,task_timed,122,2021-10-16T02:00:00,204.90921648917723,0.11479323395993359,U62,18,measured_continuous_week_direct_isic
C23,印刷和记录媒介复制业,task_timed,123,2021-10-16T03:00:00,202.1415476361711,0.11324274412052934,U62,18,measured_continuous_week_direct_isic
C23,印刷和记录媒介复制业,task_timed,124,2021-10-16T04:00:00,207.6790045373235,0.1163449110044216,U62,18,measured_continuous_week_direct_isic
C23,印刷和记录媒介复制业,task_timed,125,2021-10-16T05:00:00,215.98624948662203,0.12099875493280181,U62,18,measured_continuous_week_direct_isic
C23,印刷和记录媒介复制业,task_timed,126,2021-10-16T06:00:00,227.0632824840668,0.12720427590567002,U62,18,measured_continuous_week_direct_isic
C23,印刷和记录媒介复制业,task_timed,127,2021-10-16T07:00:00,282.4484474712906,0.15823188077001105,U62,18,measured_continuous_week_direct_isic
C23,印刷和记录媒介复制业,task_timed,128,2021-10-16T08:00:00,1669.7647115895677,0.9354273784247581,U62,18,measured_continuous_week_direct_isic
C23,印刷和记录媒介复制业,task_timed,129,2021-10-16T09:00:00,3563.8271560053363,1.9965097301208659,U62,18,measured_continuous_week_direct_isic
C23,印刷和记录媒介复制业,task_timed,130,2021-10-16T10:00:00,4231.178659192506,2.3703701086408544,U62,18,measured_continuous_week_direct_isic
C23,印刷和记录媒介复制业,task_timed,131,2021-10-16T11:00:00,3641.3621485971703,2.039946002520776,U62,18,measured_continuous_week_direct_isic
C23,印刷和记录媒介复制业,task_timed,132,2021-10-16T12:00:00,1772.2214390292966,0.9928251826098087,U62,18,measured_continuous_week_direct_isic
C23,印刷和记录媒介复制业,task_timed,133,2021-10-16T13:00:00,2982.313651969018,1.6707370935189996,U62,18,measured_continuous_week_direct_isic
C23,印刷和记录媒介复制业,task_timed,134,2021-10-16T14:00:00,3940.4229667719164,2.207484383942463,U62,18,measured_continuous_week_direct_isic
C23,印刷和记录媒介复制业,task_timed,135,2021-10-16T15:00:00,4245.025480238097,2.378127306658211,U62,18,measured_continuous_week_direct_isic
C23,印刷和记录媒介复制业,task_timed,136,2021-10-16T16:00:00,4643.7753569995675,2.601513002425545,U62,18,measured_continuous_week_direct_isic
C23,印刷和记录媒介复制业,task_timed,137,2021-10-16T17:00:00,3322.9170524756782,1.8615482561978394,U62,18,measured_continuous_week_direct_isic
C23,印刷和记录媒介复制业,task_timed,138,2021-10-16T18:00:00,1974.3672250557481,1.1060703011405058,U62,18,measured_continuous_week_direct_isic
C23,印刷和记录媒介复制业,task_timed,139,2021-10-16T19:00:00,2752.482700631945,1.5419823277739253,U62,18,measured_continuous_week_direct_isic
C23,印刷和记录媒介复制业,task_timed,140,2021-10-16T20:00:00,2278.967619326788,1.2767120366511693,U62,18,measured_continuous_week_direct_isic
C23,印刷和记录媒介复制业,task_timed,141,2021-10-16T21:00:00,276.9088713749981,0.15512852668103502,U62,18,measured_continuous_week_direct_isic
C23,印刷和记录媒介复制业,task_timed,142,2021-10-16T22:00:00,193.83642188201273,0.10859008739723293,U62,18,measured_continuous_week_direct_isic
C23,印刷和记录媒介复制业,task_timed,143,2021-10-16T23:00:00,63.69029074138225,0.035680261587637485,U62,18,measured_continuous_week_direct_isic
C23,印刷和记录媒介复制业,task_timed,144,2021-10-17T00:00:00,66.45795959438836,0.037230751427041714,U62,18,measured_continuous_week_direct_isic
C23,印刷和记录媒介复制业,task_timed,145,2021-10-17T01:00:00,63.688171546242124,0.035679074382553716,U62,18,measured_continuous_week_direct_isic
C23,印刷和记录媒介复制业,task_timed,146,2021-10-17T02:00:00,55.380926596943574,0.031025230454173502,U62,18,measured_continuous_week_direct_isic
C23,印刷和记录媒介复制业,task_timed,147,2021-10-17T03:00:00,69.22774764253458,0.03878242847152971,U62,18,measured_continuous_week_direct_isic
C23,印刷和记录媒介复制业,task_timed,148,2021-10-17T04:00:00,49.84346969579127,0.02792306357028129,U62,18,measured_continuous_week_direct_isic
C23,印刷和记录媒介复制业,task_timed,149,2021-10-17T05:00:00,60.92050269323603,0.034128584543149494,U62,18,measured_continuous_week_direct_isic
C23,印刷和记录媒介复制业,task_timed,150,2021-10-17T06:00:00,69.22774764253458,0.03878242847152971,U62,18,measured_continuous_week_direct_isic
C23,印刷和记录媒介复制业,task_timed,151,2021-10-17T07:00:00,193.83642188201273,0.10859008739723293,U62,18,measured_continuous_week_direct_isic
C23,印刷和记录媒介复制业,task_timed,152,2021-10-17T08:00:00,2215.2773285854055,1.2410317750635318,U62,18,measured_continuous_week_direct_isic
C23,印刷和记录媒介复制业,task_timed,153,2021-10-17T09:00:00,4098.262740003729,2.2959086057867713,U62,18,measured_continuous_week_direct_isic
C23,印刷和记录媒介复制业,task_timed,154,2021-10-17T10:00:00,4513.627106663796,2.5286019894108653,U62,18,measured_continuous_week_direct_isic
C23,印刷和记录媒介复制业,task_timed,155,2021-10-17T11:00:00,4042.8839326019256,2.2648845625376812,U62,18,measured_continuous_week_direct_isic
C23,印刷和记录媒介复制业,task_timed,156,2021-10-17T12:00:00,1669.7647115895677,0.9354273784247581,U62,18,measured_continuous_week_direct_isic
C23,印刷和记录媒介复制业,task_timed,157,2021-10-17T13:00:00,3156.7721534897073,1.768471377630235,U62,18,measured_continuous_week_direct_isic
C23,印刷和记录媒介复制业,task_timed,158,2021-10-17T14:00:00,4283.791916936443,2.399844849255624,U62,18,measured_continuous_week_direct_isic
C23,印刷和记录媒介复制业,task_timed,159,2021-10-17T15:00:00,4200.719467443458,2.3533064099718217,U62,18,measured_continuous_week_direct_isic
C23,印刷和记录媒介复制业,task_timed,160,2021-10-17T16:00:00,3552.7522422030315,1.9903053963530812,U62,18,measured_continuous_week_direct_isic
C23,印刷和记录媒介复制业,task_timed,161,2021-10-17T17:00:00,2298.3518972735314,1.2875714015524178,U62,18,measured_continuous_week_direct_isic
C23,印刷和记录媒介复制业,task_timed,162,2021-10-17T18:00:00,1163.0227696823565,0.651542898793565,U62,18,measured_continuous_week_direct_isic
C23,印刷和记录媒介复制业,task_timed,163,2021-10-17T19:00:00,1606.0744208481856,0.8997471168371207,U62,18,measured_continuous_week_direct_isic
C23,印刷和记录媒介复制业,task_timed,164,2021-10-17T20:00:00,1647.6106455946783,0.9230163364790217,U62,18,measured_continuous_week_direct_isic
C23,印刷和记录媒介复制业,task_timed,165,2021-10-17T21:00:00,623.047609587671,0.3490406690386836,U62,18,measured_continuous_week_direct_isic
C23,印刷和记录媒介复制业,task_timed,166,2021-10-17T22:00:00,359.98555925826383,0.20166934037500472,U62,18,measured_continuous_week_direct_isic
C23,印刷和记录媒介复制业,task_timed,167,2021-10-17T23:00:00,407.0571217107688,0.22803953969571428,U62,18,measured_continuous_week_direct_isic
C24,文教、工美、体育和娱乐用品制造业,task_timed,0,2018-05-21T00:00:00,582.5815966158838,0.467877379428868,U252,32,measured_continuous_week_direct_isic
C24,文教、工美、体育和娱乐用品制造业,task_timed,1,2018-05-21T01:00:00,504.8180954833836,0.40542469754458754,U252,32,measured_continuous_week_direct_isic
C24,文教、工美、体育和娱乐用品制造业,task_timed,2,2018-05-21T02:00:00,466.5755646968412,0.37471172069967595,U252,32,measured_continuous_week_direct_isic
C24,文教、工美、体育和娱乐用品制造业,task_timed,3,2018-05-21T03:00:00,456.37661923685783,0.36652084082555386,U252,32,measured_continuous_week_direct_isic
C24,文教、工美、体育和娱乐用品制造业,task_timed,4,2018-05-21T04:00:00,401.5601785040951,0.322497183386589,U252,32,measured_continuous_week_direct_isic
C24,文教、工美、体育和娱乐用品制造业,task_timed,5,2018-05-21T05:00:00,373.514325636636,0.2999732653299632,U252,32,measured_continuous_week_direct_isic
C24,文教、工美、体育和娱乐用品制造业,task_timed,6,2018-05-21T06:00:00,509.91870198382526,0.4095210480245667,U252,32,measured_continuous_week_direct_isic
C24,文教、工美、体育和娱乐用品制造业,task_timed,7,2018-05-21T07:00:00,667.9926061876965,0.5364718554043629,U252,32,measured_continuous_week_direct_isic
C24,文教、工美、体育和娱乐用品制造业,task_timed,8,2018-05-21T08:00:00,1893.0698988494985,1.520344254769456,U252,32,measured_continuous_week_direct_isic
C24,文教、工美、体育和娱乐用品制造业,task_timed,9,2018-05-21T09:00:00,2326.5005914570693,1.8684369816926125,U252,32,measured_continuous_week_direct_isic
C24,文教、工美、体育和娱乐用品制造业,task_timed,10,2018-05-21T10:00:00,1907.093052037318,1.5316063959063524,U252,32,measured_continuous_week_direct_isic
C24,文教、工美、体育和娱乐用品制造业,task_timed,11,2018-05-21T11:00:00,1717.1484069758817,1.3790598628814053,U252,32,measured_continuous_week_direct_isic
C24,文教、工美、体育和娱乐用品制造业,task_timed,12,2018-05-21T12:00:00,920.4021074375682,0.7391845683938238,U252,32,measured_continuous_week_direct_isic
C24,文教、工美、体育和娱乐用品制造业,task_timed,13,2018-05-21T13:00:00,1282.4431296284258,1.029943503609713,U252,32,measured_continuous_week_direct_isic
C24,文教、工美、体育和娱乐用品制造业,task_timed,14,2018-05-21T14:00:00,1766.8660552409226,1.41898862670906,U252,32,measured_continuous_week_direct_isic
C24,文教、工美、体育和娱乐用品制造业,task_timed,15,2018-05-21T15:00:00,1810.2087390197266,1.4537975898167834,U252,32,measured_continuous_week_direct_isic
C24,文教、工美、体育和娱乐用品制造业,task_timed,16,2018-05-21T16:00:00,1922.390336456843,1.5438918051746173,U252,32,measured_continuous_week_direct_isic
C24,文教、工美、体育和娱乐用品制造业,task_timed,17,2018-05-21T17:00:00,1733.7209563975618,1.3923694508239568,U252,32,measured_continuous_week_direct_isic
C24,文教、工美、体育和娱乐用品制造业,task_timed,18,2018-05-21T18:00:00,831.1662098756494,0.6675182848298038,U252,32,measured_continuous_week_direct_isic
C24,文教、工美、体育和娱乐用品制造业,task_timed,19,2018-05-21T19:00:00,1293.9164330742042,1.039157833723787,U252,32,measured_continuous_week_direct_isic
C24,文教、工美、体育和娱乐用品制造业,task_timed,20,2018-05-21T20:00:00,1482.5862666416654,1.190680552291615,U252,32,measured_continuous_week_direct_isic
C24,文教、工美、体育和娱乐用品制造业,task_timed,21,2018-05-21T21:00:00,1402.2740495375745,1.1261809699274303,U252,32,measured_continuous_week_direct_isic
C24,文教、工美、体育和娱乐用品制造业,task_timed,22,2018-05-21T22:00:00,1195.7573085626375,0.9603252131770987,U252,32,measured_continuous_week_direct_isic
C24,文教、工美、体育和娱乐用品制造业,task_timed,23,2018-05-21T23:00:00,752.1288042655339,0.6040425169227385,U252,32,measured_continuous_week_direct_isic
C24,文教、工美、体育和娱乐用品制造业,task_timed,24,2018-05-22T00:00:00,604.2524849971059,0.48528149676556254,U252,32,measured_continuous_week_direct_isic
C24,文教、工美、体育和娱乐用品制造业,task_timed,25,2018-05-22T01:00:00,520.1158334110886,0.4177104710300198,U252,32,measured_continuous_week_direct_isic
C24,文教、工美、体育和娱乐用品制造业,task_timed,26,2018-05-22T02:00:00,474.22443366069376,0.38085460744239213,U252,32,measured_continuous_week_direct_isic
C24,文教、工美、体育和娱乐用品制造业,task_timed,27,2018-05-22T03:00:00,429.6060313715542,0.34502110144321474,U252,32,measured_continuous_week_direct_isic
C24,文教、工美、体育和娱乐用品制造业,task_timed,28,2018-05-22T04:00:00,401.5601785040951,0.322497183386589,U252,32,measured_continuous_week_direct_isic
C24,文教、工美、体育和娱乐用品制造业,task_timed,29,2018-05-22T05:00:00,383.7128175884394,0.3081637809869181,U252,32,measured_continuous_week_direct_isic
C24,文教、工美、体育和娱乐用品制造业,task_timed,30,2018-05-22T06:00:00,534.1387598448182,0.42897243005833274,U252,32,measured_continuous_week_direct_isic
C24,文教、工美、体育和娱乐用品制造业,task_timed,31,2018-05-22T07:00:00,685.8395135951724,0.5508048935868667,U252,32,measured_continuous_week_direct_isic
C24,文教、工美、体育和娱乐用品制造业,task_timed,32,2018-05-22T08:00:00,2062.6182402695986,1.6565103028062445,U252,32,measured_continuous_week_direct_isic
C24,文教、工美、体育和娱乐用品制造业,task_timed,33,2018-05-22T09:00:00,2343.073140878749,1.8817465696351638,U252,32,measured_continuous_week_direct_isic
C24,文教、工美、体育和娱乐用品制造业,task_timed,34,2018-05-22T10:00:00,2317.5773645074214,1.8612706447099443,U252,32,measured_continuous_week_direct_isic
C24,文教、工美、体育和娱乐用品制造业,task_timed,35,2018-05-22T11:00:00,2156.952930299239,1.7322714799815748,U252,32,measured_continuous_week_direct_isic
C24,文教、工美、体育和娱乐用品制造业,task_timed,36,2018-05-22T12:00:00,1318.1383049679173,1.058610672626222,U252,32,measured_continuous_week_direct_isic
C24,文教、工美、体育和娱乐用品制造业,task_timed,37,2018-05-22T13:00:00,1565.4476532255271,1.257227399352871,U252,32,measured_continuous_week_direct_isic
C24,文教、工美、体育和娱乐用品制造业,task_timed,38,2018-05-22T14:00:00,2138.110048067834,1.717138563990874,U252,32,measured_continuous_week_direct_isic
C24,文教、工美、体育和娱乐用品制造业,task_timed,39,2018-05-22T15:00:00,2214.3185405117724,1.7783424021176109,U252,32,measured_continuous_week_direct_isic
C24,文教、工美、体育和娱乐用品制造业,task_timed,40,2018-05-22T16:00:00,2184.997876150338,1.7547946696038659,U252,32,measured_continuous_week_direct_isic
C24,文教、工美、体育和娱乐用品制造业,task_timed,41,2018-05-22T17:00:00,1975.9319656956304,1.586891648156463,U252,32,measured_continuous_week_direct_isic
C24,文教、工美、体育和娱乐用品制造业,task_timed,42,2018-05-22T18:00:00,1435.419148380935,1.1528001458125334,U252,32,measured_continuous_week_direct_isic
C24,文教、工美、体育和娱乐用品制造业,task_timed,43,2018-05-22T19:00:00,1446.891998318534,1.1620141117094405,U252,32,measured_continuous_week_direct_isic
C24,文教、工美、体育和娱乐用品制造业,task_timed,44,2018-05-22T20:00:00,1332.1603243852867,1.0698719032202004,U252,32,measured_continuous_week_direct_isic
C24,文教、工美、体育和娱乐用品制造业,task_timed,45,2018-05-22T21:00:00,1179.1852126491372,0.9470159894517145,U252,32,measured_continuous_week_direct_isic
C24,文教、工美、体育和娱乐用品制造业,task_timed,46,2018-05-22T22:00:00,1084.8505226194966,0.8712548122763841,U252,32,measured_continuous_week_direct_isic
C24,文教、工美、体育和娱乐用品制造业,task_timed,47,2018-05-22T23:00:00,731.7322738701072,0.587661849825996,U252,32,measured_continuous_week_direct_isic
C24,文教、工美、体育和娱乐用品制造业,task_timed,48,2018-05-23T00:00:00,619.5506764329907,0.49756763446816193,U252,32,measured_continuous_week_direct_isic
C24,文教、工美、体育和娱乐用品制造业,task_timed,49,2018-05-23T01:00:00,535.4135713387935,0.42999624451545204,U252,32,measured_continuous_week_direct_isic
C24,文教、工美、体育和娱乐用品制造业,task_timed,50,2018-05-23T02:00:00,499.7193030156619,0.4013298039332774,U252,32,measured_continuous_week_direct_isic
C24,文教、工美、体育和娱乐用品制造业,task_timed,51,2018-05-23T03:00:00,471.67435716456293,0.37880661431098617,U252,32,measured_continuous_week_direct_isic
C24,文教、工美、体育和娱乐用品制造业,task_timed,52,2018-05-23T04:00:00,443.6289578052838,0.35628306047152764,U252,32,measured_continuous_week_direct_isic
C24,文教、工美、体育和娱乐用品制造业,task_timed,53,2018-05-23T05:00:00,418.13272792577555,0.3358067713291406,U252,32,measured_continuous_week_direct_isic
C24,文教、工美、体育和娱乐用品制造业,task_timed,54,2018-05-23T06:00:00,545.6120632905968,0.43818676017240676,U252,32,measured_continuous_week_direct_isic
C24,文教、工美、体育和娱乐用品制造业,task_timed,55,2018-05-23T07:00:00,530.3143253628919,0.42590098668697457,U252,32,measured_continuous_week_direct_isic
C24,文教、工美、体育和娱乐用品制造业,task_timed,56,2018-05-23T08:00:00,2065.167409749369,1.6585575675033157,U252,32,measured_continuous_week_direct_isic
C24,文教、工美、体育和娱乐用品制造业,task_timed,57,2018-05-23T09:00:00,1879.0476526780392,1.509082842066894,U252,32,measured_continuous_week_direct_isic
C24,文教、工美、体育和娱乐用品制造业,task_timed,58,2018-05-23T10:00:00,1904.5434290493674,1.5295587669921138,U252,32,measured_continuous_week_direct_isic
C24,文教、工美、体育和娱乐用品制造业,task_timed,59,2018-05-23T11:00:00,1986.1300041392537,1.5950817995962505,U252,32,measured_continuous_week_direct_isic
C24,文教、工美、体育和娱乐用品制造业,task_timed,60,2018-05-23T12:00:00,1295.19169807636,1.0401820123980738,U252,32,measured_continuous_week_direct_isic
C24,文教、工美、体育和娱乐用品制造业,task_timed,61,2018-05-23T13:00:00,1481.3114551476901,1.1896567378344958,U252,32,measured_continuous_week_direct_isic
C24,文教、工美、体育和娱乐用品制造业,task_timed,62,2018-05-23T14:00:00,2238.5399588973055,1.7977948768028789,U252,32,measured_continuous_week_direct_isic
C24,文教、工美、体育和娱乐用品制造业,task_timed,63,2018-05-23T15:00:00,1936.4128093823927,1.5551533999857632,U252,32,measured_continuous_week_direct_isic
C24,文教、工美、体育和娱乐用品制造业,task_timed,64,2018-05-23T16:00:00,1928.7648474349003,1.5490112416773816,U252,32,measured_continuous_week_direct_isic
C24,文教、工美、体育和娱乐用品制造业,task_timed,65,2018-05-23T17:00:00,1783.4381511544232,1.4322978504344444,U252,32,measured_continuous_week_direct_isic
C24,文教、工美、体育和娱乐用品制造业,task_timed,66,2018-05-23T18:00:00,1255.672995271302,1.0084441284445411,U252,32,measured_continuous_week_direct_isic
C24,文教、工美、体育和娱乐用品制造业,task_timed,67,2018-05-23T19:00:00,1346.1832508190166,1.0811338622485136,U252,32,measured_continuous_week_direct_isic
C24,文教、工美、体育和娱乐用品制造业,task_timed,68,2018-05-23T20:00:00,1343.6340813392453,1.0790865975514419,U252,32,measured_continuous_week_direct_isic
C24,文教、工美、体育和娱乐用品制造业,task_timed,69,2018-05-23T21:00:00,1230.1772188999737,0.9879682035193214,U252,32,measured_continuous_week_direct_isic
C24,文教、工美、体育和娱乐用品制造业,task_timed,70,2018-05-23T22:00:00,1144.765755819981,0.9193733633266592,U252,32,measured_continuous_week_direct_isic
C24,文教、工美、体育和娱乐用品制造业,task_timed,71,2018-05-23T23:00:00,845.188682801199,0.6787798796409494,U252,32,measured_continuous_week_direct_isic
C24,文教、工美、体育和娱乐用品制造业,task_timed,72,2018-05-24T00:00:00,729.1831043903362,0.5856145851289245,U252,32,measured_continuous_week_direct_isic
C24,文教、工美、体育和娱乐用品制造业,task_timed,73,2018-05-24T01:00:00,665.4425296915657,0.534423862272957,U252,32,measured_continuous_week_direct_isic
C24,文教、工美、体育和娱乐用品制造业,task_timed,74,2018-05-24T02:00:00,604.2529385052859,0.48528186098272985,U252,32,measured_continuous_week_direct_isic
C24,文教、工美、体育和娱乐用品制造业,task_timed,75,2018-05-24T03:00:00,567.2838586881788,0.4555916059434358,U252,32,measured_continuous_week_direct_isic
C24,文教、工美、体育和娱乐用品制造业,task_timed,76,2018-05-24T04:00:00,661.6185487178195,0.5313527831187662,U252,32,measured_continuous_week_direct_isic
C24,文教、工美、体育和娱乐用品制造业,task_timed,77,2018-05-24T05:00:00,615.7257884428846,0.4944958268796367,U252,32,measured_continuous_week_direct_isic
C24,文教、工美、体育和娱乐用品制造业,task_timed,78,2018-05-24T06:00:00,597.8793345435888,0.4801631529143003,U252,32,measured_continuous_week_direct_isic
C24,文教、工美、体育和娱乐用品制造业,task_timed,79,2018-05-24T07:00:00,859.2116092349285,0.6900418386692623,U252,32,measured_continuous_week_direct_isic
C24,文教、工美、体育和娱乐用品制造业,task_timed,80,2018-05-24T08:00:00,2274.871632967425,1.8269732246136132,U252,32,measured_continuous_week_direct_isic
C24,文教、工美、体育和娱乐用品制造业,task_timed,81,2018-05-24T09:00:00,2447.924572225507,1.9659538518645614,U252,32,measured_continuous_week_direct_isic
C24,文教、工美、体育和娱乐用品制造业,task_timed,82,2018-05-24T10:00:00,2408.087620055135,1.9339603785139161,U252,32,measured_continuous_week_direct_isic
C24,文教、工美、体育和娱乐用品制造业,task_timed,83,2018-05-24T11:00:00,2289.5319651481423,1.838747090870486,U252,32,measured_continuous_week_direct_isic
C24,文教、工美、体育和娱乐用品制造业,task_timed,84,2018-05-24T12:00:00,1562.8984837457565,1.2551801346557998,U252,32,measured_continuous_week_direct_isic
C24,文教、工美、体育和娱乐用品制造业,task_timed,85,2018-05-24T13:00:00,1423.9460716892463,1.1435859978070428,U252,32,measured_continuous_week_direct_isic
C24,文教、工美、体育和娱乐用品制造业,task_timed,86,2018-05-24T14:00:00,1885.8091773187023,1.514513093293836,U252,32,measured_continuous_week_direct_isic
C24,文教、工美、体育和娱乐用品制造业,task_timed,87,2018-05-24T15:00:00,2321.4008919729877,1.864341359646968,U252,32,measured_continuous_week_direct_isic
C24,文教、工美、体育和娱乐用品制造业,task_timed,88,2018-05-24T16:00:00,2258.936035784552,1.814175179682454,U252,32,measured_continuous_week_direct_isic
C24,文教、工美、体育和娱乐用品制造业,task_timed,89,2018-05-24T17:00:00,1826.7808349332272,1.4671068135421679,U252,32,measured_continuous_week_direct_isic
C24,文教、工美、体育和娱乐用品制造业,task_timed,90,2018-05-24T18:00:00,1422.671033441181,1.14256200124134,U252,32,measured_continuous_week_direct_isic
C24,文教、工美、体育和娱乐用品制造业,task_timed,91,2018-05-24T19:00:00,1514.456100482871,1.2162755495024318,U252,32,measured_continuous_week_direct_isic
C24,文教、工美、体育和娱乐用品制造业,task_timed,92,2018-05-24T20:00:00,1384.427595638279,1.1118482959620941,U252,32,measured_continuous_week_direct_isic
C24,文教、工美、体育和娱乐用品制造业,task_timed,93,2018-05-24T21:00:00,1191.9333275888914,0.957254134022908,U252,32,measured_continuous_week_direct_isic
C24,文教、工美、体育和娱乐用品制造业,task_timed,94,2018-05-24T22:00:00,1203.4061775264902,0.9664680999198151,U252,32,measured_continuous_week_direct_isic
C24,文教、工美、体育和娱乐用品制造业,task_timed,95,2018-05-24T23:00:00,806.9456985064764,0.6480665385788705,U252,32,measured_continuous_week_direct_isic
C24,文教、工美、体育和娱乐用品制造业,task_timed,96,2018-05-25T00:00:00,688.3891365831231,0.5528525225011053,U252,32,measured_continuous_week_direct_isic
C24,文教、工美、体育和娱乐用品制造业,task_timed,97,2018-05-25T01:00:00,604.2529385052859,0.48528186098272985,U252,32,measured_continuous_week_direct_isic
C24,文教、工美、体育和娱乐用品制造业,task_timed,98,2018-05-25T02:00:00,562.1846127122772,0.45149634811495837,U252,32,measured_continuous_week_direct_isic
C24,文教、工美、体育和娱乐用品制造业,task_timed,99,2018-05-25T03:00:00,554.5357437484247,0.44535346137224224,U252,32,measured_continuous_week_direct_isic
C24,文教、工美、体育和娱乐用品制造业,task_timed,100,2018-05-25T04:00:00,573.6574626498759,0.46071031401186535,U252,32,measured_continuous_week_direct_isic
C24,文教、工美、体育和娱乐用品制造业,task_timed,101,2018-05-25T05:00:00,611.9013539609582,0.49142438350827855,U252,32,measured_continuous_week_direct_isic
C24,文教、工美、体育和娱乐用品制造业,task_timed,102,2018-05-25T06:00:00,585.1312196038347,0.46992500834310674,U252,32,measured_continuous_week_direct_isic
C24,文教、工美、体育和娱乐用品制造业,task_timed,103,2018-05-25T07:00:00,874.5093471626335,0.7023276121546945,U252,32,measured_continuous_week_direct_isic
C24,文教、工美、体育和娱乐用品制造业,task_timed,104,2018-05-25T08:00:00,1573.575200073368,1.263754717315612,U252,32,measured_continuous_week_direct_isic
C24,文教、工美、体育和娱乐用品制造业,task_timed,105,2018-05-25T09:00:00,2153.686197501666,1.7296479326716336,U252,32,measured_continuous_week_direct_isic
C24,文教、工美、体育和娱乐用品制造业,task_timed,106,2018-05-25T10:00:00,2368.568917250078,1.902222494560384,U252,32,measured_continuous_week_direct_isic
C24,文教、工美、体育和娱乐用品制造业,task_timed,107,2018-05-25T11:00:00,2353.271179322373,1.8899367210749518,U252,32,measured_continuous_week_direct_isic
C24,文教、工美、体育和娱乐用品制造业,task_timed,108,2018-05-25T12:00:00,1451.9916978026156,1.1661097337550852,U252,32,measured_continuous_week_direct_isic
C24,文教、工美、体育和娱乐用品制造业,task_timed,109,2018-05-25T13:00:00,1425.220883183222,1.1446098122641624,U252,32,measured_continuous_week_direct_isic
C24,文教、工美、体育和娱乐用品制造业,task_timed,110,2018-05-25T14:00:00,1747.265743488267,1.403247411140131,U252,32,measured_continuous_week_direct_isic
C24,文教、工美、体育和娱乐用品制造业,task_timed,111,2018-05-25T15:00:00,2302.279626579716,1.8489848712245118,U252,32,measured_continuous_week_direct_isic
C24,文教、工美、体育和娱乐用品制造业,task_timed,112,2018-05-25T16:00:00,2230.890636425273,1.7916516258429955,U252,32,measured_continuous_week_direct_isic
C24,文教、工美、体育和娱乐用品制造业,task_timed,113,2018-05-25T17:00:00,1904.5434290493674,1.5295587669921138,U252,32,measured_continuous_week_direct_isic
C24,文教、工美、体育和娱乐用品制造业,task_timed,114,2018-05-25T18:00:00,1496.6091930753948,1.2019425113199278,U252,32,measured_continuous_week_direct_isic
C24,文教、工美、体育和娱乐用品制造业,task_timed,115,2018-05-25T19:00:00,1476.2126626799684,1.1855618442231854,U252,32,measured_continuous_week_direct_isic
C24,文教、工美、体育和娱乐用品制造业,task_timed,116,2018-05-25T20:00:00,1376.7782731662462,1.1057050450022106,U252,32,measured_continuous_week_direct_isic
C24,文教、工美、体育和娱乐用品制造业,task_timed,117,2018-05-25T21:00:00,1309.2141710019093,1.0514436072092195,U252,32,measured_continuous_week_direct_isic
C24,文教、工美、体育和娱乐用品制造业,task_timed,118,2018-05-25T22:00:00,1297.7413210643106,1.0422296413123124,U252,32,measured_continuous_week_direct_isic
C24,文教、工美、体育和娱乐用品制造业,task_timed,119,2018-05-25T23:00:00,834.9901908493956,0.6705893639839946,U252,32,measured_continuous_week_direct_isic
C24,文教、工美、体育和娱乐用品制造业,task_timed,120,2018-05-26T00:00:00,762.3277497255172,0.6122333967968605,U252,32,measured_continuous_week_direct_isic
C24,文教、工美、体育和娱乐用品制造业,task_timed,121,2018-05-26T01:00:00,645.0464528043192,0.5180435593933819,U252,32,measured_continuous_week_direct_isic
C24,文教、工美、体育和娱乐用品制造业,task_timed,122,2018-05-26T02:00:00,627.1990918886631,0.5037101569937108,U252,32,measured_continuous_week_direct_isic
C24,文教、工美、体育和娱乐用品制造业,task_timed,123,2018-05-26T03:00:00,601.703769025515,0.48323459628565835,U252,32,measured_continuous_week_direct_isic
C24,文教、工美、体育和娱乐用品制造业,task_timed,124,2018-05-26T04:00:00,537.9631943267444,0.43204387342969075,U252,32,measured_continuous_week_direct_isic
C24,文教、工美、体育和娱乐用品制造业,task_timed,125,2018-05-26T05:00:00,522.6654563990394,0.4197580999442585,U252,32,measured_continuous_week_direct_isic
C24,文教、工美、体育和娱乐用品制造业,task_timed,126,2018-05-26T06:00:00,629.7482613684341,0.5057574216907823,U252,32,measured_continuous_week_direct_isic
C24,文教、工美、体育和娱乐用品制造业,task_timed,127,2018-05-26T07:00:00,882.1582161264859,0.7084704988974105,U252,32,measured_continuous_week_direct_isic
C24,文教、工美、体育和娱乐用品制造业,task_timed,128,2018-05-26T08:00:00,1385.6504149456732,1.1128303549498515,U252,32,measured_continuous_week_direct_isic
C24,文教、工美、体育和娱乐用品制造业,task_timed,129,2018-05-26T09:00:00,2197.9057785233226,1.76516114113554,U252,32,measured_continuous_week_direct_isic
C24,文教、工美、体育和娱乐用品制造业,task_timed,130,2018-05-26T10:00:00,2199.2428178889427,1.7662349314478556,U252,32,measured_continuous_week_direct_isic
C24,文教、工美、体育和娱乐用品制造业,task_timed,131,2018-05-26T11:00:00,2431.033773438513,1.9523886745248975,U252,32,measured_continuous_week_direct_isic
C24,文教、工美、体育和娱乐用品制造业,task_timed,132,2018-05-26T12:00:00,1603.6915445366096,1.2879414688492845,U252,32,measured_continuous_week_direct_isic
C24,文教、工美、体育和娱乐用品制造业,task_timed,133,2018-05-26T13:00:00,1664.8820427392495,1.3370841985738462,U252,32,measured_continuous_week_direct_isic
C24,文教、工美、体育和娱乐用品制造业,task_timed,134,2018-05-26T14:00:00,2290.8063231339374,1.8397705411104377,U252,32,measured_continuous_week_direct_isic
C24,文教、工美、体育和娱乐用品制造业,task_timed,135,2018-05-26T15:00:00,2178.623818680461,1.7496755973182694,U252,32,measured_continuous_week_direct_isic
C24,文教、工美、体育和娱乐用品制造业,task_timed,136,2018-05-26T16:00:00,2154.924653903468,1.7306425499736182,U252,32,measured_continuous_week_direct_isic
C24,文教、工美、体育和娱乐用品制造业,task_timed,137,2018-05-26T17:00:00,1805.109493043825,1.449702331988306,U252,32,measured_continuous_week_direct_isic
C24,文教、工美、体育和娱乐用品制造业,task_timed,138,2018-05-26T18:00:00,1337.2595703611883,1.0739671610486778,U252,32,measured_continuous_week_direct_isic
C24,文教、工美、体育和娱乐用品制造业,task_timed,139,2018-05-26T19:00:00,1443.0675638366079,1.1589426683380826,U252,32,measured_continuous_week_direct_isic
C24,文教、工美、体育和娱乐用品制造业,task_timed,140,2018-05-26T20:00:00,1394.625634081902,1.1200384474018816,U252,32,measured_continuous_week_direct_isic
C24,文教、工美、体育和娱乐用品制造业,task_timed,141,2018-05-26T21:00:00,1126.9188484125052,0.9050403251441556,U252,32,measured_continuous_week_direct_isic
C24,文教、工美、体育和娱乐用品制造业,task_timed,142,2018-05-26T22:00:00,1027.484458898783,0.8251835259231806,U252,32,measured_continuous_week_direct_isic
C24,文教、工美、体育和娱乐用品制造业,task_timed,143,2018-05-26T23:00:00,787.8226190804853,0.6327085932877458,U252,32,measured_continuous_week_direct_isic
C24,文教、工美、体育和娱乐用品制造业,task_timed,144,2018-05-27T00:00:00,762.327296217337,0.6122330325796932,U252,32,measured_continuous_week_direct_isic
C24,文教、工美、体育和娱乐用品制造业,task_timed,145,2018-05-27T01:00:00,665.4425296915657,0.534423862272957,U252,32,measured_continuous_week_direct_isic
C24,文教、工美、体育和娱乐用品制造业,task_timed,146,2018-05-27T02:00:00,609.3521844811875,0.48937711881120716,U252,32,measured_continuous_week_direct_isic
C24,文教、工美、体育和娱乐用品制造业,task_timed,147,2018-05-27T03:00:00,560.9098012183018,0.45047253365783907,U252,32,measured_continuous_week_direct_isic
C24,文教、工美、体育和娱乐用品制造业,task_timed,148,2018-05-27T04:00:00,554.5357437484247,0.44535346137224224,U252,32,measured_continuous_week_direct_isic
C24,文教、工美、体育和娱乐用品制造业,task_timed,149,2018-05-27T05:00:00,495.89441502555576,0.3982579963447521,U252,32,measured_continuous_week_direct_isic
C24,文教、工美、体育和娱乐用品制造业,task_timed,150,2018-05-27T06:00:00,471.67435716456293,0.37880661431098617,U252,32,measured_continuous_week_direct_isic
C24,文教、工美、体育和娱乐用品制造业,task_timed,151,2018-05-27T07:00:00,583.8564081098592,0.4689011938859874,U252,32,measured_continuous_week_direct_isic
C24,文教、工美、体育和娱乐用品制造业,task_timed,152,2018-05-27T08:00:00,1437.968771368886,1.1548477747267722,U252,32,measured_continuous_week_direct_isic
C24,文教、工美、体育和娱乐用品制造业,task_timed,153,2018-05-27T09:00:00,1634.2870203920197,1.312513015820149,U252,32,measured_continuous_week_direct_isic
C24,文教、工美、体育和娱乐用品制造业,task_timed,154,2018-05-27T10:00:00,2049.8696718216643,1.6462717940178835,U252,32,measured_continuous_week_direct_isic
C24,文教、工美、体育和娱乐用品制造业,task_timed,155,2018-05-27T11:00:00,1718.422764961677,1.3800833131213575,U252,32,measured_continuous_week_direct_isic
C24,文教、工美、体育和娱乐用品制造业,task_timed,156,2018-05-27T12:00:00,1496.609193075395,1.201942511319928,U252,32,measured_continuous_week_direct_isic
C24,文教、工美、体育和娱乐用品制造业,task_timed,157,2018-05-27T13:00:00,1547.6011993262314,1.2428947253875346,U252,32,measured_continuous_week_direct_isic
C24,文教、工美、体育和娱乐用品制造业,task_timed,158,2018-05-27T14:00:00,1241.6500688375725,0.9971821694162283,U252,32,measured_continuous_week_direct_isic
C24,文教、工美、体育和娱乐用品制造业,task_timed,159,2018-05-27T15:00:00,1147.3153788079317,0.9214209922408978,U252,32,measured_continuous_week_direct_isic
C24,文教、工美、体育和娱乐用品制造业,task_timed,160,2018-05-27T16:00:00,724.0834049062546,0.5815189630832799,U252,32,measured_continuous_week_direct_isic
C24,文教、工美、体育和娱乐用品制造业,task_timed,161,2018-05-27T17:00:00,472.9487151503582,0.3798300645509382,U252,32,measured_continuous_week_direct_isic
C24,文教、工美、体育和娱乐用品制造业,task_timed,162,2018-05-27T18:00:00,450.0025617669808,0.36140176853995715,U252,32,measured_continuous_week_direct_isic
C24,文教、工美、体育和娱乐用品制造业,task_timed,163,2018-05-27T19:00:00,647.5960757922699,0.5200911883076205,U252,32,measured_continuous_week_direct_isic
C24,文教、工美、体育和娱乐用品制造业,task_timed,164,2018-05-27T20:00:00,560.9098012183018,0.45047253365783907,U252,32,measured_continuous_week_direct_isic
C24,文教、工美、体育和娱乐用品制造业,task_timed,165,2018-05-27T21:00:00,588.9556540857609,0.4729964517144648,U252,32,measured_continuous_week_direct_isic
C24,文教、工美、体育和娱乐用品制造业,task_timed,166,2018-05-27T22:00:00,632.2983378645649,0.5078054148221883,U252,32,measured_continuous_week_direct_isic
C24,文教、工美、体育和娱乐用品制造业,task_timed,167,2018-05-27T23:00:00,562.1841592040971,0.4514959838977911,U252,32,measured_continuous_week_direct_isic
C25,石油、煤炭及其他燃料加工业,task_timed,0,2020-04-06T00:00:00,1160.9752820576564,0.06872821393950296,U55,17,measured_continuous_week_archetype_proxy
C25,石油、煤炭及其他燃料加工业,task_timed,1,2020-04-06T01:00:00,1093.345653976628,0.06472462866147366,U55,17,measured_continuous_week_archetype_proxy
C25,石油、煤炭及其他燃料加工业,task_timed,2,2020-04-06T02:00:00,1048.2592352559423,0.062055571809454126,U55,17,measured_continuous_week_archetype_proxy
C25,石油、煤炭及其他燃料加工业,task_timed,3,2020-04-06T03:00:00,1014.444421215428,0.06005377917043948,U55,17,measured_continuous_week_archetype_proxy
C25,石油、煤炭及其他燃料加工业,task_timed,4,2020-04-06T04:00:00,1093.345653976628,0.06472462866147366,U55,17,measured_continuous_week_archetype_proxy
C25,石油、煤炭及其他燃料加工业,task_timed,5,2020-04-06T05:00:00,1048.2592352559423,0.062055571809454126,U55,17,measured_continuous_week_archetype_proxy
C25,石油、煤炭及其他燃料加工业,task_timed,6,2020-04-06T06:00:00,1273.6913288593705,0.07540085606955178,U55,17,measured_continuous_week_archetype_proxy
C25,石油、煤炭及其他燃料加工业,task_timed,7,2020-04-06T07:00:00,6582.576819898651,0.38967991389909706,U55,17,measured_continuous_week_archetype_proxy
C25,石油、煤炭及其他燃料加工业,task_timed,8,2020-04-06T08:00:00,15137.668333498714,0.8961301104757466,U55,17,measured_continuous_week_archetype_proxy
C25,石油、煤炭及其他燃料加工业,task_timed,9,2020-04-06T09:00:00,25360.941214435567,1.5013344559788173,U55,17,measured_continuous_week_archetype_proxy
C25,石油、煤炭及其他燃料加工业,task_timed,10,2020-04-06T10:00:00,24966.435050629567,1.4779802085236464,U55,17,measured_continuous_week_archetype_proxy
C25,石油、煤炭及其他燃料加工业,task_timed,11,2020-04-06T11:00:00,27592.702815780925,1.6334518155554822,U55,17,measured_continuous_week_archetype_proxy
C25,石油、煤炭及其他燃料加工业,task_timed,12,2020-04-06T12:00:00,21325.730926927074,1.2624552996205218,U55,17,measured_continuous_week_archetype_proxy
C25,石油、煤炭及其他燃料加工业,task_timed,13,2020-04-06T13:00:00,22633.23706982696,1.3398579483290884,U55,17,measured_continuous_week_archetype_proxy
C25,石油、煤炭及其他燃料加工业,task_timed,14,2020-04-06T14:00:00,25293.32771168312,1.4973318252990897,U55,17,measured_continuous_week_archetype_proxy
C25,石油、煤炭及其他燃料加工业,task_timed,15,2020-04-06T15:00:00,24414.134483965463,1.4452847393855581,U55,17,measured_continuous_week_archetype_proxy
C25,石油、煤炭及其他燃料加工业,task_timed,16,2020-04-06T16:00:00,27727.96207194298,1.6414589861115407,U55,17,measured_continuous_week_archetype_proxy
C25,石油、煤炭及其他燃料加工业,task_timed,17,2020-04-06T17:00:00,24391.591274605114,1.4439502109595481,U55,17,measured_continuous_week_archetype_proxy
C25,石油、煤炭及其他燃料加工业,task_timed,18,2020-04-06T18:00:00,18147.162595111608,1.0742882234505977,U55,17,measured_continuous_week_archetype_proxy
C25,石油、煤炭及其他燃料加工业,task_timed,19,2020-04-06T19:00:00,13897.79181867986,0.8227310470452096,U55,17,measured_continuous_week_archetype_proxy
C25,石油、煤炭及其他燃料加工业,task_timed,20,2020-04-06T20:00:00,13638.544911035917,0.8073839701460973,U55,17,measured_continuous_week_archetype_proxy
C25,石油、煤炭及其他燃料加工业,task_timed,21,2020-04-06T21:00:00,13131.322700428202,0.7773570805608775,U55,17,measured_continuous_week_archetype_proxy
C25,石油、煤炭及其他燃料加工业,task_timed,22,2020-04-06T22:00:00,12759.359745982545,0.7553373615317164,U55,17,measured_continuous_week_archetype_proxy
C25,石油、煤炭及其他燃料加工业,task_timed,23,2020-04-06T23:00:00,12545.199257059288,0.7426593414846236,U55,17,measured_continuous_week_archetype_proxy
C25,石油、煤炭及其他燃料加工业,task_timed,24,2020-04-07T00:00:00,12432.491272921867,0.7359871766537258,U55,17,measured_continuous_week_archetype_proxy
C25,石油、煤炭及其他燃料加工业,task_timed,25,2020-04-07T01:00:00,12590.293738444268,0.7453288756357942,U55,17,measured_continuous_week_archetype_proxy
C25,石油、煤炭及其他燃料加工业,task_timed,26,2020-04-07T02:00:00,12285.976537408224,0.7273136964829642,U55,17,measured_continuous_week_archetype_proxy
C25,石油、煤炭及其他燃料加工业,task_timed,27,2020-04-07T03:00:00,12319.791351448735,0.7293154891219787,U55,17,measured_continuous_week_archetype_proxy
C25,石油、煤炭及其他燃料加工业,task_timed,28,2020-04-07T04:00:00,12308.51168410427,0.7286477476098229,U55,17,measured_continuous_week_archetype_proxy
C25,石油、煤炭及其他燃料加工业,task_timed,29,2020-04-07T05:00:00,11632.231528622573,0.688612849427832,U55,17,measured_continuous_week_archetype_proxy
C25,石油、煤炭及其他燃料加工业,task_timed,30,2020-04-07T06:00:00,12579.014071099804,0.7446611341236383,U55,17,measured_continuous_week_archetype_proxy
C25,石油、煤炭及其他燃料加工业,task_timed,31,2020-04-07T07:00:00,12669.186908541173,0.7499992478276772,U55,17,measured_continuous_week_archetype_proxy
C25,石油、煤炭及其他燃料加工业,task_timed,32,2020-04-07T08:00:00,15284.191131676651,0.9048040679456593,U55,17,measured_continuous_week_archetype_proxy
C25,石油、煤炭及其他燃料加工业,task_timed,33,2020-04-07T09:00:00,22768.488263324725,1.347864641585996,U55,17,measured_continuous_week_archetype_proxy
C25,石油、煤炭及其他燃料加工业,task_timed,34,2020-04-07T10:00:00,22227.46736400508,1.3158369139600634,U55,17,measured_continuous_week_archetype_proxy
C25,石油、煤炭及其他燃料加工业,task_timed,35,2020-04-07T11:00:00,23309.525287972956,1.3798933238102307,U55,17,measured_continuous_week_archetype_proxy
C25,石油、煤炭及其他燃料加工业,task_timed,36,2020-04-07T12:00:00,20254.944607639372,1.1990661539833598,U55,17,measured_continuous_week_archetype_proxy
C25,石油、煤炭及其他燃料加工业,task_timed,37,2020-04-07T13:00:00,24233.788809082715,1.4346085119774798,U55,17,measured_continuous_week_archetype_proxy
C25,石油、煤炭及其他燃料加工业,task_timed,38,2020-04-07T14:00:00,26882.591720930126,1.5914141701361746,U55,17,measured_continuous_week_archetype_proxy
C25,石油、煤炭及其他燃料加工业,task_timed,39,2020-04-07T15:00:00,26882.607846258707,1.5914151247344763,U55,17,measured_continuous_week_archetype_proxy
C25,石油、煤炭及其他燃料加工业,task_timed,40,2020-04-07T16:00:00,25868.16342504328,1.531361345564037,U55,17,measured_continuous_week_archetype_proxy
C25,石油、煤炭及其他燃料加工业,task_timed,41,2020-04-07T17:00:00,22655.77221652301,1.3411919994559474,U55,17,measured_continuous_week_archetype_proxy
C25,石油、煤炭及其他燃料加工业,task_timed,42,2020-04-07T18:00:00,17527.22433770218,1.0375886917353292,U55,17,measured_continuous_week_archetype_proxy
C25,石油、煤炭及其他燃料加工业,task_timed,43,2020-04-07T19:00:00,16118.29794067363,0.9541820970071716,U55,17,measured_continuous_week_archetype_proxy
C25,石油、煤炭及其他燃料加工业,task_timed,44,2020-04-07T20:00:00,15442.001659863345,0.9141462442268786,U55,17,measured_continuous_week_archetype_proxy
C25,石油、煤炭及其他燃料加工业,task_timed,45,2020-04-07T21:00:00,13920.335028040201,0.8240655754712193,U55,17,measured_continuous_week_archetype_proxy
C25,石油、煤炭及其他燃料加工业,task_timed,46,2020-04-07T22:00:00,14483.915262048771,0.8574287861214634,U55,17,measured_continuous_week_archetype_proxy
C25,石油、煤炭及其他燃料加工业,task_timed,47,2020-04-07T23:00:00,14202.125145044487,0.8407471807963414,U55,17,measured_continuous_week_archetype_proxy
C25,石油、煤炭及其他燃料加工业,task_timed,48,2020-04-08T00:00:00,13018.60665362649,0.7706844384308288,U55,17,measured_continuous_week_archetype_proxy
C25,石油、煤炭及其他燃料加工业,task_timed,49,2020-04-08T01:00:00,14066.86588888243,0.8327400102402829,U55,17,measured_continuous_week_archetype_proxy
C25,石油、煤炭及其他燃料加工业,task_timed,50,2020-04-08T02:00:00,14202.125145044487,0.8407471807963414,U55,17,measured_continuous_week_archetype_proxy
C25,石油、煤炭及其他燃料加工业,task_timed,51,2020-04-08T03:00:00,14247.211563765175,0.843416237648361,U55,17,measured_continuous_week_archetype_proxy
C25,石油、煤炭及其他燃料加工业,task_timed,52,2020-04-08T04:00:00,13785.075771878146,0.8160584049151608,U55,17,measured_continuous_week_archetype_proxy
C25,石油、煤炭及其他燃料加工业,task_timed,53,2020-04-08T05:00:00,14033.051074841916,0.8307382176012682,U55,17,measured_continuous_week_archetype_proxy
C25,石油、煤炭及其他燃料加工业,task_timed,54,2020-04-08T06:00:00,14483.915262048771,0.8574287861214634,U55,17,measured_continuous_week_archetype_proxy
C25,石油、煤炭及其他燃料加工业,task_timed,55,2020-04-08T07:00:00,14314.841191846202,0.8474198229263903,U55,17,measured_continuous_week_archetype_proxy
C25,石油、煤炭及其他燃料加工业,task_timed,56,2020-04-08T08:00:00,19443.397133331324,1.1510236079461593,U55,17,measured_continuous_week_archetype_proxy
C25,石油、煤炭及其他燃料加工业,task_timed,57,2020-04-08T09:00:00,26600.817729254428,1.5747335194093546,U55,17,measured_continuous_week_archetype_proxy
C25,石油、煤炭及其他燃料加工业,task_timed,58,2020-04-08T10:00:00,23951.99869207843,1.4179269066523577,U55,17,measured_continuous_week_archetype_proxy
C25,石油、煤炭及其他燃料加工业,task_timed,59,2020-04-08T11:00:00,26600.809666590132,1.5747330421102035,U55,17,measured_continuous_week_archetype_proxy
C25,石油、煤炭及其他燃料加工业,task_timed,60,2020-04-08T12:00:00,19894.25325787389,1.1777136991672037,U55,17,measured_continuous_week_archetype_proxy
C25,石油、煤炭及其他燃料加工业,task_timed,61,2020-04-08T13:00:00,22881.212372790727,1.3545377610151956,U55,17,measured_continuous_week_archetype_proxy
C25,石油、煤炭及其他燃料加工业,task_timed,62,2020-04-08T14:00:00,24481.764112046487,1.4492883246635873,U55,17,measured_continuous_week_archetype_proxy
C25,石油、煤炭及其他燃料加工业,task_timed,63,2020-04-08T15:00:00,26409.19238702722,1.5633895504891204,U55,17,measured_continuous_week_archetype_proxy
C25,石油、煤炭及其他燃料加工业,task_timed,64,2020-04-08T16:00:00,26882.599783594414,1.5914146474353255,U55,17,measured_continuous_week_archetype_proxy
C25,石油、煤炭及其他燃料加工业,task_timed,65,2020-04-08T17:00:00,26995.323893060424,1.5980877668645252,U55,17,measured_continuous_week_archetype_proxy
C25,石油、煤炭及其他燃料加工业,task_timed,66,2020-04-08T18:00:00,18338.771812010233,1.08563123777253,U55,17,measured_continuous_week_archetype_proxy
C25,石油、煤炭及其他燃料加工业,task_timed,67,2020-04-08T19:00:00,17245.434220697898,1.0209070864102072,U55,17,measured_continuous_week_archetype_proxy
C25,石油、煤炭及其他燃料加工业,task_timed,68,2020-04-08T20:00:00,15588.532520705572,0.922820678995942,U55,17,measured_continuous_week_archetype_proxy
C25,石油、煤炭及其他燃料加工业,task_timed,69,2020-04-08T21:00:00,14427.557238647916,0.8540924650564391,U55,17,measured_continuous_week_archetype_proxy
C25,石油、煤炭及其他燃料加工业,task_timed,70,2020-04-08T22:00:00,14348.656005886716,0.849421615565405,U55,17,measured_continuous_week_archetype_proxy
C25,石油、煤炭及其他燃料加工业,task_timed,71,2020-04-08T23:00:00,13909.06342336003,0.8233983112582145,U55,17,measured_continuous_week_archetype_proxy
C25,石油、煤炭及其他燃料加工业,task_timed,72,2020-04-09T00:00:00,13638.544911035917,0.8073839701460973,U55,17,measured_continuous_week_archetype_proxy
C25,石油、煤炭及其他燃料加工业,task_timed,73,2020-04-09T01:00:00,13931.606632720375,0.8247328396842244,U55,17,measured_continuous_week_archetype_proxy
C25,石油、煤炭及其他燃料加工业,task_timed,74,2020-04-09T02:00:00,13751.26095783763,0.8140566122761461,U55,17,measured_continuous_week_archetype_proxy
C25,石油、煤炭及其他燃料加工业,task_timed,75,2020-04-09T03:00:00,13751.26095783763,0.8140566122761461,U55,17,measured_continuous_week_archetype_proxy
C25,石油、煤炭及其他燃料加工业,task_timed,76,2020-04-09T04:00:00,13525.828864234203,0.8007113280160485,U55,17,measured_continuous_week_archetype_proxy
C25,石油、煤炭及其他燃料加工业,task_timed,77,2020-04-09T05:00:00,12703.009785245982,0.752001517765843,U55,17,measured_continuous_week_archetype_proxy
C25,石油、煤炭及其他燃料加工业,task_timed,78,2020-04-09T06:00:00,12319.791351448735,0.7293154891219787,U55,17,measured_continuous_week_archetype_proxy
C25,石油、煤炭及其他燃料加工业,task_timed,79,2020-04-09T07:00:00,12173.260490606506,0.7206410543529153,U55,17,measured_continuous_week_archetype_proxy
C25,石油、煤炭及其他燃料加工业,task_timed,80,2020-04-09T08:00:00,17324.335453459094,1.0255779359012411,U55,17,measured_continuous_week_archetype_proxy
C25,石油、煤炭及其他燃料加工业,task_timed,81,2020-04-09T09:00:00,26905.15105561905,1.5927496531604861,U55,17,measured_continuous_week_archetype_proxy
C25,石油、煤炭及其他燃料加工业,task_timed,82,2020-04-09T10:00:00,22497.9778136649,1.3318507777730297,U55,17,measured_continuous_week_archetype_proxy
C25,石油、煤炭及其他燃料加工业,task_timed,83,2020-04-09T11:00:00,21438.45503639308,1.2691284190497216,U55,17,measured_continuous_week_archetype_proxy
C25,石油、煤炭及其他燃料加工业,task_timed,84,2020-04-09T12:00:00,18767.100852521038,1.1109877551658662,U55,17,measured_continuous_week_archetype_proxy
C25,石油、煤炭及其他燃料加工业,task_timed,85,2020-04-09T13:00:00,20593.092748044517,1.2190840803735066,U55,17,measured_continuous_week_archetype_proxy
C25,石油、煤炭及其他燃料加工业,task_timed,86,2020-04-09T14:00:00,22126.01485921925,1.3098310587438688,U55,17,measured_continuous_week_archetype_proxy
C25,石油、煤炭及其他燃料加工业,task_timed,87,2020-04-09T15:00:00,23298.25368329278,1.3792260595972254,U55,17,measured_continuous_week_archetype_proxy
C25,石油、煤炭及其他燃料加工业,task_timed,88,2020-04-09T16:00:00,22182.364819955812,1.313166902509742,U55,17,measured_continuous_week_archetype_proxy
C25,石油、煤炭及其他燃料加工业,task_timed,89,2020-04-09T17:00:00,21584.98589723531,1.2778028538187853,U55,17,measured_continuous_week_archetype_proxy
C25,石油、煤炭及其他燃料加工业,task_timed,90,2020-04-09T18:00:00,14540.26522278534,0.860764629887337,U55,17,measured_continuous_week_archetype_proxy
C25,石油、煤炭及其他燃料加工业,task_timed,91,2020-04-09T19:00:00,12962.248630225631,0.7673481173658043,U55,17,measured_continuous_week_archetype_proxy
C25,石油、煤炭及其他燃料加工业,task_timed,92,2020-04-09T20:00:00,12511.400568347357,0.7406585034439108,U55,17,measured_continuous_week_archetype_proxy
C25,石油、煤炭及其他燃料加工业,task_timed,93,2020-04-09T21:00:00,13018.614716290778,0.7706849157299795,U55,17,measured_continuous_week_archetype_proxy
C25,石油、煤炭及其他燃料加工业,task_timed,94,2020-04-09T22:00:00,10685.41673548817,0.6325626555354216,U55,17,measured_continuous_week_archetype_proxy
C25,石油、煤炭及其他燃料加工业,task_timed,95,2020-04-09T23:00:00,13097.507886387686,0.7753552879218628,U55,17,measured_continuous_week_archetype_proxy
C25,石油、煤炭及其他燃料加工业,task_timed,96,2020-04-10T00:00:00,13097.507886387686,0.7753552879218628,U55,17,measured_continuous_week_archetype_proxy
C25,石油、煤炭及其他燃料加工业,task_timed,97,2020-04-10T01:00:00,12826.989374063576,0.7593409468097458,U55,17,measured_continuous_week_archetype_proxy
C25,石油、煤炭及其他燃料加工业,task_timed,98,2020-04-10T02:00:00,13052.421467667004,0.7726862310698435,U55,17,measured_continuous_week_archetype_proxy
C25,石油、煤炭及其他燃料加工业,task_timed,99,2020-04-10T03:00:00,13041.149862986831,0.7720189668568385,U55,17,measured_continuous_week_archetype_proxy
C25,石油、煤炭及其他燃料加工业,task_timed,100,2020-04-10T04:00:00,11440.598123731073,0.677268403208447,U55,17,measured_continuous_week_archetype_proxy
C25,石油、煤炭及其他燃料加工业,task_timed,101,2020-04-10T05:00:00,12083.071527836553,0.7153019860505744,U55,17,measured_continuous_week_archetype_proxy
C25,石油、煤炭及其他燃料加工业,task_timed,102,2020-04-10T06:00:00,13029.878258306659,0.7713517026438336,U55,17,measured_continuous_week_archetype_proxy
C25,石油、煤炭及其他燃料加工业,task_timed,103,2020-04-10T07:00:00,14562.816494809973,0.8620996356124977,U55,17,measured_continuous_week_archetype_proxy
C25,石油、煤炭及其他燃料加工业,task_timed,104,2020-04-10T08:00:00,17809.02251737076,1.0542707743596023,U55,17,measured_continuous_week_archetype_proxy
C25,石油、煤炭及其他燃料加工业,task_timed,105,2020-04-10T09:00:00,23084.085131705233,1.366547562250982,U55,17,measured_continuous_week_archetype_proxy
C25,石油、煤炭及其他燃料加工业,task_timed,106,2020-04-10T10:00:00,22283.809262077353,1.319172280426786,U55,17,measured_continuous_week_archetype_proxy
C25,石油、煤炭及其他燃料加工业,task_timed,107,2020-04-10T11:00:00,22261.26605271701,1.3178377520007762,U55,17,measured_continuous_week_archetype_proxy
C25,石油、煤炭及其他燃料加工业,task_timed,108,2020-04-10T12:00:00,19105.24093026189,1.131005204256862,U55,17,measured_continuous_week_archetype_proxy
C25,石油、煤炭及其他燃料加工业,task_timed,109,2020-04-10T13:00:00,21303.195780231024,1.2611212484936631,U55,17,measured_continuous_week_archetype_proxy
C25,石油、煤炭及其他燃料加工业,task_timed,110,2020-04-10T14:00:00,23162.994427130725,1.371218889041167,U55,17,measured_continuous_week_archetype_proxy
C25,石油、煤炭及其他燃料加工业,task_timed,111,2020-04-10T15:00:00,23895.640668677577,1.4145905855873335,U55,17,measured_continuous_week_archetype_proxy
C25,石油、煤炭及其他燃料加工业,task_timed,112,2020-04-10T16:00:00,22599.414193122153,1.3378556783909228,U55,17,measured_continuous_week_archetype_proxy
C25,石油、煤炭及其他燃料加工业,task_timed,113,2020-04-10T17:00:00,19556.105117468745,1.1576957727770572,U55,17,measured_continuous_week_archetype_proxy
C25,石油、煤炭及其他燃料加工业,task_timed,114,2020-04-10T18:00:00,15757.606590908143,0.9328296421910153,U55,17,measured_continuous_week_archetype_proxy
C25,石油、煤炭及其他燃料加工业,task_timed,115,2020-04-10T19:00:00,15667.433753466772,0.9274915284869762,U55,17,measured_continuous_week_archetype_proxy
C25,石油、煤炭及其他燃料加工业,task_timed,116,2020-04-10T20:00:00,12590.301801108559,0.7453293529349451,U55,17,measured_continuous_week_archetype_proxy
C25,石油、煤炭及其他燃料加工业,task_timed,117,2020-04-10T21:00:00,12116.902467205651,0.7173047332878909,U55,17,measured_continuous_week_archetype_proxy
C25,石油、煤炭及其他燃料加工业,task_timed,118,2020-04-10T22:00:00,11632.231528622571,0.6886128494278319,U55,17,measured_continuous_week_archetype_proxy
C25,石油、煤炭及其他燃料加工业,task_timed,119,2020-04-10T23:00:00,13142.602367772666,0.7780248220730334,U55,17,measured_continuous_week_archetype_proxy
C25,石油、煤炭及其他燃料加工业,task_timed,120,2020-04-11T00:00:00,12962.256692889925,0.7673485946649553,U55,17,measured_continuous_week_archetype_proxy
C25,石油、煤炭及其他燃料加工业,task_timed,121,2020-04-11T01:00:00,14281.026377805689,0.8454180302873757,U55,17,measured_continuous_week_archetype_proxy
C25,石油、煤炭及其他燃料加工业,task_timed,122,2020-04-11T02:00:00,14258.483168445344,0.8440835018613658,U55,17,measured_continuous_week_archetype_proxy
C25,石油、煤炭及其他燃料加工业,task_timed,123,2020-04-11T03:00:00,12004.186420403938,0.7106320911578421,U55,17,measured_continuous_week_archetype_proxy
C25,石油、煤炭及其他燃料加工业,task_timed,124,2020-04-11T04:00:00,11271.540178857087,0.6672603946116756,U55,17,measured_continuous_week_archetype_proxy
C25,石油、煤炭及其他燃料加工业,task_timed,125,2020-04-11T05:00:00,11575.873505221716,0.6852765283628075,U55,17,measured_continuous_week_archetype_proxy
C25,石油、煤炭及其他燃料加工业,task_timed,126,2020-04-11T06:00:00,11496.972272460514,0.6806056788717733,U55,17,measured_continuous_week_archetype_proxy
C25,石油、煤炭及其他燃料加工业,task_timed,127,2020-04-11T07:00:00,11339.169806938115,0.6712639798897049,U55,17,measured_continuous_week_archetype_proxy
C25,石油、煤炭及其他燃料加工业,task_timed,128,2020-04-11T08:00:00,13796.35543922261,0.8167261464273167,U55,17,measured_continuous_week_archetype_proxy
C25,石油、煤炭及其他燃料加工业,task_timed,129,2020-04-11T09:00:00,20435.290282522117,1.209742381391438,U55,17,measured_continuous_week_archetype_proxy
C25,石油、煤炭及其他燃料加工业,task_timed,130,2020-04-11T10:00:00,20480.3767012428,1.2124114382434574,U55,17,measured_continuous_week_archetype_proxy
C25,石油、煤炭及其他燃料加工业,task_timed,131,2020-04-11T11:00:00,20919.969283769486,1.238434742550648,U55,17,measured_continuous_week_archetype_proxy
C25,石油、煤炭及其他燃料加工业,task_timed,132,2020-04-11T12:00:00,18564.20390561366,1.0989765220326275,U55,17,measured_continuous_week_archetype_proxy
C25,石油、煤炭及其他燃料加工业,task_timed,133,2020-04-11T13:00:00,22599.422255786445,1.3378561556900737,U55,17,measured_continuous_week_archetype_proxy
C25,石油、煤炭及其他燃料加工业,task_timed,134,2020-04-11T14:00:00,23726.566598475,1.40458162239226,U55,17,measured_continuous_week_archetype_proxy
C25,石油、煤炭及其他燃料加工业,task_timed,135,2020-04-11T15:00:00,20514.183452619025,1.2144127535833213,U55,17,measured_continuous_week_archetype_proxy
C25,石油、煤炭及其他燃料加工业,task_timed,136,2020-04-11T16:00:00,21303.195780231024,1.2611212484936631,U55,17,measured_continuous_week_archetype_proxy
C25,石油、煤炭及其他燃料加工业,task_timed,137,2020-04-11T17:00:00,21111.5865633324,1.249778234171731,U55,17,measured_continuous_week_archetype_proxy
C25,石油、煤炭及其他燃料加工业,task_timed,138,2020-04-11T18:00:00,16309.907157572252,0.9655251113291037,U55,17,measured_continuous_week_archetype_proxy
C25,石油、煤炭及其他燃料加工业,task_timed,139,2020-04-11T19:00:00,13266.581956590262,0.7853642511169363,U55,17,measured_continuous_week_archetype_proxy
C25,石油、煤炭及其他燃料加工业,task_timed,140,2020-04-11T20:00:00,12601.565343124437,0.745996139848799,U55,17,measured_continuous_week_archetype_proxy
C25,石油、煤炭及其他燃料加工业,task_timed,141,2020-04-11T21:00:00,12680.47463854993,0.7506674666389841,U55,17,measured_continuous_week_archetype_proxy
C25,石油、煤炭及其他燃料加工业,task_timed,142,2020-04-11T22:00:00,13041.149862986831,0.7720189668568385,U55,17,measured_continuous_week_archetype_proxy
C25,石油、煤炭及其他燃料加工业,task_timed,143,2020-04-11T23:00:00,13931.606632720375,0.8247328396842244,U55,17,measured_continuous_week_archetype_proxy
C25,石油、煤炭及其他燃料加工业,task_timed,144,2020-04-12T00:00:00,14168.310331003973,0.8387453881573268,U55,17,measured_continuous_week_archetype_proxy
C25,石油、煤炭及其他燃料加工业,task_timed,145,2020-04-12T01:00:00,12567.742466419631,0.7439938699106334,U55,17,measured_continuous_week_archetype_proxy
C25,石油、煤炭及其他燃料加工业,task_timed,146,2020-04-12T02:00:00,12150.717281246163,0.7193065259269055,U55,17,measured_continuous_week_archetype_proxy
C25,石油、煤炭及其他燃料加工业,task_timed,147,2020-04-12T03:00:00,13300.396770630776,0.7873660437559509,U55,17,measured_continuous_week_archetype_proxy
C25,石油、煤炭及其他燃料加工业,task_timed,148,2020-04-12T04:00:00,13717.446143797119,0.8120548196371316,U55,17,measured_continuous_week_archetype_proxy
C25,石油、煤炭及其他燃料加工业,task_timed,149,2020-04-12T05:00:00,12511.392505683065,0.7406580261447598,U55,17,measured_continuous_week_archetype_proxy
C25,石油、煤炭及其他燃料加工业,task_timed,150,2020-04-12T06:00:00,12207.075304647022,0.7226428469919299,U55,17,measured_continuous_week_archetype_proxy
C25,石油、煤炭及其他燃料加工业,task_timed,151,2020-04-12T07:00:00,13379.298003391972,0.7920368932469849,U55,17,measured_continuous_week_archetype_proxy
C25,石油、煤炭及其他燃料加工业,task_timed,152,2020-04-12T08:00:00,17662.483593864235,1.0455958622913877,U55,17,measured_continuous_week_archetype_proxy
C25,石油、煤炭及其他燃料加工业,task_timed,153,2020-04-12T09:00:00,25135.51718349643,1.4879896490178706,U55,17,measured_continuous_week_archetype_proxy
C25,石油、煤炭及其他燃料加工业,task_timed,154,2020-04-12T10:00:00,24864.998671172318,1.4719753079057534,U55,17,measured_continuous_week_archetype_proxy
C25,石油、煤炭及其他燃料加工业,task_timed,155,2020-04-12T11:00:00,27525.073187699894,1.629448230277453,U55,17,measured_continuous_week_archetype_proxy
C25,石油、煤炭及其他燃料加工业,task_timed,156,2020-04-12T12:00:00,21810.40992817445,1.291147660779732,U55,17,measured_continuous_week_archetype_proxy
C25,石油、煤炭及其他燃料加工业,task_timed,157,2020-04-12T13:00:00,25360.941214435567,1.5013344559788173,U55,17,measured_continuous_week_archetype_proxy
C25,石油、煤炭及其他燃料加工业,task_timed,158,2020-04-12T14:00:00,26116.13066534276,1.5460406809509935,U55,17,measured_continuous_week_archetype_proxy
C25,石油、煤炭及其他燃料加工业,task_timed,159,2020-04-12T15:00:00,27310.91269877664,1.6167702102303603,U55,17,measured_continuous_week_archetype_proxy
C25,石油、煤炭及其他燃料加工业,task_timed,160,2020-04-12T16:00:00,24493.03571672666,1.4499555888765923,U55,17,measured_continuous_week_archetype_proxy
C25,石油、煤炭及其他燃料加工业,task_timed,161,2020-04-12T17:00:00,27468.723226963335,1.6261123865115796,U55,17,measured_continuous_week_archetype_proxy
C25,石油、煤炭及其他燃料加工业,task_timed,162,2020-04-12T18:00:00,18823.46693858619,1.1143245535300417,U55,17,measured_continuous_week_archetype_proxy
C25,石油、煤炭及其他燃料加工业,task_timed,163,2020-04-12T19:00:00,17301.792244098753,1.0242434074752316,U55,17,measured_continuous_week_archetype_proxy
C25,石油、煤炭及其他燃料加工业,task_timed,164,2020-04-12T20:00:00,15611.075730065917,0.9241552074219519,U55,17,measured_continuous_week_archetype_proxy
C25,石油、煤炭及其他燃料加工业,task_timed,165,2020-04-12T21:00:00,14596.63130885049,0.8641014282515125,U55,17,measured_continuous_week_archetype_proxy
C25,石油、煤炭及其他燃料加工业,task_timed,166,2020-04-12T22:00:00,14675.532541611687,0.8687722777425465,U55,17,measured_continuous_week_archetype_proxy
C25,石油、煤炭及其他燃料加工业,task_timed,167,2020-04-12T23:00:00,13931.606632720372,0.8247328396842242,U55,17,measured_continuous_week_archetype_proxy
C26,化学原料和化学制品制造业,task_timed,0,2020-03-23T00:00:00,10905.18603946473,0.14521583360884258,U67,20,measured_continuous_week_direct_isic
C26,化学原料和化学制品制造业,task_timed,1,2020-03-23T01:00:00,9482.82469250853,0.1262753599714594,U67,20,measured_continuous_week_direct_isic
C26,化学原料和化学制品制造业,task_timed,2,2020-03-23T02:00:00,9008.600315323,0.11996048482843881,U67,20,measured_continuous_week_direct_isic
C26,化学原料和化学制品制造业,task_timed,3,2020-03-23T03:00:00,10431.06559047933,0.13890234239638152,U67,20,measured_continuous_week_direct_isic
C26,化学原料和化学制品制造业,task_timed,4,2020-03-23T04:00:00,9956.841213293801,0.13258746725336096,U67,20,measured_continuous_week_direct_isic
C26,化学原料和化学制品制造业,task_timed,5,2020-03-23T05:00:00,32715.14240559368,0.43564196510428976,U67,20,measured_continuous_week_direct_isic
C26,化学原料和化学制品制造业,task_timed,6,2020-03-23T06:00:00,43857.28474135099,0.5840131603888035,U67,20,measured_continuous_week_direct_isic
C26,化学原料和化学制品制造业,task_timed,7,2020-03-23T07:00:00,109524.62977703105,1.4584538362036135,U67,20,measured_continuous_week_direct_isic
C26,化学原料和化学制品制造业,task_timed,8,2020-03-23T08:00:00,205536.51497337778,2.736969021060408,U67,20,measured_continuous_week_direct_isic
C26,化学原料和化学制品制造业,task_timed,9,2020-03-23T09:00:00,253660.88375559737,3.377803602361361,U67,20,measured_continuous_week_direct_isic
C26,化学原料和化学制品制造业,task_timed,10,2020-03-23T10:00:00,254609.22858176832,3.3904319687168427,U67,20,measured_continuous_week_direct_isic
C26,化学原料和化学制品制造业,task_timed,11,2020-03-23T11:00:00,208618.2978917829,2.778006713941405,U67,20,measured_continuous_week_direct_isic
C26,化学原料和化学制品制造业,task_timed,12,2020-03-23T12:00:00,104309.20090999152,1.3890040489359823,U67,20,measured_continuous_week_direct_isic
C26,化学原料和化学制品制造业,task_timed,13,2020-03-23T13:00:00,120429.71188829566,1.6036682858818967,U67,20,measured_continuous_week_direct_isic
C26,化学原料和化学制品制造业,task_timed,14,2020-03-23T14:00:00,178747.8781801016,2.3802456961118814,U67,20,measured_continuous_week_direct_isic
C26,化学原料和化学制品制造业,task_timed,15,2020-03-23T15:00:00,153144.75036568916,2.0393088670556265,U67,20,measured_continuous_week_direct_isic
C26,化学原料和化学制品制造业,task_timed,16,2020-03-23T16:00:00,144610.47835575187,1.9256646413007683,U67,20,measured_continuous_week_direct_isic
C26,化学原料和化学制品制造业,task_timed,17,2020-03-23T17:00:00,110709.93089949455,1.474237564234766,U67,20,measured_continuous_week_direct_isic
C26,化学原料和化学制品制造业,task_timed,18,2020-03-23T18:00:00,30107.27207977372,0.4009149955746349,U67,20,measured_continuous_week_direct_isic
C26,化学原料和化学制品制造业,task_timed,19,2020-03-23T19:00:00,18965.233672216546,0.2525451842206808,U67,20,measured_continuous_week_direct_isic
C26,化学原料和化学制品制造业,task_timed,20,2020-03-23T20:00:00,15646.390529318738,0.20835074573345327,U67,20,measured_continuous_week_direct_isic
C26,化学原料和化学制品制造业,task_timed,21,2020-03-23T21:00:00,10905.18603946473,0.14521583360884258,U67,20,measured_continuous_week_direct_isic
C26,化学原料和化学制品制造业,task_timed,22,2020-03-23T22:00:00,10905.18603946473,0.14521583360884258,U67,20,measured_continuous_week_direct_isic
C26,化学原料和化学制品制造业,task_timed,23,2020-03-23T23:00:00,11142.246263957431,0.14837257921507313,U67,20,measured_continuous_week_direct_isic
C26,化学原料和化学制品制造业,task_timed,24,2020-03-24T00:00:00,9245.556611615573,0.12311584650410987,U67,20,measured_continuous_week_direct_isic
C26,化学原料和化学制品制造业,task_timed,25,2020-03-24T01:00:00,9482.7207643084,0.12627397604089988,U67,20,measured_continuous_week_direct_isic
C26,化学原料和化学制品制造业,task_timed,26,2020-03-24T02:00:00,9482.616836108271,0.12627259211034036,U67,20,measured_continuous_week_direct_isic
C26,化学原料和化学制品制造业,task_timed,27,2020-03-24T03:00:00,9956.94514149393,0.13258885118392047,U67,20,measured_continuous_week_direct_isic
C26,化学原料和化学制品制造业,task_timed,28,2020-03-24T04:00:00,9245.764468015828,0.12311861436522885,U67,20,measured_continuous_week_direct_isic
C26,化学原料和化学制品制造业,task_timed,29,2020-03-24T05:00:00,40775.39789474575,0.542974083577247,U67,20,measured_continuous_week_direct_isic
C26,化学原料和化学制品制造业,task_timed,30,2020-03-24T06:00:00,50021.058434561455,0.6660913140119163,U67,20,measured_continuous_week_direct_isic
C26,化学原料和化学制品制造业,task_timed,31,2020-03-24T07:00:00,112843.57684812897,1.5026496586214004,U67,20,measured_continuous_week_direct_isic
C26,化学原料和化学制品制造业,task_timed,32,2020-03-24T08:00:00,240859.3198483912,3.207335187833234,U67,20,measured_continuous_week_direct_isic
C26,化学原料和化学制品制造业,task_timed,33,2020-03-24T09:00:00,242755.9055725329,3.2325905366136376,U67,20,measured_continuous_week_direct_isic
C26,化学原料和化学制品制造业,task_timed,34,2020-03-24T10:00:00,253660.98768379752,3.377804986291921,U67,20,measured_continuous_week_direct_isic
C26,化学原料和化学制品制造业,task_timed,35,2020-03-24T11:00:00,212885.48586085162,2.834829518784114,U67,20,measured_continuous_week_direct_isic
C26,化学原料和化学制品制造业,task_timed,36,2020-03-24T12:00:00,132757.15534651646,1.767823209197563,U67,20,measured_continuous_week_direct_isic
C26,化学原料和化学制品制造业,task_timed,37,2020-03-24T13:00:00,84869.63893238931,1.1301426056417214,U67,20,measured_continuous_week_direct_isic
C26,化学原料和化学制品制造业,task_timed,38,2020-03-24T14:00:00,150537.08789626948,2.0045846653870907,U67,20,measured_continuous_week_direct_isic
C26,化学原料和化学制品制造业,task_timed,39,2020-03-24T15:00:00,139157.8853360195,1.853056724496347,U67,20,measured_continuous_week_direct_isic
C26,化学原料和化学制品制造业,task_timed,40,2020-03-24T16:00:00,120903.83233728106,1.6099817770943576,U67,20,measured_continuous_week_direct_isic
C26,化学原料和化学制品制造业,task_timed,41,2020-03-24T17:00:00,96722.9619416247,1.2879840377449265,U67,20,measured_continuous_week_direct_isic
C26,化学原料和化学制品制造业,task_timed,42,2020-03-24T18:00:00,35559.96902770621,0.4735242963096157,U67,20,measured_continuous_week_direct_isic
C26,化学原料和化学制品制造业,task_timed,43,2020-03-24T19:00:00,26077.45611979807,0.3472530881298348,U67,20,measured_continuous_week_direct_isic
C26,化学原料和化学制品制造业,task_timed,44,2020-03-24T20:00:00,13275.684356191607,0.17678190574058844,U67,20,measured_continuous_week_direct_isic
C26,化学原料和化学制品制造业,task_timed,45,2020-03-24T21:00:00,4741.204489854009,0.0631349121246107,U67,20,measured_continuous_week_direct_isic
C26,化学原料和化学制品制造业,task_timed,46,2020-03-24T22:00:00,5689.4453878248105,0.07576189454953283,U67,20,measured_continuous_week_direct_isic
C26,化学原料和化学制品制造业,task_timed,47,2020-03-24T23:00:00,5215.32493883941,0.06944840333707177,U67,20,measured_continuous_week_direct_isic
C26,化学原料和化学制品制造业,task_timed,48,2020-03-25T00:00:00,4741.204489854009,0.0631349121246107,U67,20,measured_continuous_week_direct_isic
C26,化学原料和化学制品制造业,task_timed,49,2020-03-25T01:00:00,3792.9635918832064,0.05050792969968855,U67,20,measured_continuous_week_direct_isic
C26,化学原料和化学制品制造业,task_timed,50,2020-03-25T02:00:00,5215.32493883941,0.06944840333707177,U67,20,measured_continuous_week_direct_isic
C26,化学原料和化学制品制造业,task_timed,51,2020-03-25T03:00:00,3318.8431428978056,0.04419443848722748,U67,20,measured_continuous_week_direct_isic
C26,化学原料和化学制品制造业,task_timed,52,2020-03-25T04:00:00,15646.286601118612,0.2083493618028938,U67,20,measured_continuous_week_direct_isic
C26,化学原料和化学制品制造业,task_timed,53,2020-03-25T05:00:00,49309.87776108335,0.6566210771932247,U67,20,measured_continuous_week_direct_isic
C26,化学原料和化学制品制造业,task_timed,54,2020-03-25T06:00:00,107628.04405288932,1.4331984874232098,U67,20,measured_continuous_week_direct_isic
C26,化学原料和化学制品制造业,task_timed,55,2020-03-25T07:00:00,84395.51848340392,1.1238291144292605,U67,20,measured_continuous_week_direct_isic
C26,化学原料和化学制品制造业,task_timed,56,2020-03-25T08:00:00,50258.01473085403,0.6692466756875874,U67,20,measured_continuous_week_direct_isic
C26,化学原料和化学制品制造业,task_timed,57,2020-03-25T09:00:00,69460.30862756328,0.9249486055144988,U67,20,measured_continuous_week_direct_isic
C26,化学原料和化学制品制造业,task_timed,58,2020-03-25T10:00:00,81787.75208578407,1.089103528830165,U67,20,measured_continuous_week_direct_isic
C26,化学原料和化学制品制造业,task_timed,59,2020-03-25T11:00:00,75149.96187178833,1.0007132679251505,U67,20,measured_continuous_week_direct_isic
C26,化学原料和化学制品制造业,task_timed,60,2020-03-25T12:00:00,36982.330374662415,0.4924647699469989,U67,20,measured_continuous_week_direct_isic
C26,化学原料和化学制品制造业,task_timed,61,2020-03-25T13:00:00,35323.01273141365,0.47036893463394475,U67,20,measured_continuous_week_direct_isic
C26,化学原料和化学制品制造业,task_timed,62,2020-03-25T14:00:00,72305.1352496758,0.9628309367198246,U67,20,measured_continuous_week_direct_isic
C26,化学原料和化学制品制造业,task_timed,63,2020-03-25T15:00:00,76809.38344323724,1.0228104871687642,U67,20,measured_continuous_week_direct_isic
C26,化学原料和化学制品制造业,task_timed,64,2020-03-25T16:00:00,96960.0221661174,1.291140783351157,U67,20,measured_continuous_week_direct_isic
C26,化学原料和化学制品制造业,task_timed,65,2020-03-25T17:00:00,97671.30676779564,1.3006124041004083,U67,20,measured_continuous_week_direct_isic
C26,化学原料和化学制品制造业,task_timed,66,2020-03-25T18:00:00,32715.14240559368,0.43564196510428976,U67,20,measured_continuous_week_direct_isic
C26,化学原料和化学制品制造业,task_timed,67,2020-03-25T19:00:00,19202.293896709245,0.2557019298269113,U67,20,measured_continuous_week_direct_isic
C26,化学原料和化学制品制造业,task_timed,68,2020-03-25T20:00:00,16831.691651782243,0.224134473764606,U67,20,measured_continuous_week_direct_isic
C26,化学原料和化学制品制造业,task_timed,69,2020-03-25T21:00:00,13749.908733377135,0.183096780883609,U67,20,measured_continuous_week_direct_isic
C26,化学原料和化学制品制造业,task_timed,70,2020-03-25T22:00:00,11142.246263957431,0.14837257921507313,U67,20,measured_continuous_week_direct_isic
C26,化学原料和化学制品制造业,task_timed,71,2020-03-25T23:00:00,10193.9014377865,0.13574421285959148,U67,20,measured_continuous_week_direct_isic
C26,化学原料和化学制品制造业,task_timed,72,2020-03-26T00:00:00,10905.18603946473,0.14521583360884258,U67,20,measured_continuous_week_direct_isic
C26,化学原料和化学制品制造业,task_timed,73,2020-03-26T01:00:00,9482.82469250853,0.1262753599714594,U67,20,measured_continuous_week_direct_isic
C26,化学原料和化学制品制造业,task_timed,74,2020-03-26T02:00:00,9719.884917001229,0.12943210557768992,U67,20,measured_continuous_week_direct_isic
C26,化学原料和化学制品制造业,task_timed,75,2020-03-26T03:00:00,10668.12581497203,0.14205908800261205,U67,20,measured_continuous_week_direct_isic
C26,化学原料和化学制品制造业,task_timed,76,2020-03-26T04:00:00,9008.704243523127,0.11996186875899831,U67,20,measured_continuous_week_direct_isic
C26,化学原料和化学制品制造业,task_timed,77,2020-03-26T05:00:00,11379.306488450131,0.15152932482130366,U67,20,measured_continuous_week_direct_isic
C26,化学原料和化学制品制造业,task_timed,78,2020-03-26T06:00:00,17068.85580447507,0.22729260330139603,U67,20,measured_continuous_week_direct_isic
C26,化学原料和化学制品制造业,task_timed,79,2020-03-26T07:00:00,79654.21006534976,1.06069281837409,U67,20,measured_continuous_week_direct_isic
C26,化学原料和化学制品制造业,task_timed,80,2020-03-26T08:00:00,121377.95278626645,1.6162952683068188,U67,20,measured_continuous_week_direct_isic
C26,化学原料和化学制品制造业,task_timed,81,2020-03-26T09:00:00,153144.85429388934,2.0393102509861865,U67,20,measured_continuous_week_direct_isic
C26,化学原料和化学制品制造业,task_timed,82,2020-03-26T10:00:00,185148.8160260049,2.4654819792717846,U67,20,measured_continuous_week_direct_isic
C26,化学原料和化学制品制造业,task_timed,83,2020-03-26T11:00:00,128727.13153014056,1.7141585338916439,U67,20,measured_continuous_week_direct_isic
C26,化学原料和化学制品制造业,task_timed,84,2020-03-26T12:00:00,42908.93991518005,0.5713847940333218,U67,20,measured_continuous_week_direct_isic
C26,化学原料和化学制品制造业,task_timed,85,2020-03-26T13:00:00,43857.28474135099,0.5840131603888035,U67,20,measured_continuous_week_direct_isic
C26,化学原料和化学制品制造业,task_timed,86,2020-03-26T14:00:00,82973.15713644771,1.1048886407918772,U67,20,measured_continuous_week_direct_isic
C26,化学原料和化学制品制造业,task_timed,87,2020-03-26T15:00:00,91981.75745177071,1.224849125620316,U67,20,measured_continuous_week_direct_isic
C26,化学原料和化学制品制造业,task_timed,88,2020-03-26T16:00:00,79417.25376905719,1.057537456698419,U67,20,measured_continuous_week_direct_isic
C26,化学原料和化学制品制造业,task_timed,89,2020-03-26T17:00:00,90085.06779942884,1.1995923929093526,U67,20,measured_continuous_week_direct_isic
C26,化学原料和化学制品制造业,task_timed,90,2020-03-26T18:00:00,34611.624201535284,0.46089592995413403,U67,20,measured_continuous_week_direct_isic
C26,化学原料和化学制品制造业,task_timed,91,2020-03-26T19:00:00,13038.728059899035,0.1736265440649174,U67,20,measured_continuous_week_direct_isic
C26,化学原料和化学制品制造业,task_timed,92,2020-03-26T20:00:00,12090.487161928233,0.16099956163999526,U67,20,measured_continuous_week_direct_isic
C26,化学原料和化学制品制造业,task_timed,93,2020-03-26T21:00:00,6400.729989503038,0.08523351529878392,U67,20,measured_continuous_week_direct_isic
C26,化学原料和化学制品制造业,task_timed,94,2020-03-26T22:00:00,5215.32493883941,0.06944840333707177,U67,20,measured_continuous_week_direct_isic
C26,化学原料和化学制品制造业,task_timed,95,2020-03-26T23:00:00,5215.32493883941,0.06944840333707177,U67,20,measured_continuous_week_direct_isic
C26,化学原料和化学制品制造业,task_timed,96,2020-03-27T00:00:00,6400.729989503038,0.08523351529878392,U67,20,measured_continuous_week_direct_isic
C26,化学原料和化学制品制造业,task_timed,97,2020-03-27T01:00:00,4030.023816375907,0.053664675305919084,U67,20,measured_continuous_week_direct_isic
C26,化学原料和化学制品制造业,task_timed,98,2020-03-27T02:00:00,5452.385163332109,0.07260514894330229,U67,20,measured_continuous_week_direct_isic
C26,化学原料和化学制品制造业,task_timed,99,2020-03-27T03:00:00,4030.023816375907,0.053664675305919084,U67,20,measured_continuous_week_direct_isic
C26,化学原料和化学制品制造业,task_timed,100,2020-03-27T04:00:00,4978.264714346708,0.06629165773084122,U67,20,measured_continuous_week_direct_isic
C26,化学原料和化学制品制造业,task_timed,101,2020-03-27T05:00:00,6163.669765010339,0.0820767696925534,U67,20,measured_continuous_week_direct_isic
C26,化学原料和化学制品制造业,task_timed,102,2020-03-27T06:00:00,18728.27737592397,0.24938982254500972,U67,20,measured_continuous_week_direct_isic
C26,化学原料和化学制品制造业,task_timed,103,2020-03-27T07:00:00,77757.72826940818,1.035438853524246,U67,20,measured_continuous_week_direct_isic
C26,化学原料和化学制品制造业,task_timed,104,2020-03-27T08:00:00,231376.80694048302,3.0810639796534525,U67,20,measured_continuous_week_direct_isic
C26,化学原料和化学制品制造业,task_timed,105,2020-03-27T09:00:00,256031.4860005244,3.4093710584236665,U67,20,measured_continuous_week_direct_isic
C26,化学原料和化学制品制造业,task_timed,106,2020-03-27T10:00:00,245363.67197015276,3.2673161222127334,U67,20,measured_continuous_week_direct_isic
C26,化学原料和化学制品制造业,task_timed,107,2020-03-27T11:00:00,142002.71195813201,1.8909390557016725,U67,20,measured_continuous_week_direct_isic
C26,化学原料和化学制品制造业,task_timed,108,2020-03-27T12:00:00,72068.17895338323,0.9596755750441536,U67,20,measured_continuous_week_direct_isic
C26,化学原料和化学制品制造业,task_timed,109,2020-03-27T13:00:00,80839.51118781327,1.0764765464052428,U67,20,measured_continuous_week_direct_isic
C26,化学原料和化学制品制造业,task_timed,110,2020-03-27T14:00:00,125882.20097982789,1.6762748187557583,U67,20,measured_continuous_week_direct_isic
C26,化学原料和化学制品制造业,task_timed,111,2020-03-27T15:00:00,138446.7046625414,1.8435864876776553,U67,20,measured_continuous_week_direct_isic
C26,化学原料和化学制品制造业,task_timed,112,2020-03-27T16:00:00,134653.7410706582,1.793078557977967,U67,20,measured_continuous_week_direct_isic
C26,化学原料和化学制品制造业,task_timed,113,2020-03-27T17:00:00,129912.43265260405,1.7299422619227964,U67,20,measured_continuous_week_direct_isic
C26,化学原料和化学制品制造业,task_timed,114,2020-03-27T18:00:00,27736.773763046844,0.36934892344288905,U67,20,measured_continuous_week_direct_isic
C26,化学原料和化学制品制造业,task_timed,115,2020-03-27T19:00:00,15883.45075381144,0.21150749133968383,U67,20,measured_continuous_week_direct_isic
C26,化学原料和化学制品制造业,task_timed,116,2020-03-27T20:00:00,12327.443458220807,0.1641549233156663,U67,20,measured_continuous_week_direct_isic
C26,化学原料和化学制品制造业,task_timed,117,2020-03-27T21:00:00,11142.246263957431,0.14837257921507313,U67,20,measured_continuous_week_direct_isic
C26,化学原料和化学制品制造业,task_timed,118,2020-03-27T22:00:00,12564.607610913634,0.16731305285245635,U67,20,measured_continuous_week_direct_isic
C26,化学原料和化学制品制造业,task_timed,119,2020-03-27T23:00:00,10668.12581497203,0.14205908800261205,U67,20,measured_continuous_week_direct_isic
C26,化学原料和化学制品制造业,task_timed,120,2020-03-28T00:00:00,10668.12581497203,0.14205908800261205,U67,20,measured_continuous_week_direct_isic
C26,化学原料和化学制品制造业,task_timed,121,2020-03-28T01:00:00,11853.426937435534,0.15784281603376474,U67,20,measured_continuous_week_direct_isic
C26,化学原料和化学制品制造业,task_timed,122,2020-03-28T02:00:00,10431.06559047933,0.13890234239638152,U67,20,measured_continuous_week_direct_isic
C26,化学原料和化学制品制造业,task_timed,123,2020-03-28T03:00:00,17305.812100767642,0.23044796497706702,U67,20,measured_continuous_week_direct_isic
C26,化学原料和化学制品制造业,task_timed,124,2020-03-28T04:00:00,33426.323079071786,0.44511220192298145,U67,20,measured_continuous_week_direct_isic
C26,化学原料和化学制品制造业,task_timed,125,2020-03-28T05:00:00,41249.62227193128,0.5492889587202675,U67,20,measured_continuous_week_direct_isic
C26,化学原料和化学制品制造业,task_timed,126,2020-03-28T06:00:00,48361.53293491242,0.6439927108377431,U67,20,measured_continuous_week_direct_isic
C26,化学原料和化学制品制造业,task_timed,127,2020-03-28T07:00:00,105020.38158346961,1.398474285754674,U67,20,measured_continuous_week_direct_isic
C26,化学原料和化学制品制造业,task_timed,128,2020-03-28T08:00:00,215493.25225847145,2.8695551043832093,U67,20,measured_continuous_week_direct_isic
C26,化学原料和化学制品制造业,task_timed,129,2020-03-28T09:00:00,245126.61174566002,3.2641593766065022,U67,20,measured_continuous_week_direct_isic
C26,化学原料和化学制品制造业,task_timed,130,2020-03-28T10:00:00,257928.17565286625,3.4346277911346297,U67,20,measured_continuous_week_direct_isic
C26,化学原料和化学制品制造业,task_timed,131,2020-03-28T11:00:00,262195.363621935,3.4914505959773394,U67,20,measured_continuous_week_direct_isic
C26,化学原料和化学制品制造业,task_timed,132,2020-03-28T12:00:00,112606.51662363629,1.49949291301517,U67,20,measured_continuous_week_direct_isic
C26,化学原料和化学制品制造业,task_timed,133,2020-03-28T13:00:00,96011.88519634675,1.2785151848567946,U67,20,measured_continuous_week_direct_isic
C26,化学原料和化学制品制造业,task_timed,134,2020-03-28T14:00:00,153619.07867107485,2.045625126129207,U67,20,measured_continuous_week_direct_isic
C26,化学原料和化学制品制造业,task_timed,135,2020-03-28T15:00:00,159545.58428339235,2.12454376628497,U67,20,measured_continuous_week_direct_isic
C26,化学原料和化学制品制造业,task_timed,136,2020-03-28T16:00:00,148166.38172314237,1.9730158253942263,U67,20,measured_continuous_week_direct_isic
C26,化学原料和化学制品制造业,task_timed,137,2020-03-28T17:00:00,114265.83426688505,1.5215887483282242,U67,20,measured_continuous_week_direct_isic
C26,化学原料和化学制品制造业,task_timed,138,2020-03-28T18:00:00,29870.315783481146,0.39775963389896385,U67,20,measured_continuous_week_direct_isic
C26,化学原料和化学制品制造业,task_timed,139,2020-03-28T19:00:00,13275.684356191607,0.17678190574058844,U67,20,measured_continuous_week_direct_isic
C26,化学原料和化学制品制造业,task_timed,140,2020-03-28T20:00:00,9245.6605398157,0.12311723043466936,U67,20,measured_continuous_week_direct_isic
C26,化学原料和化学制品制造业,task_timed,141,2020-03-28T21:00:00,9008.600315323,0.11996048482843881,U67,20,measured_continuous_week_direct_isic
C26,化学原料和化学制品制造业,task_timed,142,2020-03-28T22:00:00,7823.195264659369,0.10417537286672664,U67,20,measured_continuous_week_direct_isic
C26,化学原料和化学制品制造业,task_timed,143,2020-03-28T23:00:00,9956.841213293801,0.13258746725336096,U67,20,measured_continuous_week_direct_isic
C26,化学原料和化学制品制造业,task_timed,144,2020-03-29T00:00:00,7823.195264659369,0.10417537286672664,U67,20,measured_continuous_week_direct_isic
C26,化学原料和化学制品制造业,task_timed,145,2020-03-29T01:00:00,7349.074815673968,0.09786188165426557,U67,20,measured_continuous_week_direct_isic
C26,化学原料和化学制品制造业,task_timed,146,2020-03-29T02:00:00,9482.7207643084,0.12627397604089988,U67,20,measured_continuous_week_direct_isic
C26,化学原料和化学制品制造业,task_timed,147,2020-03-29T03:00:00,11378.994703849747,0.15152517302962515,U67,20,measured_continuous_week_direct_isic
C26,化学原料和化学制品制造业,task_timed,148,2020-03-29T04:00:00,36034.08947669162,0.4798377875220768,U67,20,measured_continuous_week_direct_isic
C26,化学原料和化学制品制造业,task_timed,149,2020-03-29T05:00:00,33663.383303564486,0.448268947529212,U67,20,measured_continuous_week_direct_isic
C26,化学原料和化学制品制造业,task_timed,150,2020-03-29T06:00:00,43857.28474135099,0.5840131603888035,U67,20,measured_continuous_week_direct_isic
C26,化学原料和化学制品制造业,task_timed,151,2020-03-29T07:00:00,72779.35962686133,0.9691458118628452,U67,20,measured_continuous_week_direct_isic
C26,化学原料和化学制品制造业,task_timed,152,2020-03-29T08:00:00,186808.2375974538,2.487579198515398,U67,20,measured_continuous_week_direct_isic
C26,化学原料和化学制品制造业,task_timed,153,2020-03-29T09:00:00,282582.9586411078,3.7629362538354036,U67,20,measured_continuous_week_direct_isic
C26,化学原料和化学制品制造业,task_timed,154,2020-03-29T10:00:00,301074.17579253897,4.009169330774181,U67,20,measured_continuous_week_direct_isic
C26,化学原料和化学制品制造业,task_timed,155,2020-03-29T11:00:00,235169.77053236624,3.1315719093531413,U67,20,measured_continuous_week_direct_isic
C26,化学原料和化学制品制造业,task_timed,156,2020-03-29T12:00:00,131808.81052034552,1.7551948428420812,U67,20,measured_continuous_week_direct_isic
C26,化学原料和化学制品制造业,task_timed,157,2020-03-29T13:00:00,129438.20827541852,1.723627386779776,U67,20,measured_continuous_week_direct_isic
C26,化学原料和化学制品制造业,task_timed,158,2020-03-29T14:00:00,164049.8324769538,2.1845233167339098,U67,20,measured_continuous_week_direct_isic
C26,化学原料和化学制品制造业,task_timed,159,2020-03-29T15:00:00,182066.92917939965,2.424442902460228,U67,20,measured_continuous_week_direct_isic
C26,化学原料和化学制品制造业,task_timed,160,2020-03-29T16:00:00,170687.83054734982,2.2729163455000436,U67,20,measured_continuous_week_direct_isic
C26,化学原料和化学制品制造业,task_timed,161,2020-03-29T17:00:00,123748.55503119346,1.6478627243691242,U67,20,measured_continuous_week_direct_isic
C26,化学原料和化学制品制造业,task_timed,162,2020-03-29T18:00:00,39827.156996774946,0.5303471011523248,U67,20,measured_continuous_week_direct_isic
C26,化学原料和化学制品制造业,task_timed,163,2020-03-29T19:00:00,32715.14240559368,0.43564196510428976,U67,20,measured_continuous_week_direct_isic
C26,化学原料和化学制品制造业,task_timed,164,2020-03-29T20:00:00,37930.46734443309,0.5050903684413616,U67,20,measured_continuous_week_direct_isic
C26,化学原料和化学制品制造业,task_timed,165,2020-03-29T21:00:00,27025.48916136862,0.359877302693638,U67,20,measured_continuous_week_direct_isic
C26,化学原料和化学制品制造业,task_timed,166,2020-03-29T22:00:00,20861.71546815815,0.27779914907052505,U67,20,measured_continuous_week_direct_isic
C26,化学原料和化学制品制造业,task_timed,167,2020-03-29T23:00:00,21810.06029432908,0.2904275154260067,U67,20,measured_continuous_week_direct_isic
C27,医药制造业,task_timed,0,2019-01-07T00:00:00,592.8463999008167,0.09980553979917955,U68,21,measured_continuous_week_direct_isic
C27,医药制造业,task_timed,1,2019-01-07T01:00:00,581.4461049695303,0.09788630306319322,U68,21,measured_continuous_week_direct_isic
C27,医药制造业,task_timed,2,2019-01-07T02:00:00,592.8463999008167,0.09980553979917955,U68,21,measured_continuous_week_direct_isic
C27,医药制造业,task_timed,3,2019-01-07T03:00:00,581.4461049695302,0.09788630306319321,U68,21,measured_continuous_week_direct_isic
C27,医药制造业,task_timed,4,2019-01-07T04:00:00,570.0458100382439,0.09596706632720689,U68,21,measured_continuous_week_direct_isic
C27,医药制造业,task_timed,5,2019-01-07T05:00:00,661.2481694885347,0.11132096021509746,U68,21,measured_continuous_week_direct_isic
C27,医药制造业,task_timed,6,2019-01-07T06:00:00,1117.2754984769515,0.18809304441849567,U68,21,measured_continuous_week_direct_isic
C27,医药制造业,task_timed,7,2019-01-07T07:00:00,1128.6913251452015,0.1900148959184275,U68,21,measured_continuous_week_direct_isic
C27,医药制造业,task_timed,8,2019-01-07T08:00:00,2941.4158779045465,0.49518661075997955,U68,21,measured_continuous_week_direct_isic
C27,医药制造业,task_timed,9,2019-01-07T09:00:00,20099.698463286517,3.3837790956724456,U68,21,measured_continuous_week_direct_isic
C27,医药制造业,task_timed,10,2019-01-07T10:00:00,18480.778924359038,3.111234405342661,U68,21,measured_continuous_week_direct_isic
C27,医药制造业,task_timed,11,2019-01-07T11:00:00,18254.540488863087,3.0731472225887924,U68,21,measured_continuous_week_direct_isic
C27,医药制造业,task_timed,12,2019-01-07T12:00:00,20692.53709731885,3.483583328089652,U68,21,measured_continuous_week_direct_isic
C27,医药制造业,task_timed,13,2019-01-07T13:00:00,20327.71212778072,3.4221651377741438,U68,21,measured_continuous_week_direct_isic
C27,医药制造业,task_timed,14,2019-01-07T14:00:00,22958.458320004993,3.865050586405537,U68,21,measured_continuous_week_direct_isic
C27,医药制造业,task_timed,15,2019-01-07T15:00:00,23086.723286784687,3.8866439607583425,U68,21,measured_continuous_week_direct_isic
C27,医药制造业,task_timed,16,2019-01-07T16:00:00,18923.297128234895,3.1857322317884016,U68,21,measured_continuous_week_direct_isic
C27,医药制造业,task_timed,17,2019-01-07T17:00:00,9542.51280959557,1.6064795909389131,U68,21,measured_continuous_week_direct_isic
C27,医药制造业,task_timed,18,2019-01-07T18:00:00,1254.0945693893511,0.21112650001427696,U68,21,measured_continuous_week_direct_isic
C27,医药制造业,task_timed,19,2019-01-07T19:00:00,1037.4734339579472,0.17465838726659144,U68,21,measured_continuous_week_direct_isic
C27,医药制造业,task_timed,20,2019-01-07T20:00:00,786.6514137326842,0.13243256431094694,U68,21,measured_continuous_week_direct_isic
C27,医药制造业,task_timed,21,2019-01-07T21:00:00,706.84934921368,0.11899790715904272,U68,21,measured_continuous_week_direct_isic
C27,医药制造业,task_timed,22,2019-01-07T22:00:00,684.0487593511072,0.11515943368707006,U68,21,measured_continuous_week_direct_isic
C27,医药制造业,task_timed,23,2019-01-07T23:00:00,695.4490542823935,0.11707867042305638,U68,21,measured_continuous_week_direct_isic
C27,医药制造业,task_timed,24,2019-01-08T00:00:00,684.0487593511072,0.11515943368707006,U68,21,measured_continuous_week_direct_isic
C27,医药制造业,task_timed,25,2019-01-08T01:00:00,661.2481694885347,0.11132096021509746,U68,21,measured_continuous_week_direct_isic
C27,医药制造业,task_timed,26,2019-01-08T02:00:00,672.6484644198209,0.11324019695108377,U68,21,measured_continuous_week_direct_isic
C27,医药制造业,task_timed,27,2019-01-08T03:00:00,672.6484644198209,0.11324019695108377,U68,21,measured_continuous_week_direct_isic
C27,医药制造业,task_timed,28,2019-01-08T04:00:00,661.2481694885347,0.11132096021509746,U68,21,measured_continuous_week_direct_isic
C27,医药制造业,task_timed,29,2019-01-08T05:00:00,763.8508238701115,0.1285940908389743,U68,21,measured_continuous_week_direct_isic
C27,医药制造业,task_timed,30,2019-01-08T06:00:00,1197.0853288644375,0.2015290089523726,U68,21,measured_continuous_week_direct_isic
C27,医药制造业,task_timed,31,2019-01-08T07:00:00,1071.682084620288,0.18041740485652313,U68,21,measured_continuous_week_direct_isic
C27,医药制造业,task_timed,32,2019-01-08T08:00:00,3853.4860676183434,0.6487333939307214,U68,21,measured_continuous_week_direct_isic
C27,医药制造业,task_timed,33,2019-01-08T09:00:00,11328.16942776159,1.9070944259144702,U68,21,measured_continuous_week_direct_isic
C27,医药制造业,task_timed,34,2019-01-08T10:00:00,22687.68966658422,3.8194667528529034,U68,21,measured_continuous_week_direct_isic
C27,医药制造业,task_timed,35,2019-01-08T11:00:00,18849.351576044937,3.1732835169892533,U68,21,measured_continuous_week_direct_isic
C27,医药制造业,task_timed,36,2019-01-08T12:00:00,18127.346483883714,3.0517341443811663,U68,21,measured_continuous_week_direct_isic
C27,医药制造业,task_timed,37,2019-01-08T13:00:00,17146.88229045068,2.8866732481764794,U68,21,measured_continuous_week_direct_isic
C27,医药制造业,task_timed,38,2019-01-08T14:00:00,18651.783348328332,3.1400229563824555,U68,21,measured_continuous_week_direct_isic
C27,医药制造业,task_timed,39,2019-01-08T15:00:00,18161.547368677573,3.0574918545891254,U68,21,measured_continuous_week_direct_isic
C27,医药制造业,task_timed,40,2019-01-08T16:00:00,18024.736063633656,3.034459706375317,U68,21,measured_continuous_week_direct_isic
C27,医药制造业,task_timed,41,2019-01-08T17:00:00,7410.5489352862805,1.2475640179618532,U68,21,measured_continuous_week_direct_isic
C27,医药制造业,task_timed,42,2019-01-08T18:00:00,991.8722542328019,0.16698144032264617,U68,21,measured_continuous_week_direct_isic
C27,医药制造业,task_timed,43,2019-01-08T19:00:00,1368.0975187022145,0.23031886737414017,U68,21,measured_continuous_week_direct_isic
C27,医药制造业,task_timed,44,2019-01-08T20:00:00,832.2525934578296,0.1401095112548922,U68,21,measured_continuous_week_direct_isic
C27,医药制造业,task_timed,45,2019-01-08T21:00:00,752.4505289388252,0.12667485410298798,U68,21,measured_continuous_week_direct_isic
C27,医药制造业,task_timed,46,2019-01-08T22:00:00,604.246694832103,0.10172477653516587,U68,21,measured_continuous_week_direct_isic
C27,医药制造业,task_timed,47,2019-01-08T23:00:00,809.4636523979796,0.13627299885587868,U68,21,measured_continuous_week_direct_isic
C27,医药制造业,task_timed,48,2019-01-09T00:00:00,558.6455151069575,0.09404782959122057,U68,21,measured_continuous_week_direct_isic
C27,医药制造业,task_timed,49,2019-01-09T01:00:00,570.0458100382439,0.09596706632720689,U68,21,measured_continuous_week_direct_isic
C27,医药制造业,task_timed,50,2019-01-09T02:00:00,547.2452201756713,0.09212859285523427,U68,21,measured_continuous_week_direct_isic
C27,医药制造业,task_timed,51,2019-01-09T03:00:00,535.844925244385,0.09020935611924795,U68,21,measured_continuous_week_direct_isic
C27,医药制造业,task_timed,52,2019-01-09T04:00:00,547.2452201756713,0.09212859285523427,U68,21,measured_continuous_week_direct_isic
C27,医药制造业,task_timed,53,2019-01-09T05:00:00,672.6484644198209,0.11324019695108377,U68,21,measured_continuous_week_direct_isic
C27,医药制造业,task_timed,54,2019-01-09T06:00:00,1003.2725491640882,0.1689006770586325,U68,21,measured_continuous_week_direct_isic
C27,医药制造业,task_timed,55,2019-01-09T07:00:00,1060.27402382052,0.17849686073856408,U68,21,measured_continuous_week_direct_isic
C27,医药制造业,task_timed,56,2019-01-09T08:00:00,2873.014108316829,0.4836711903440617,U68,21,measured_continuous_week_direct_isic
C27,医药制造业,task_timed,57,2019-01-09T09:00:00,19495.45176845441,3.2820543191372793,U68,21,measured_continuous_week_direct_isic
C27,医药制造业,task_timed,58,2019-01-09T10:00:00,18663.191409128096,3.1419435005004135,U68,21,measured_continuous_week_direct_isic
C27,医药制造业,task_timed,59,2019-01-09T11:00:00,17682.719449826585,2.9768812969137546,U68,21,measured_continuous_week_direct_isic
C27,医药制造业,task_timed,60,2019-01-09T12:00:00,13544.210477189119,2.28016436981943,U68,21,measured_continuous_week_direct_isic
C27,医药制造业,task_timed,61,2019-01-09T13:00:00,13361.797992420054,2.2494552746616754,U68,21,measured_continuous_week_direct_isic
C27,医药制造业,task_timed,62,2019-01-09T14:00:00,14276.712431465312,2.4034808864799344,U68,21,measured_continuous_week_direct_isic
C27,医药制造业,task_timed,63,2019-01-09T15:00:00,18628.99052433424,3.1361857902924553,U68,21,measured_continuous_week_direct_isic
C27,医药制造业,task_timed,64,2019-01-09T16:00:00,17568.71650051372,2.9576889295538913,U68,21,measured_continuous_week_direct_isic
C27,医药制造业,task_timed,65,2019-01-09T17:00:00,8402.421189519082,1.4145454582844994,U68,21,measured_continuous_week_direct_isic
C27,医药制造业,task_timed,66,2019-01-09T18:00:00,786.6514137326842,0.13243256431094694,U68,21,measured_continuous_week_direct_isic
C27,医药制造业,task_timed,67,2019-01-09T19:00:00,820.8522985265433,0.13819027451890592,U68,21,measured_continuous_week_direct_isic
C27,医药制造业,task_timed,68,2019-01-09T20:00:00,866.4612441201702,0.1458685288448239,U68,21,measured_continuous_week_direct_isic
C27,医药制造业,task_timed,69,2019-01-09T21:00:00,661.2481694885347,0.11132096021509746,U68,21,measured_continuous_week_direct_isic
C27,医药制造业,task_timed,70,2019-01-09T22:00:00,524.4446303130985,0.08829011938326162,U68,21,measured_continuous_week_direct_isic
C27,医药制造业,task_timed,71,2019-01-09T23:00:00,501.6440404505259,0.08445164591128898,U68,21,measured_continuous_week_direct_isic
C27,医药制造业,task_timed,72,2019-01-10T00:00:00,478.84345058795327,0.08061317243931636,U68,21,measured_continuous_week_direct_isic
C27,医药制造业,task_timed,73,2019-01-10T01:00:00,558.6455151069575,0.09404782959122057,U68,21,measured_continuous_week_direct_isic
C27,医药制造业,task_timed,74,2019-01-10T02:00:00,615.6469897633892,0.10364401327115216,U68,21,measured_continuous_week_direct_isic
C27,医药制造业,task_timed,75,2019-01-10T03:00:00,604.246694832103,0.10172477653516587,U68,21,measured_continuous_week_direct_isic
C27,医药制造业,task_timed,76,2019-01-10T04:00:00,604.246694832103,0.10172477653516587,U68,21,measured_continuous_week_direct_isic
C27,医药制造业,task_timed,77,2019-01-10T05:00:00,672.6484644198209,0.11324019695108377,U68,21,measured_continuous_week_direct_isic
C27,医药制造业,task_timed,78,2019-01-10T06:00:00,741.050234007539,0.12475561736700168,U68,21,measured_continuous_week_direct_isic
C27,医药制造业,task_timed,79,2019-01-10T07:00:00,661.2481694885346,0.11132096021509745,U68,21,measured_continuous_week_direct_isic
C27,医药制造业,task_timed,80,2019-01-10T08:00:00,3488.661098080218,0.5873152036152138,U68,21,measured_continuous_week_direct_isic
C27,医药制造业,task_timed,81,2019-01-10T09:00:00,16817.61792029367,2.8312416756719396,U68,21,measured_continuous_week_direct_isic
C27,医药制造业,task_timed,82,2019-01-10T10:00:00,17454.705785332375,2.938495254812055,U68,21,measured_continuous_week_direct_isic
C27,医药制造业,task_timed,83,2019-01-10T11:00:00,22493.884652752353,3.786839728341136,U68,21,measured_continuous_week_direct_isic
C27,医药制造业,task_timed,84,2019-01-10T12:00:00,13293.388456963856,2.237938546863785,U68,21,measured_continuous_week_direct_isic
C27,医药制造业,task_timed,85,2019-01-10T13:00:00,13441.592291070578,2.262888624431607,U68,21,measured_continuous_week_direct_isic
C27,医药制造业,task_timed,86,2019-01-10T14:00:00,21547.605812376216,3.6275339275804623,U68,21,measured_continuous_week_direct_isic
C27,医药制造业,task_timed,87,2019-01-10T15:00:00,15698.967175492498,2.6429171088864893,U68,21,measured_continuous_week_direct_isic
C27,医药制造业,task_timed,88,2019-01-10T16:00:00,15562.155870448581,2.619884960672681,U68,21,measured_continuous_week_direct_isic
C27,医药制造业,task_timed,89,2019-01-10T17:00:00,8391.028660456277,1.4126275289304857,U68,21,measured_continuous_week_direct_isic
C27,医药制造业,task_timed,90,2019-01-10T18:00:00,934.8630137078884,0.15738394926074184,U68,21,measured_continuous_week_direct_isic
C27,医药制造业,task_timed,91,2019-01-10T19:00:00,900.6698947825113,0.15162754643475562,U68,21,measured_continuous_week_direct_isic
C27,医药制造业,task_timed,92,2019-01-10T20:00:00,809.4520035952569,0.13627103778291957,U68,21,measured_continuous_week_direct_isic
C27,医药制造业,task_timed,93,2019-01-10T21:00:00,718.2496441449662,0.12091714389502903,U68,21,measured_continuous_week_direct_isic
C27,医药制造业,task_timed,94,2019-01-10T22:00:00,535.844925244385,0.09020935611924795,U68,21,measured_continuous_week_direct_isic
C27,医药制造业,task_timed,95,2019-01-10T23:00:00,513.0443353818122,0.0863708826472753,U68,21,measured_continuous_week_direct_isic
C27,医药制造业,task_timed,96,2019-01-11T00:00:00,501.6440404505259,0.08445164591128898,U68,21,measured_continuous_week_direct_isic
C27,医药制造业,task_timed,97,2019-01-11T01:00:00,490.24374551923955,0.08253240917530266,U68,21,measured_continuous_week_direct_isic
C27,医药制造业,task_timed,98,2019-01-11T02:00:00,501.6440404505259,0.08445164591128898,U68,21,measured_continuous_week_direct_isic
C27,医药制造业,task_timed,99,2019-01-11T03:00:00,501.6440404505259,0.08445164591128898,U68,21,measured_continuous_week_direct_isic
C27,医药制造业,task_timed,100,2019-01-11T04:00:00,501.6440404505259,0.08445164591128898,U68,21,measured_continuous_week_direct_isic
C27,医药制造业,task_timed,101,2019-01-11T05:00:00,672.6484644198209,0.11324019695108377,U68,21,measured_continuous_week_direct_isic
C27,医药制造业,task_timed,102,2019-01-11T06:00:00,980.4641934330336,0.16506089620468709,U68,21,measured_continuous_week_direct_isic
C27,医药制造业,task_timed,103,2019-01-11T07:00:00,798.0594745324524,0.13435310842890602,U68,21,measured_continuous_week_direct_isic
C27,医药制造业,task_timed,104,2019-01-11T08:00:00,3545.6625727366495,0.5969113872951454,U68,21,measured_continuous_week_direct_isic
C27,医药制造业,task_timed,105,2019-01-11T09:00:00,15938.388900786476,2.6832236951061477,U68,21,measured_continuous_week_direct_isic
C27,医药制造业,task_timed,106,2019-01-11T10:00:00,17226.676589101204,2.9001065979464107,U68,21,measured_continuous_week_direct_isic
C27,医药制造业,task_timed,107,2019-01-11T11:00:00,22436.875412227437,3.777242237279231,U68,21,measured_continuous_week_direct_isic
C27,医药制造业,task_timed,108,2019-01-11T12:00:00,16907.460565156704,2.846366661956821,U68,21,measured_continuous_week_direct_isic
C27,医药制造业,task_timed,109,2019-01-11T13:00:00,17249.48494483226,2.9039463788003563,U68,21,measured_continuous_week_direct_isic
C27,医药制造业,task_timed,110,2019-01-11T14:00:00,20954.7594124754,3.527728387781283,U68,21,measured_continuous_week_direct_isic
C27,医药制造业,task_timed,111,2019-01-11T15:00:00,22254.46292745837,3.7465331421214767,U68,21,measured_continuous_week_direct_isic
C27,医药制造业,task_timed,112,2019-01-11T16:00:00,21804.124097132877,3.670718715213113,U68,21,measured_continuous_week_direct_isic
C27,医药制造业,task_timed,113,2019-01-11T17:00:00,10260.762453740537,1.7273967348339425,U68,21,measured_continuous_week_direct_isic
C27,医药制造业,task_timed,114,2019-01-11T18:00:00,912.0624238453158,0.1535454757887692,U68,21,measured_continuous_week_direct_isic
C27,医药制造业,task_timed,115,2019-01-11T19:00:00,718.2496441449662,0.12091714389502903,U68,21,measured_continuous_week_direct_isic
C27,医药制造业,task_timed,116,2019-01-11T20:00:00,718.2496441449662,0.12091714389502903,U68,21,measured_continuous_week_direct_isic
C27,医药制造业,task_timed,117,2019-01-11T21:00:00,558.6455151069575,0.09404782959122057,U68,21,measured_continuous_week_direct_isic
C27,医药制造业,task_timed,118,2019-01-11T22:00:00,501.6440404505259,0.08445164591128898,U68,21,measured_continuous_week_direct_isic
C27,医药制造业,task_timed,119,2019-01-11T23:00:00,501.6440404505259,0.08445164591128898,U68,21,measured_continuous_week_direct_isic
C27,医药制造业,task_timed,120,2019-01-12T00:00:00,513.0443353818122,0.0863708826472753,U68,21,measured_continuous_week_direct_isic
C27,医药制造业,task_timed,121,2019-01-12T01:00:00,501.6440404505259,0.08445164591128898,U68,21,measured_continuous_week_direct_isic
C27,医药制造业,task_timed,122,2019-01-12T02:00:00,501.6440404505259,0.08445164591128898,U68,21,measured_continuous_week_direct_isic
C27,医药制造业,task_timed,123,2019-01-12T03:00:00,490.24374551923955,0.08253240917530266,U68,21,measured_continuous_week_direct_isic
C27,医药制造业,task_timed,124,2019-01-12T04:00:00,513.0443353818122,0.0863708826472753,U68,21,measured_continuous_week_direct_isic
C27,医药制造业,task_timed,125,2019-01-12T05:00:00,638.4475796259619,0.1074824867431248,U68,21,measured_continuous_week_direct_isic
C27,医药制造业,task_timed,126,2019-01-12T06:00:00,889.2695998512249,0.1497083096987693,U68,21,measured_continuous_week_direct_isic
C27,医药制造业,task_timed,127,2019-01-12T07:00:00,775.251118801398,0.13051332757496065,U68,21,measured_continuous_week_direct_isic
C27,医药制造业,task_timed,128,2019-01-12T08:00:00,3420.251562624019,0.5757984758173232,U68,21,measured_continuous_week_direct_isic
C27,医药制造业,task_timed,129,2019-01-12T09:00:00,19871.669267055342,3.3453904388068008,U68,21,measured_continuous_week_direct_isic
C27,医药制造业,task_timed,130,2019-01-12T10:00:00,17956.33429404594,3.022944285959399,U68,21,measured_continuous_week_direct_isic
C27,医药制造业,task_timed,131,2019-01-12T11:00:00,14615.884795940925,2.46058046729398,U68,21,measured_continuous_week_direct_isic
C27,医药制造业,task_timed,132,2019-01-12T12:00:00,10123.951148696618,1.7043645866201338,U68,21,measured_continuous_week_direct_isic
C27,医药制造业,task_timed,133,2019-01-12T13:00:00,9861.73659940855,1.6602208343104754,U68,21,measured_continuous_week_direct_isic
C27,医药制造业,task_timed,134,2019-01-12T14:00:00,14194.058351746367,2.3895660932985407,U68,21,measured_continuous_week_direct_isic
C27,医药制造业,task_timed,135,2019-01-12T15:00:00,13624.012541708124,2.293599026971334,U68,21,measured_continuous_week_direct_isic
C27,医药制造业,task_timed,136,2019-01-12T16:00:00,15197.330900910452,2.558466770357173,U68,21,measured_continuous_week_direct_isic
C27,医药制造业,task_timed,137,2019-01-12T17:00:00,8938.258348894986,1.5047535070217748,U68,21,measured_continuous_week_direct_isic
C27,医药制造业,task_timed,138,2019-01-12T18:00:00,1048.8814947577152,0.1765789313845505,U68,21,measured_continuous_week_direct_isic
C27,医药制造业,task_timed,139,2019-01-12T19:00:00,969.0716643702292,0.16314296685067353,U68,21,measured_continuous_week_direct_isic
C27,医药制造业,task_timed,140,2019-01-12T20:00:00,877.8615390514568,0.14778776558081025,U68,21,measured_continuous_week_direct_isic
C27,医药制造业,task_timed,141,2019-01-12T21:00:00,638.4475796259619,0.1074824867431248,U68,21,measured_continuous_week_direct_isic
C27,医药制造业,task_timed,142,2019-01-12T22:00:00,570.045810038244,0.0959670663272069,U68,21,measured_continuous_week_direct_isic
C27,医药制造业,task_timed,143,2019-01-12T23:00:00,547.2452201756713,0.09212859285523427,U68,21,measured_continuous_week_direct_isic
C27,医药制造业,task_timed,144,2019-01-13T00:00:00,547.2452201756713,0.09212859285523427,U68,21,measured_continuous_week_direct_isic
C27,医药制造业,task_timed,145,2019-01-13T01:00:00,558.6455151069575,0.09404782959122057,U68,21,measured_continuous_week_direct_isic
C27,医药制造业,task_timed,146,2019-01-13T02:00:00,547.2452201756713,0.09212859285523427,U68,21,measured_continuous_week_direct_isic
C27,医药制造业,task_timed,147,2019-01-13T03:00:00,547.2452201756713,0.09212859285523427,U68,21,measured_continuous_week_direct_isic
C27,医药制造业,task_timed,148,2019-01-13T04:00:00,558.6455151069575,0.09404782959122057,U68,21,measured_continuous_week_direct_isic
C27,医药制造业,task_timed,149,2019-01-13T05:00:00,661.2481694885347,0.11132096021509746,U68,21,measured_continuous_week_direct_isic
C27,医药制造业,task_timed,150,2019-01-13T06:00:00,934.8630137078884,0.15738394926074184,U68,21,measured_continuous_week_direct_isic
C27,医药制造业,task_timed,151,2019-01-13T07:00:00,798.0633574666933,0.1343537621198924,U68,21,measured_continuous_week_direct_isic
C27,医药制造业,task_timed,152,2019-01-13T08:00:00,741.050234007539,0.12475561736700168,U68,21,measured_continuous_week_direct_isic
C27,医药制造业,task_timed,153,2019-01-13T09:00:00,786.659179601166,0.13243387169291967,U68,21,measured_continuous_week_direct_isic
C27,医药制造业,task_timed,154,2019-01-13T10:00:00,991.8722542328019,0.16698144032264617,U68,21,measured_continuous_week_direct_isic
C27,医药制造业,task_timed,155,2019-01-13T11:00:00,1299.6957491144965,0.21880344695822226,U68,21,measured_continuous_week_direct_isic
C27,医药制造业,task_timed,156,2019-01-13T12:00:00,900.6621289140295,0.15162623905278289,U68,21,measured_continuous_week_direct_isic
C27,医药制造业,task_timed,157,2019-01-13T13:00:00,866.4534782516885,0.14586722146285117,U68,21,measured_continuous_week_direct_isic
C27,医药制造业,task_timed,158,2019-01-13T14:00:00,672.6484644198209,0.11324019695108377,U68,21,measured_continuous_week_direct_isic
C27,医药制造业,task_timed,159,2019-01-13T15:00:00,615.6469897633892,0.10364401327115216,U68,21,measured_continuous_week_direct_isic
C27,医药制造业,task_timed,160,2019-01-13T16:00:00,775.2511188013979,0.13051332757496062,U68,21,measured_continuous_week_direct_isic
C27,医药制造业,task_timed,161,2019-01-13T17:00:00,1060.27402382052,0.17849686073856408,U68,21,measured_continuous_week_direct_isic
C27,医药制造业,task_timed,162,2019-01-13T18:00:00,1071.6820846202882,0.18041740485652316,U68,21,measured_continuous_week_direct_isic
C27,医药制造业,task_timed,163,2019-01-13T19:00:00,1265.4948643206376,0.2130457367502633,U68,21,measured_continuous_week_direct_isic
C27,医药制造业,task_timed,164,2019-01-13T20:00:00,1048.8737288892335,0.17657762400257773,U68,21,measured_continuous_week_direct_isic
C27,医药制造业,task_timed,165,2019-01-13T21:00:00,809.4520035952569,0.13627103778291957,U68,21,measured_continuous_week_direct_isic
C27,医药制造业,task_timed,166,2019-01-13T22:00:00,615.6469897633892,0.10364401327115216,U68,21,measured_continuous_week_direct_isic
C27,医药制造业,task_timed,167,2019-01-13T23:00:00,558.6455151069575,0.09404782959122057,U68,21,measured_continuous_week_direct_isic
C28,化学纤维制造业,task_timed,0,2020-03-23T00:00:00,844.4561232448283,0.14521583360884258,U67,20,measured_continuous_week_direct_isic
C28,化学纤维制造业,task_timed,1,2020-03-23T01:00:00,734.3138712413145,0.1262753599714594,U67,20,measured_continuous_week_direct_isic
C28,化学纤维制造业,task_timed,2,2020-03-23T02:00:00,697.5917394356711,0.11996048482843881,U67,20,measured_continuous_week_direct_isic
C28,化学纤维制造业,task_timed,3,2020-03-23T03:00:00,807.7420392436571,0.13890234239638152,U67,20,measured_continuous_week_direct_isic
C28,化学纤维制造业,task_timed,4,2020-03-23T04:00:00,771.0199074380139,0.13258746725336096,U67,20,measured_continuous_week_direct_isic
C28,化学纤维制造业,task_timed,5,2020-03-23T05:00:00,2533.3361785165976,0.4356419651042898,U67,20,measured_continuous_week_direct_isic
C28,化学纤维制造业,task_timed,6,2020-03-23T06:00:00,3396.14129595754,0.5840131603888035,U67,20,measured_continuous_week_direct_isic
C28,化学纤维制造业,task_timed,7,2020-03-23T07:00:00,8481.17069499132,1.4584538362036135,U67,20,measured_continuous_week_direct_isic
C28,化学纤维制造业,task_timed,8,2020-03-23T08:00:00,15915.96585253584,2.736969021060408,U67,20,measured_continuous_week_direct_isic
C28,化学纤维制造业,task_timed,9,2020-03-23T09:00:00,19642.53390450392,3.377803602361361,U67,20,measured_continuous_week_direct_isic
C28,化学纤维制造业,task_timed,10,2020-03-23T10:00:00,19715.97012031074,3.390431968716843,U67,20,measured_continuous_week_direct_isic
C28,化学纤维制造业,task_timed,11,2020-03-23T11:00:00,16154.607398543456,2.778006713941405,U67,20,measured_continuous_week_direct_isic
C28,化学纤维制造业,task_timed,12,2020-03-23T12:00:00,8077.3077231739635,1.3890040489359823,U67,20,measured_continuous_week_direct_isic
C28,化学纤维制造业,task_timed,13,2020-03-23T13:00:00,9325.618770431678,1.603668285881897,U67,20,measured_continuous_week_direct_isic
C28,化学纤维制造业,task_timed,14,2020-03-23T14:00:00,13841.555724033884,2.3802456961118814,U67,20,measured_continuous_week_direct_isic
C28,化学纤维制造业,task_timed,15,2020-03-23T15:00:00,11858.9469011438,2.0393088670556265,U67,20,measured_continuous_week_direct_isic
C28,化学纤维制造业,task_timed,16,2020-03-23T16:00:00,11198.085341318247,1.925664641300768,U67,20,measured_continuous_week_direct_isic
C28,化学纤维制造业,task_timed,17,2020-03-23T17:00:00,8572.955904994247,1.474237564234766,U67,20,measured_continuous_week_direct_isic
C28,化学纤维制造业,task_timed,18,2020-03-23T18:00:00,2331.392620901211,0.4009149955746349,U67,20,measured_continuous_week_direct_isic
C28,化学纤维制造业,task_timed,19,2020-03-23T19:00:00,1468.595551264741,0.2525451842206808,U67,20,measured_continuous_week_direct_isic
C28,化学纤维制造业,task_timed,20,2020-03-23T20:00:00,1211.5969632565416,0.20835074573345325,U67,20,measured_continuous_week_direct_isic
C28,化学纤维制造业,task_timed,21,2020-03-23T21:00:00,844.4561232448283,0.14521583360884258,U67,20,measured_continuous_week_direct_isic
C28,化学纤维制造业,task_timed,22,2020-03-23T22:00:00,844.4561232448283,0.14521583360884258,U67,20,measured_continuous_week_direct_isic
C28,化学纤维制造业,task_timed,23,2020-03-23T23:00:00,862.8131652454141,0.14837257921507313,U67,20,measured_continuous_week_direct_isic
C28,化学纤维制造业,task_timed,24,2020-03-24T00:00:00,715.940733631785,0.12311584650410987,U67,20,measured_continuous_week_direct_isic
C28,化学纤维制造业,task_timed,25,2020-03-24T01:00:00,734.3058234368424,0.12627397604089988,U67,20,measured_continuous_week_direct_isic
C28,化学纤维制造业,task_timed,26,2020-03-24T02:00:00,734.2977756323704,0.12627259211034036,U67,20,measured_continuous_week_direct_isic
C28,化学纤维制造业,task_timed,27,2020-03-24T03:00:00,771.0279552424859,0.13258885118392047,U67,20,measured_continuous_week_direct_isic
C28,化学纤维制造业,task_timed,28,2020-03-24T04:00:00,715.9568292407289,0.12311861436522888,U67,20,measured_continuous_week_direct_isic
C28,化学纤维制造业,task_timed,29,2020-03-24T05:00:00,3157.491702145454,0.542974083577247,U67,20,measured_continuous_week_direct_isic
C28,化学纤维制造业,task_timed,30,2020-03-24T06:00:00,3873.440483581711,0.6660913140119163,U67,20,measured_continuous_week_direct_isic
C28,化学纤维制造业,task_timed,31,2020-03-24T07:00:00,8738.177330803992,1.5026496586214007,U67,20,measured_continuous_week_direct_isic
C28,化学纤维制造业,task_timed,32,2020-03-24T08:00:00,18651.229493058883,3.207335187833234,U67,20,measured_continuous_week_direct_isic
C28,化学纤维制造业,task_timed,33,2020-03-24T09:00:00,18798.09387686804,3.2325905366136376,U67,20,measured_continuous_week_direct_isic
C28,化学纤维制造业,task_timed,34,2020-03-24T10:00:00,19642.5419523084,3.3778049862919213,U67,20,measured_continuous_week_direct_isic
C28,化学纤维制造业,task_timed,35,2020-03-24T11:00:00,16485.04220235847,2.834829518784114,U67,20,measured_continuous_week_direct_isic
C28,化学纤维制造业,task_timed,36,2020-03-24T12:00:00,10280.209097875548,1.767823209197563,U67,20,measured_continuous_week_direct_isic
C28,化学纤维制造业,task_timed,37,2020-03-24T13:00:00,6571.981992299107,1.1301426056417214,U67,20,measured_continuous_week_direct_isic
C28,化学纤维制造业,task_timed,38,2020-03-24T14:00:00,11657.019439137359,2.0045846653870907,U67,20,measured_continuous_week_direct_isic
C28,化学纤维制造业,task_timed,39,2020-03-24T15:00:00,10775.857279695832,1.853056724496347,U67,20,measured_continuous_week_direct_isic
C28,化学纤维制造业,task_timed,40,2020-03-24T16:00:00,9362.332854432849,1.6099817770943579,U67,20,measured_continuous_week_direct_isic
C28,化学纤维制造业,task_timed,41,2020-03-24T17:00:00,7489.858235741806,1.2879840377449265,U67,20,measured_continuous_week_direct_isic
C28,化学纤维制造业,task_timed,42,2020-03-24T18:00:00,2753.6287303280974,0.4735242963096157,U67,20,measured_continuous_week_direct_isic
C28,化学纤维制造业,task_timed,43,2020-03-24T19:00:00,2019.3390025001988,0.3472530881298348,U67,20,measured_continuous_week_direct_isic
C28,化学纤维制造业,task_timed,44,2020-03-24T20:00:00,1028.0184954462131,0.17678190574058844,U67,20,measured_continuous_week_direct_isic
C28,化学纤维制造业,task_timed,45,2020-03-24T21:00:00,367.14084001171335,0.0631349121246107,U67,20,measured_continuous_week_direct_isic
C28,化学纤维制造业,task_timed,46,2020-03-24T22:00:00,440.569008014056,0.07576189454953283,U67,20,measured_continuous_week_direct_isic
C28,化学纤维制造业,task_timed,47,2020-03-24T23:00:00,403.8549240128847,0.06944840333707177,U67,20,measured_continuous_week_direct_isic
C28,化学纤维制造业,task_timed,48,2020-03-25T00:00:00,367.14084001171335,0.0631349121246107,U67,20,measured_continuous_week_direct_isic
C28,化学纤维制造业,task_timed,49,2020-03-25T01:00:00,293.71267200937064,0.05050792969968855,U67,20,measured_continuous_week_direct_isic
C28,化学纤维制造业,task_timed,50,2020-03-25T02:00:00,403.8549240128847,0.06944840333707177,U67,20,measured_continuous_week_direct_isic
C28,化学纤维制造业,task_timed,51,2020-03-25T03:00:00,256.9985880081993,0.04419443848722748,U67,20,measured_continuous_week_direct_isic
C28,化学纤维制造业,task_timed,52,2020-03-25T04:00:00,1211.5889154520698,0.2083493618028938,U67,20,measured_continuous_week_direct_isic
C28,化学纤维制造业,task_timed,53,2020-03-25T05:00:00,3818.369357579954,0.6566210771932247,U67,20,measured_continuous_week_direct_isic
C28,化学纤维制造业,task_timed,54,2020-03-25T06:00:00,8334.306311182163,1.4331984874232098,U67,20,measured_continuous_week_direct_isic
C28,化学纤维制造业,task_timed,55,2020-03-25T07:00:00,6535.267908297937,1.1238291144292605,U67,20,measured_continuous_week_direct_isic
C28,化学纤维制造业,task_timed,56,2020-03-25T08:00:00,3891.789477777825,0.6692466756875874,U67,20,measured_continuous_week_direct_isic
C28,化学纤维制造业,task_timed,57,2020-03-25T09:00:00,5378.742071043152,0.9249486055144986,U67,20,measured_continuous_week_direct_isic
C28,化学纤维制造业,task_timed,58,2020-03-25T10:00:00,6333.332398487021,1.089103528830165,U67,20,measured_continuous_week_direct_isic
C28,化学纤维制造业,task_timed,59,2020-03-25T11:00:00,5819.327174666151,1.0007132679251505,U67,20,measured_continuous_week_direct_isic
C28,化学纤维制造业,task_timed,60,2020-03-25T12:00:00,2863.7709823316113,0.4924647699469989,U67,20,measured_continuous_week_direct_isic
C28,化学纤维制造业,task_timed,61,2020-03-25T13:00:00,2735.279736131984,0.4703689346339447,U67,20,measured_continuous_week_direct_isic
C28,化学纤维制造业,task_timed,62,2020-03-25T14:00:00,5599.034622854651,0.9628309367198246,U67,20,measured_continuous_week_direct_isic
C28,化学纤维制造业,task_timed,63,2020-03-25T15:00:00,5947.8264686702505,1.0228104871687642,U67,20,measured_continuous_week_direct_isic
C28,化学纤维制造业,task_timed,64,2020-03-25T16:00:00,7508.215277742392,1.291140783351157,U67,20,measured_continuous_week_direct_isic
C28,化学纤维制造业,task_timed,65,2020-03-25T17:00:00,7563.2944515486215,1.3006124041004083,U67,20,measured_continuous_week_direct_isic
C28,化学纤维制造业,task_timed,66,2020-03-25T18:00:00,2533.3361785165976,0.4356419651042898,U67,20,measured_continuous_week_direct_isic
C28,化学纤维制造业,task_timed,67,2020-03-25T19:00:00,1486.9525932653269,0.2557019298269113,U67,20,measured_continuous_week_direct_isic
C28,化学纤维制造业,task_timed,68,2020-03-25T20:00:00,1303.3821732594702,0.22413447376460596,U67,20,measured_continuous_week_direct_isic
C28,化学纤维制造业,task_timed,69,2020-03-25T21:00:00,1064.7406272518565,0.18309678088360903,U67,20,measured_continuous_week_direct_isic
C28,化学纤维制造业,task_timed,70,2020-03-25T22:00:00,862.8131652454141,0.14837257921507313,U67,20,measured_continuous_week_direct_isic
C28,化学纤维制造业,task_timed,71,2020-03-25T23:00:00,789.3769494385995,0.13574421285959148,U67,20,measured_continuous_week_direct_isic
C28,化学纤维制造业,task_timed,72,2020-03-26T00:00:00,844.4561232448283,0.14521583360884258,U67,20,measured_continuous_week_direct_isic
C28,化学纤维制造业,task_timed,73,2020-03-26T01:00:00,734.3138712413145,0.1262753599714594,U67,20,measured_continuous_week_direct_isic
C28,化学纤维制造业,task_timed,74,2020-03-26T02:00:00,752.6709132419,0.12943210557768992,U67,20,measured_continuous_week_direct_isic
C28,化学纤维制造业,task_timed,75,2020-03-26T03:00:00,826.0990812442427,0.14205908800261205,U67,20,measured_continuous_week_direct_isic
C28,化学纤维制造业,task_timed,76,2020-03-26T04:00:00,697.5997872401431,0.11996186875899831,U67,20,measured_continuous_week_direct_isic
C28,化学纤维制造业,task_timed,77,2020-03-26T05:00:00,881.1702072459997,0.15152932482130366,U67,20,measured_continuous_week_direct_isic
C28,化学纤维制造业,task_timed,78,2020-03-26T06:00:00,1321.7472630645277,0.227292603301396,U67,20,measured_continuous_week_direct_isic
C28,化学纤维制造业,task_timed,79,2020-03-26T07:00:00,6168.11902048175,1.06069281837409,U67,20,measured_continuous_week_direct_isic
C28,化学纤维制造业,task_timed,80,2020-03-26T08:00:00,9399.04693843402,1.6162952683068188,U67,20,measured_continuous_week_direct_isic
C28,化学纤维制造业,task_timed,81,2020-03-26T09:00:00,11858.954948948274,2.0393102509861865,U67,20,measured_continuous_week_direct_isic
C28,化学纤维制造业,task_timed,82,2020-03-26T10:00:00,14337.220001463114,2.4654819792717846,U67,20,measured_continuous_week_direct_isic
C28,化学纤维制造业,task_timed,83,2020-03-26T11:00:00,9968.139383865591,1.7141585338916439,U67,20,measured_continuous_week_direct_isic
C28,化学纤维制造业,task_timed,84,2020-03-26T12:00:00,3322.705080150725,0.5713847940333218,U67,20,measured_continuous_week_direct_isic
C28,化学纤维制造业,task_timed,85,2020-03-26T13:00:00,3396.14129595754,0.5840131603888035,U67,20,measured_continuous_week_direct_isic
C28,化学纤维制造业,task_timed,86,2020-03-26T14:00:00,6425.125656294423,1.1048886407918772,U67,20,measured_continuous_week_direct_isic
C28,化学纤维制造业,task_timed,87,2020-03-26T15:00:00,7122.717395730094,1.224849125620316,U67,20,measured_continuous_week_direct_isic
C28,化学纤维制造业,task_timed,88,2020-03-26T16:00:00,6149.770026285637,1.057537456698419,U67,20,measured_continuous_week_direct_isic
C28,化学纤维制造业,task_timed,89,2020-03-26T17:00:00,6975.844964116463,1.1995923929093526,U67,20,measured_continuous_week_direct_isic
C28,化学纤维制造业,task_timed,90,2020-03-26T18:00:00,2680.192514521283,0.4608959299541341,U67,20,measured_continuous_week_direct_isic
C28,化学纤维制造业,task_timed,91,2020-03-26T19:00:00,1009.6695012500994,0.1736265440649174,U67,20,measured_continuous_week_direct_isic
C28,化学纤维制造业,task_timed,92,2020-03-26T20:00:00,936.2413332477568,0.16099956163999526,U67,20,measured_continuous_week_direct_isic
C28,化学纤维制造业,task_timed,93,2020-03-26T21:00:00,495.6481818202849,0.08523351529878392,U67,20,measured_continuous_week_direct_isic
C28,化学纤维制造业,task_timed,94,2020-03-26T22:00:00,403.8549240128847,0.06944840333707177,U67,20,measured_continuous_week_direct_isic
C28,化学纤维制造业,task_timed,95,2020-03-26T23:00:00,403.8549240128847,0.06944840333707177,U67,20,measured_continuous_week_direct_isic
C28,化学纤维制造业,task_timed,96,2020-03-27T00:00:00,495.6481818202849,0.08523351529878392,U67,20,measured_continuous_week_direct_isic
C28,化学纤维制造业,task_timed,97,2020-03-27T01:00:00,312.0697140099563,0.053664675305919084,U67,20,measured_continuous_week_direct_isic
C28,化学纤维制造业,task_timed,98,2020-03-27T02:00:00,422.21196601347026,0.07260514894330229,U67,20,measured_continuous_week_direct_isic
C28,化学纤维制造业,task_timed,99,2020-03-27T03:00:00,312.0697140099563,0.053664675305919084,U67,20,measured_continuous_week_direct_isic
C28,化学纤维制造业,task_timed,100,2020-03-27T04:00:00,385.497882012299,0.06629165773084122,U67,20,measured_continuous_week_direct_isic
C28,化学纤维制造业,task_timed,101,2020-03-27T05:00:00,477.29113981969925,0.0820767696925534,U67,20,measured_continuous_week_direct_isic
C28,化学纤维制造业,task_timed,102,2020-03-27T06:00:00,1450.2465570686272,0.24938982254500972,U67,20,measured_continuous_week_direct_isic
C28,化学纤维制造业,task_timed,103,2020-03-27T07:00:00,6021.262684477067,1.035438853524246,U67,20,measured_continuous_week_direct_isic
C28,化学纤维制造业,task_timed,104,2020-03-27T08:00:00,17916.93976523098,3.0810639796534525,U67,20,measured_continuous_week_direct_isic
C28,化学纤维制造业,task_timed,105,2020-03-27T09:00:00,19826.10432450978,3.409371058423666,U67,20,measured_continuous_week_direct_isic
C28,化学纤维制造业,task_timed,106,2020-03-27T10:00:00,19000.029386678958,3.267316122212734,U67,20,measured_continuous_week_direct_isic
C28,化学纤维制造业,task_timed,107,2020-03-27T11:00:00,10996.149831507331,1.8909390557016725,U67,20,measured_continuous_week_direct_isic
C28,化学纤维制造业,task_timed,108,2020-03-27T12:00:00,5580.685628658538,0.9596755750441536,U67,20,measured_continuous_week_direct_isic
C28,化学纤维制造业,task_timed,109,2020-03-27T13:00:00,6259.904230484679,1.0764765464052428,U67,20,measured_continuous_week_direct_isic
C28,化学纤维制造业,task_timed,110,2020-03-27T14:00:00,9747.83878424962,1.6762748187557586,U67,20,measured_continuous_week_direct_isic
C28,化学纤维制造业,task_timed,111,2020-03-27T15:00:00,10720.786153694075,1.843586487677655,U67,20,measured_continuous_week_direct_isic
C28,化学纤维制造业,task_timed,112,2020-03-27T16:00:00,10427.073481684705,1.793078557977967,U67,20,measured_continuous_week_direct_isic
C28,化学纤维制造业,task_timed,113,2020-03-27T17:00:00,10059.924593868518,1.7299422619227962,U67,20,measured_continuous_week_direct_isic
C28,化学纤维制造业,task_timed,114,2020-03-27T18:00:00,2147.8302486998264,0.369348923442889,U67,20,measured_continuous_week_direct_isic
C28,化学纤维制造业,task_timed,115,2020-03-27T19:00:00,1229.9540052571274,0.21150749133968383,U67,20,measured_continuous_week_direct_isic
C28,化学纤维制造业,task_timed,116,2020-03-27T20:00:00,954.5903274438705,0.1641549233156663,U67,20,measured_continuous_week_direct_isic
C28,化学纤维制造业,task_timed,117,2020-03-27T21:00:00,862.8131652454141,0.14837257921507313,U67,20,measured_continuous_week_direct_isic
C28,化学纤维制造业,task_timed,118,2020-03-27T22:00:00,972.9554172489281,0.16731305285245635,U67,20,measured_continuous_week_direct_isic
C28,化学纤维制造业,task_timed,119,2020-03-27T23:00:00,826.0990812442427,0.14205908800261205,U67,20,measured_continuous_week_direct_isic
C28,化学纤维制造业,task_timed,120,2020-03-28T00:00:00,826.0990812442427,0.14205908800261205,U67,20,measured_continuous_week_direct_isic
C28,化学纤维制造业,task_timed,121,2020-03-28T01:00:00,917.8842912471712,0.15784281603376474,U67,20,measured_continuous_week_direct_isic
C28,化学纤维制造业,task_timed,122,2020-03-28T02:00:00,807.7420392436571,0.13890234239638152,U67,20,measured_continuous_week_direct_isic
C28,化学纤维制造业,task_timed,123,2020-03-28T03:00:00,1340.0962572606413,0.23044796497706702,U67,20,measured_continuous_week_direct_isic
C28,化学纤维制造业,task_timed,124,2020-03-28T04:00:00,2588.4073045183545,0.4451122019229814,U67,20,measured_continuous_week_direct_isic
C28,化学纤维制造业,task_timed,125,2020-03-28T05:00:00,3194.213833951097,0.5492889587202675,U67,20,measured_continuous_week_direct_isic
C28,化学纤维制造业,task_timed,126,2020-03-28T06:00:00,3744.9331417731396,0.6439927108377431,U67,20,measured_continuous_week_direct_isic
C28,化学纤维制造业,task_timed,127,2020-03-28T07:00:00,8132.378849175721,1.398474285754674,U67,20,measured_continuous_week_direct_isic
C28,化学纤维制造业,task_timed,128,2020-03-28T08:00:00,16686.97771216938,2.869555104383209,U67,20,measured_continuous_week_direct_isic
C28,化学纤维制造业,task_timed,129,2020-03-28T09:00:00,18981.672344678365,3.264159376606502,U67,20,measured_continuous_week_direct_isic
C28,化学纤维制造业,task_timed,130,2020-03-28T10:00:00,19972.976756123408,3.4346277911346292,U67,20,measured_continuous_week_direct_isic
C28,化学纤维制造业,task_timed,131,2020-03-28T11:00:00,20303.411559938424,3.491450595977339,U67,20,measured_continuous_week_direct_isic
C28,化学纤维制造业,task_timed,132,2020-03-28T12:00:00,8719.820288803407,1.4994929130151702,U67,20,measured_continuous_week_direct_isic
C28,化学纤维制造业,task_timed,133,2020-03-28T13:00:00,7434.795157544522,1.2785151848567946,U67,20,measured_continuous_week_direct_isic
C28,化学纤维制造业,task_timed,134,2020-03-28T14:00:00,11895.677080753918,2.045625126129207,U67,20,measured_continuous_week_direct_isic
C28,化学纤维制造业,task_timed,135,2020-03-28T15:00:00,12354.603130768559,2.12454376628497,U67,20,measured_continuous_week_direct_isic
C28,化学纤维制造业,task_timed,136,2020-03-28T16:00:00,11473.440971327032,1.9730158253942263,U67,20,measured_continuous_week_direct_isic
C28,化学纤维制造业,task_timed,137,2020-03-28T17:00:00,8848.311535003033,1.521588748328224,U67,20,measured_continuous_week_direct_isic
C28,化学纤维制造业,task_timed,138,2020-03-28T18:00:00,2313.0436267050973,0.3977596338989638,U67,20,measured_continuous_week_direct_isic
C28,化学纤维制造业,task_timed,139,2020-03-28T19:00:00,1028.0184954462131,0.17678190574058844,U67,20,measured_continuous_week_direct_isic
C28,化学纤维制造业,task_timed,140,2020-03-28T20:00:00,715.9487814362569,0.12311723043466936,U67,20,measured_continuous_week_direct_isic
C28,化学纤维制造业,task_timed,141,2020-03-28T21:00:00,697.5917394356711,0.11996048482843881,U67,20,measured_continuous_week_direct_isic
C28,化学纤维制造业,task_timed,142,2020-03-28T22:00:00,605.7984816282708,0.10417537286672662,U67,20,measured_continuous_week_direct_isic
C28,化学纤维制造业,task_timed,143,2020-03-28T23:00:00,771.0199074380139,0.13258746725336096,U67,20,measured_continuous_week_direct_isic
C28,化学纤维制造业,task_timed,144,2020-03-29T00:00:00,605.7984816282708,0.10417537286672662,U67,20,measured_continuous_week_direct_isic
C28,化学纤维制造业,task_timed,145,2020-03-29T01:00:00,569.0843976270995,0.09786188165426557,U67,20,measured_continuous_week_direct_isic
C28,化学纤维制造业,task_timed,146,2020-03-29T02:00:00,734.3058234368424,0.12627397604089988,U67,20,measured_continuous_week_direct_isic
C28,化学纤维制造业,task_timed,147,2020-03-29T03:00:00,881.1460638325839,0.15152517302962515,U67,20,measured_continuous_week_direct_isic
C28,化学纤维制造业,task_timed,148,2020-03-29T04:00:00,2790.342814329269,0.4798377875220768,U67,20,measured_continuous_week_direct_isic
C28,化学纤维制造业,task_timed,149,2020-03-29T05:00:00,2606.7643465189403,0.4482689475292119,U67,20,measured_continuous_week_direct_isic
C28,化学纤维制造业,task_timed,150,2020-03-29T06:00:00,3396.14129595754,0.5840131603888035,U67,20,measured_continuous_week_direct_isic
C28,化学纤维制造业,task_timed,151,2020-03-29T07:00:00,5635.756754660295,0.9691458118628452,U67,20,measured_continuous_week_direct_isic
C28,化学纤维制造业,task_timed,152,2020-03-29T08:00:00,14465.719295467214,2.487579198515398,U67,20,measured_continuous_week_direct_isic
C28,化学纤维制造业,task_timed,153,2020-03-29T09:00:00,21882.14936320668,3.762936253835403,U67,20,measured_continuous_week_direct_isic
C28,化学纤维制造业,task_timed,154,2020-03-29T10:00:00,23314.038878274718,4.009169330774181,U67,20,measured_continuous_week_direct_isic
C28,化学纤维制造业,task_timed,155,2020-03-29T11:00:00,18210.652437240355,3.1315719093531413,U67,20,measured_continuous_week_direct_isic
C28,化学纤维制造业,task_timed,156,2020-03-29T12:00:00,10206.772882068732,1.7551948428420812,U67,20,measured_continuous_week_direct_isic
C28,化学纤维制造业,task_timed,157,2020-03-29T13:00:00,10023.202462062876,1.723627386779776,U67,20,measured_continuous_week_direct_isic
C28,化学纤维制造业,task_timed,158,2020-03-29T14:00:00,12703.394976584157,2.1845233167339098,U67,20,measured_continuous_week_direct_isic
C28,化学纤维制造业,task_timed,159,2020-03-29T15:00:00,14098.570407651028,2.424442902460228,U67,20,measured_continuous_week_direct_isic
C28,化学纤维制造业,task_timed,160,2020-03-29T16:00:00,13217.416296013975,2.2729163455000436,U67,20,measured_continuous_week_direct_isic
C28,化学纤维制造业,task_timed,161,2020-03-29T17:00:00,9582.617358439877,1.6478627243691242,U67,20,measured_continuous_week_direct_isic
C28,化学纤维制造业,task_timed,162,2020-03-29T18:00:00,3084.063534143111,0.5303471011523248,U67,20,measured_continuous_week_direct_isic
C28,化学纤维制造业,task_timed,163,2020-03-29T19:00:00,2533.3361785165976,0.4356419651042898,U67,20,measured_continuous_week_direct_isic
C28,化学纤维制造业,task_timed,164,2020-03-29T20:00:00,2937.191102529482,0.5050903684413616,U67,20,measured_continuous_week_direct_isic
C28,化学纤维制造业,task_timed,165,2020-03-29T21:00:00,2092.751074893598,0.359877302693638,U67,20,measured_continuous_week_direct_isic
C28,化学纤维制造业,task_timed,166,2020-03-29T22:00:00,1615.4518872694264,0.27779914907052505,U67,20,measured_continuous_week_direct_isic
C28,化学纤维制造业,task_timed,167,2020-03-29T23:00:00,1688.8881030762411,0.2904275154260067,U67,20,measured_continuous_week_direct_isic
C29,橡胶和塑料制品业,task_timed,0,2017-12-11T00:00:00,15604.422620149364,0.7291132850158257,U93,22,measured_continuous_week_direct_isic
C29,橡胶和塑料制品业,task_timed,1,2017-12-11T01:00:00,16243.85202123035,0.7589904860188191,U93,22,measured_continuous_week_direct_isic
C29,橡胶和塑料制品业,task_timed,2,2017-12-11T02:00:00,15985.82921311997,0.7469344258998472,U93,22,measured_continuous_week_direct_isic
C29,橡胶和塑料制品业,task_timed,3,2017-12-11T03:00:00,15918.517550336172,0.7437893029583036,U93,22,measured_continuous_week_direct_isic
C29,橡胶和塑料制品业,task_timed,4,2017-12-11T04:00:00,15660.494742225794,0.7317332428393317,U93,22,measured_continuous_week_direct_isic
C29,橡胶和塑料制品业,task_timed,5,2017-12-11T05:00:00,16232.628178205534,0.7584660543716168,U93,22,measured_continuous_week_direct_isic
C29,橡胶和塑料制品业,task_timed,6,2017-12-11T06:00:00,16715.017963034392,0.7810056131387889,U93,22,measured_continuous_week_direct_isic
C29,橡胶和塑料制品业,task_timed,7,2017-12-11T07:00:00,16344.819515406049,0.7637081704311345,U93,22,measured_continuous_week_direct_isic
C29,橡胶和塑料制品业,task_timed,8,2017-12-11T08:00:00,21774.38104960585,1.0174032633392303,U93,22,measured_continuous_week_direct_isic
C29,橡胶和塑料制品业,task_timed,9,2017-12-11T09:00:00,25925.099479326236,1.2113446877121745,U93,22,measured_continuous_week_direct_isic
C29,橡胶和塑料制品业,task_timed,10,2017-12-11T10:00:00,26115.81062465281,1.2202556248896028,U93,22,measured_continuous_week_direct_isic
C29,橡胶和塑料制品业,task_timed,11,2017-12-11T11:00:00,25465.141682864454,1.1898532587685717,U93,22,measured_continuous_week_direct_isic
C29,橡胶和塑料制品业,task_timed,12,2017-12-11T12:00:00,18465.02700931785,0.8627744087939102,U93,22,measured_continuous_week_direct_isic
C29,橡胶和塑料制品业,task_timed,13,2017-12-11T13:00:00,18655.753852326983,0.8716860794421738,U93,22,measured_continuous_week_direct_isic
C29,橡胶和塑料制品业,task_timed,14,2017-12-11T14:00:00,24635.016834139446,1.1510658540589853,U93,22,measured_continuous_week_direct_isic
C29,橡胶和塑料制品业,task_timed,15,2017-12-11T15:00:00,23445.885985445802,1.0955039713472763,U93,22,measured_continuous_week_direct_isic
C29,橡胶和塑料制品业,task_timed,16,2017-12-11T16:00:00,24635.016834139446,1.1510658540589853,U93,22,measured_continuous_week_direct_isic
C29,橡胶和塑料制品业,task_timed,17,2017-12-11T17:00:00,22784.008898315176,1.064577907049878,U93,22,measured_continuous_week_direct_isic
C29,橡胶和塑料制品业,task_timed,18,2017-12-11T18:00:00,20114.099956790724,0.939826986978387,U93,22,measured_continuous_week_direct_isic
C29,橡胶和塑料制品业,task_timed,19,2017-12-11T19:00:00,21987.539880982065,1.0273630638110633,U93,22,measured_continuous_week_direct_isic
C29,橡胶和塑料制品业,task_timed,20,2017-12-11T20:00:00,21987.539880982065,1.0273630638110633,U93,22,measured_continuous_week_direct_isic
C29,橡胶和塑料制品业,task_timed,21,2017-12-11T21:00:00,21022.776009006902,0.9822846797475544,U93,22,measured_continuous_week_direct_isic
C29,橡胶和塑料制品业,task_timed,22,2017-12-11T22:00:00,17489.054992000423,0.8171723265540342,U93,22,measured_continuous_week_direct_isic
C29,橡胶和塑料制品业,task_timed,23,2017-12-11T23:00:00,16827.193602552354,0.7862469957274713,U93,22,measured_continuous_week_direct_isic
C29,橡胶和塑料制品业,task_timed,24,2017-12-12T00:00:00,20989.120177615005,0.9807121182767827,U93,22,measured_continuous_week_direct_isic
C29,橡胶和塑料制品业,task_timed,25,2017-12-12T01:00:00,18352.867067482443,0.857533759676063,U93,22,measured_continuous_week_direct_isic
C29,橡胶和塑料制品业,task_timed,26,2017-12-12T02:00:00,16423.355021214662,0.7673777250198802,U93,22,measured_continuous_week_direct_isic
C29,橡胶和塑料制品业,task_timed,27,2017-12-12T03:00:00,17040.336736246016,0.796206062728469,U93,22,measured_continuous_week_direct_isic
C29,橡胶和塑料制品业,task_timed,28,2017-12-12T04:00:00,17197.392050180697,0.8035444384351257,U93,22,measured_continuous_week_direct_isic
C29,橡胶和塑料制品业,task_timed,29,2017-12-12T05:00:00,16950.577387412584,0.7920120764925209,U93,22,measured_continuous_week_direct_isic
C29,橡胶和塑料制品业,task_timed,30,2017-12-12T06:00:00,17085.200712980182,0.798302322375608,U93,22,measured_continuous_week_direct_isic
C29,橡胶和塑料制品业,task_timed,31,2017-12-12T07:00:00,18386.507201191787,0.8591055876759995,U93,22,measured_continuous_week_direct_isic
C29,橡胶和塑料制品业,task_timed,32,2017-12-12T08:00:00,24085.315386526785,1.1253811723502696,U93,22,measured_continuous_week_direct_isic
C29,橡胶和塑料制品业,task_timed,33,2017-12-12T09:00:00,29043.742374287656,1.3570626050800663,U93,22,measured_continuous_week_direct_isic
C29,橡胶和塑料制品业,task_timed,34,2017-12-12T10:00:00,30187.977850882027,1.410526761202966,U93,22,measured_continuous_week_direct_isic
C29,橡胶和塑料制品业,task_timed,35,2017-12-12T11:00:00,29380.26929284154,1.3727867528461135,U93,22,measured_continuous_week_direct_isic
C29,橡胶和塑料制品业,task_timed,36,2017-12-12T12:00:00,23715.11693889844,1.1080837296426151,U93,22,measured_continuous_week_direct_isic
C29,橡胶和塑料制品业,task_timed,37,2017-12-12T13:00:00,23367.350479637185,1.0918344167585303,U93,22,measured_continuous_week_direct_isic
C29,橡胶和塑料制品业,task_timed,38,2017-12-12T14:00:00,30255.289513665826,1.4136718841445095,U93,22,measured_continuous_week_direct_isic
C29,橡胶和塑料制品业,task_timed,39,2017-12-12T15:00:00,33071.02992610015,1.545236748275455,U93,22,measured_continuous_week_direct_isic
C29,橡胶和塑料制品业,task_timed,40,2017-12-12T16:00:00,28886.67136267042,1.3497234959025743,U93,22,measured_continuous_week_direct_isic
C29,橡胶和塑料制品业,task_timed,41,2017-12-12T17:00:00,27742.435886076048,1.2962593397796747,U93,22,measured_continuous_week_direct_isic
C29,橡胶和塑料制品业,task_timed,42,2017-12-12T18:00:00,25094.94323523612,1.1725558160609175,U93,22,measured_continuous_week_direct_isic
C29,橡胶和塑料制品业,task_timed,43,2017-12-12T19:00:00,27933.14703140263,1.3051702769571032,U93,22,measured_continuous_week_direct_isic
C29,橡胶和塑料制品业,task_timed,44,2017-12-12T20:00:00,25274.446235220432,1.1809430550619788,U93,22,measured_continuous_week_direct_isic
C29,橡胶和塑料制品业,task_timed,45,2017-12-12T21:00:00,22974.720043641755,1.0734888442273063,U93,22,measured_continuous_week_direct_isic
C29,橡胶和塑料制品业,task_timed,46,2017-12-12T22:00:00,17590.022486176123,0.8218900109663496,U93,22,measured_continuous_week_direct_isic
C29,橡胶和塑料制品业,task_timed,47,2017-12-12T23:00:00,17769.509788477884,0.8302765164965755,U93,22,measured_continuous_week_direct_isic
C29,橡胶和塑料制品业,task_timed,48,2017-12-13T00:00:00,17444.191015266257,0.8150760669068953,U93,22,measured_continuous_week_direct_isic
C29,橡胶和塑料制品业,task_timed,49,2017-12-13T01:00:00,17702.198125694085,0.827131393555032,U93,22,measured_continuous_week_direct_isic
C29,橡胶和塑料制品业,task_timed,50,2017-12-13T02:00:00,17668.542294302184,0.8255588320842602,U93,22,measured_continuous_week_direct_isic
C29,橡胶和塑料制品业,task_timed,51,2017-12-13T03:00:00,17578.798643151305,0.8213655793191472,U93,22,measured_continuous_week_direct_isic
C29,橡胶和塑料制品业,task_timed,52,2017-12-13T04:00:00,17578.814340833855,0.8213663127899824,U93,22,measured_continuous_week_direct_isic
C29,橡胶和塑料制品业,task_timed,53,2017-12-13T05:00:00,17668.542294302184,0.8255588320842602,U93,22,measured_continuous_week_direct_isic
C29,橡胶和塑料制品业,task_timed,54,2017-12-13T06:00:00,17915.3569570703,0.837091194026865,U93,22,measured_continuous_week_direct_isic
C29,橡胶和塑料制品业,task_timed,55,2017-12-13T07:00:00,19799.98932892136,0.9251502355650737,U93,22,measured_continuous_week_direct_isic
C29,橡胶和塑料制品业,task_timed,56,2017-12-13T08:00:00,24152.611351628035,1.128525561820978,U93,22,measured_continuous_week_direct_isic
C29,橡胶和塑料制品业,task_timed,57,2017-12-13T09:00:00,28426.744961573746,1.3282335339006421,U93,22,measured_continuous_week_direct_isic
C29,橡胶和塑料制品业,task_timed,58,2017-12-13T10:00:00,28202.36228717272,1.3177493017816069,U93,22,measured_continuous_week_direct_isic
C29,橡胶和塑料制品业,task_timed,59,2017-12-13T11:00:00,28101.410490679573,1.3130323508401267,U93,22,measured_continuous_week_direct_isic
C29,橡胶和塑料制品业,task_timed,60,2017-12-13T12:00:00,22716.697235531377,1.0614327841083344,U93,22,measured_continuous_week_direct_isic
C29,橡胶和塑料制品业,task_timed,61,2017-12-13T13:00:00,22514.793642545093,1.0519988822253745,U93,22,measured_continuous_week_direct_isic
C29,橡胶和塑料制品业,task_timed,62,2017-12-13T14:00:00,27461.981089598587,1.2831551498371334,U93,22,measured_continuous_week_direct_isic
C29,橡胶和塑料制品业,task_timed,63,2017-12-13T15:00:00,30401.136682258242,1.420486561674799,U93,22,measured_continuous_week_direct_isic
C29,橡胶和塑料制品业,task_timed,64,2017-12-13T16:00:00,28393.089130181852,1.3266609724298706,U93,22,measured_continuous_week_direct_isic
C29,橡胶和塑料制品业,task_timed,65,2017-12-13T17:00:00,29032.502833580285,1.3565374399620287,U93,22,measured_continuous_week_direct_isic
C29,橡胶和塑料制品业,task_timed,66,2017-12-13T18:00:00,24893.039642249823,1.1631219141779572,U93,22,measured_continuous_week_direct_isic
C29,橡胶和塑料制品业,task_timed,67,2017-12-13T19:00:00,18049.948887272792,0.8433799729682817,U93,22,measured_continuous_week_direct_isic
C29,橡胶和塑料制品业,task_timed,68,2017-12-13T20:00:00,17242.25602691486,0.8056406980822646,U93,22,measured_continuous_week_direct_isic
C29,橡胶和塑料制品业,task_timed,69,2017-12-13T21:00:00,18207.03559657258,0.8507198156166088,U93,22,measured_continuous_week_direct_isic
C29,橡胶和塑料制品业,task_timed,70,2017-12-13T22:00:00,19037.160445297588,0.8895072203261951,U93,22,measured_continuous_week_direct_isic
C29,橡胶和塑料制品业,task_timed,71,2017-12-13T23:00:00,19856.07714868034,0.9277709268594146,U93,22,measured_continuous_week_direct_isic
C29,橡胶和塑料制品业,task_timed,72,2017-12-14T00:00:00,16860.84943394425,0.787819557198243,U93,22,measured_continuous_week_direct_isic
C29,橡胶和塑料制品业,task_timed,73,2017-12-14T01:00:00,16771.09008511082,0.7836255709622948,U93,22,measured_continuous_week_direct_isic
C29,橡胶和塑料制品业,task_timed,74,2017-12-14T02:00:00,16311.147986331596,0.7621348754895274,U93,22,measured_continuous_week_direct_isic
C29,橡胶和塑料制品业,task_timed,75,2017-12-14T03:00:00,16288.731695647066,0.7610874791367932,U93,22,measured_continuous_week_direct_isic
C29,橡胶和塑料制品业,task_timed,76,2017-12-14T04:00:00,16176.524660763998,0.7558446296064403,U93,22,measured_continuous_week_direct_isic
C29,橡胶和塑料制品业,task_timed,77,2017-12-14T05:00:00,16120.436841005017,0.7532239383120991,U93,22,measured_continuous_week_direct_isic
C29,橡胶和塑料制品业,task_timed,78,2017-12-14T06:00:00,16277.492154939699,0.7605623140187557,U93,22,measured_continuous_week_direct_isic
C29,橡胶和塑料制品业,task_timed,79,2017-12-14T07:00:00,18666.961997669252,0.872209777618541,U93,22,measured_continuous_week_direct_isic
C29,橡胶和塑料制品业,task_timed,80,2017-12-14T08:00:00,24175.07473536022,1.129575158586218,U93,22,measured_continuous_week_direct_isic
C29,橡胶和塑料制品业,task_timed,81,2017-12-14T09:00:00,25790.47615375864,1.2050544418290874,U93,22,measured_continuous_week_direct_isic
C29,橡胶和塑料制品业,task_timed,82,2017-12-14T10:00:00,30187.993548564584,1.4105274946738013,U93,22,measured_continuous_week_direct_isic
C29,橡胶和塑料制品业,task_timed,83,2017-12-14T11:00:00,30603.05597292709,1.4299211970285945,U93,22,measured_continuous_week_direct_isic
C29,橡胶和塑料制品业,task_timed,84,2017-12-14T12:00:00,23266.39868314404,1.0871174658170504,U93,22,measured_continuous_week_direct_isic
C29,橡胶和塑料制品业,task_timed,85,2017-12-14T13:00:00,22739.160619263566,1.0624823808735744,U93,22,measured_continuous_week_direct_isic
C29,橡胶和塑料制品业,task_timed,86,2017-12-14T14:00:00,28011.666839528687,1.3088390980750135,U93,22,measured_continuous_week_direct_isic
C29,橡胶和塑料制品业,task_timed,87,2017-12-14T15:00:00,29526.116461433958,1.379601430376403,U93,22,measured_continuous_week_direct_isic
C29,橡胶和塑料制品业,task_timed,88,2017-12-14T16:00:00,28505.264769699814,1.331902355018553,U93,22,measured_continuous_week_direct_isic
C29,橡胶和塑料制品业,task_timed,89,2017-12-14T17:00:00,28325.761769715504,1.3235151160174918,U93,22,measured_continuous_week_direct_isic
C29,橡胶和塑料制品业,task_timed,90,2017-12-14T18:00:00,24455.52953183768,1.1426793485287592,U93,22,measured_continuous_week_direct_isic
C29,橡胶和塑料制品业,task_timed,91,2017-12-14T19:00:00,25038.85541547713,1.1699351247665761,U93,22,measured_continuous_week_direct_isic
C29,橡胶和塑料制品业,task_timed,92,2017-12-14T20:00:00,22256.786532117265,1.0399435555772378,U93,22,measured_continuous_week_direct_isic
C29,橡胶和塑料制品业,task_timed,93,2017-12-14T21:00:00,20293.57156140993,0.9482127590377776,U93,22,measured_continuous_week_direct_isic
C29,橡胶和塑料制品业,task_timed,94,2017-12-14T22:00:00,16670.138288617673,0.7789086200208146,U93,22,measured_continuous_week_direct_isic
C29,橡胶和塑料制品业,task_timed,95,2017-12-14T23:00:00,16647.70630025059,0.7778604901972451,U93,22,measured_continuous_week_direct_isic
C29,橡胶和塑料制品业,task_timed,96,2017-12-15T00:00:00,16591.60278280906,0.7752390654320689,U93,22,measured_continuous_week_direct_isic
C29,橡胶和塑料制品业,task_timed,97,2017-12-15T01:00:00,16243.836323547797,0.7589897525479838,U93,22,measured_continuous_week_direct_isic
C29,橡胶和塑料制品业,task_timed,98,2017-12-15T02:00:00,15021.081038827357,0.7018567753071734,U93,22,measured_continuous_week_direct_isic
C29,橡胶和塑料制品业,task_timed,99,2017-12-15T03:00:00,15997.053056144789,0.7474588575470495,U93,22,measured_continuous_week_direct_isic
C29,橡胶和塑料制品业,task_timed,100,2017-12-15T04:00:00,15873.637875919456,0.7416923098403295,U93,22,measured_continuous_week_direct_isic
C29,橡胶和塑料制品业,task_timed,101,2017-12-15T05:00:00,16322.371829356414,0.7626593071367298,U93,22,measured_continuous_week_direct_isic
C29,橡胶和塑料制品业,task_timed,102,2017-12-15T06:00:00,16344.803817723496,0.7637074369602992,U93,22,measured_continuous_week_direct_isic
C29,橡胶和塑料制品业,task_timed,103,2017-12-15T07:00:00,18150.932079131046,0.8480983908514323,U93,22,measured_continuous_week_direct_isic
C29,橡胶和塑料制品业,task_timed,104,2017-12-15T08:00:00,25106.151380578383,1.1730795142372847,U93,22,measured_continuous_week_direct_isic
C29,橡胶和塑料制品业,task_timed,105,2017-12-15T09:00:00,28280.913490663886,1.321419589841188,U93,22,measured_continuous_week_direct_isic
C29,橡胶和塑料制品业,task_timed,106,2017-12-15T10:00:00,27832.179537226926,1.3004525925447876,U93,22,measured_continuous_week_direct_isic
C29,橡胶和塑料制品业,task_timed,107,2017-12-15T11:00:00,27798.523705835032,1.298880031074016,U93,22,measured_continuous_week_direct_isic
C29,橡胶和塑料制品业,task_timed,108,2017-12-15T12:00:00,22413.82614836939,1.047281197813059,U93,22,measured_continuous_week_direct_isic
C29,橡胶和塑料制品业,task_timed,109,2017-12-15T13:00:00,22234.338846067625,1.0388946922828328,U93,22,measured_continuous_week_direct_isic
C29,橡胶和塑料制品业,task_timed,110,2017-12-15T14:00:00,27708.7957523667,1.294687511779738,U93,22,measured_continuous_week_direct_isic
C29,橡胶和塑料制品业,task_timed,111,2017-12-15T15:00:00,28258.46580461425,1.3203707265467832,U93,22,measured_continuous_week_direct_isic
C29,橡胶和塑料制品业,task_timed,112,2017-12-15T16:00:00,27933.14703140263,1.3051702769571032,U93,22,measured_continuous_week_direct_isic
C29,橡胶和塑料制品业,task_timed,113,2017-12-15T17:00:00,26149.466456044716,1.2218281863603748,U93,22,measured_continuous_week_direct_isic
C29,橡胶和塑料制品业,task_timed,114,2017-12-15T18:00:00,23322.486502903022,1.0897381571113915,U93,22,measured_continuous_week_direct_isic
C29,橡胶和塑料制品业,task_timed,115,2017-12-15T19:00:00,21336.88663687626,0.9969614311608676,U93,22,measured_continuous_week_direct_isic
C29,橡胶和塑料制品业,task_timed,116,2017-12-15T20:00:00,17174.960061813614,0.8024963086115562,U93,22,measured_continuous_week_direct_isic
C29,橡胶和塑料制品业,task_timed,117,2017-12-15T21:00:00,16961.81692811995,0.7925372416105584,U93,22,measured_continuous_week_direct_isic
C29,橡胶和塑料制品业,task_timed,118,2017-12-15T22:00:00,16748.658096743737,0.7825774411387253,U93,22,measured_continuous_week_direct_isic
C29,橡胶和塑料制品业,task_timed,119,2017-12-15T23:00:00,16759.88193976856,0.7831018727859279,U93,22,measured_continuous_week_direct_isic
C29,橡胶和塑料制品业,task_timed,120,2017-12-16T00:00:00,16658.914445592858,0.7783841883736125,U93,22,measured_continuous_week_direct_isic
C29,橡胶和塑料制品业,task_timed,121,2017-12-16T01:00:00,16154.10837007947,0.7547972332537062,U93,22,measured_continuous_week_direct_isic
C29,橡胶和塑料制品业,task_timed,122,2017-12-16T02:00:00,16378.459649115395,0.765279998431071,U93,22,measured_continuous_week_direct_isic
C29,橡胶和塑料制品业,task_timed,123,2017-12-16T03:00:00,16086.812404978224,0.7516528437829979,U93,22,measured_continuous_week_direct_isic
C29,橡胶和塑料制品业,task_timed,124,2017-12-16T04:00:00,16501.874829340726,0.7710465461377909,U93,22,measured_continuous_week_direct_isic
C29,橡胶和塑料制品业,task_timed,125,2017-12-16T05:00:00,16782.31392813564,0.7841500026094974,U93,22,measured_continuous_week_direct_isic
C29,橡胶和塑料制品业,task_timed,126,2017-12-16T06:00:00,16535.53066073263,0.772619107608563,U93,22,measured_continuous_week_direct_isic
C29,橡胶和塑料制品业,task_timed,127,2017-12-16T07:00:00,18633.321863959904,0.8706379496186045,U93,22,measured_continuous_week_direct_isic
C29,橡胶和塑料制品业,task_timed,128,2017-12-16T08:00:00,24635.016834139446,1.1510658540589853,U93,22,measured_continuous_week_direct_isic
C29,橡胶和塑料制品业,task_timed,129,2017-12-16T09:00:00,27461.981089598587,1.2831551498371334,U93,22,measured_continuous_week_direct_isic
C29,橡胶和塑料制品业,task_timed,130,2017-12-16T10:00:00,28213.58613019753,1.318273733428809,U93,22,measured_continuous_week_direct_isic
C29,橡胶和塑料制品业,task_timed,131,2017-12-16T11:00:00,26205.554275803694,1.2244488776547158,U93,22,measured_continuous_week_direct_isic
C29,橡胶和塑料制品业,task_timed,132,2017-12-16T12:00:00,22032.403857716232,1.0294593234582023,U93,22,measured_continuous_week_direct_isic
C29,橡胶和塑料制品业,task_timed,133,2017-12-16T13:00:00,21437.85413105196,1.001679115573183,U93,22,measured_continuous_week_direct_isic
C29,橡胶和塑料制品业,task_timed,134,2017-12-16T14:00:00,26609.408554823935,1.243318881833142,U93,22,measured_continuous_week_direct_isic
C29,橡胶和塑料制品业,task_timed,135,2017-12-16T15:00:00,28617.440409217776,1.3371437376072353,U93,22,measured_continuous_week_direct_isic
C29,橡胶和塑料制品业,task_timed,136,2017-12-16T16:00:00,27641.468391900347,1.2915416553673593,U93,22,measured_continuous_week_direct_isic
C29,橡胶和塑料制品业,task_timed,137,2017-12-16T17:00:00,26777.67201410088,1.2511809557161657,U93,22,measured_continuous_week_direct_isic
C29,橡胶和塑料制品业,task_timed,138,2017-12-16T18:00:00,21370.52677058561,0.9985332591608042,U93,22,measured_continuous_week_direct_isic
C29,橡胶和塑料制品业,task_timed,139,2017-12-16T19:00:00,18038.75643961308,0.8428570082627499,U93,22,measured_continuous_week_direct_isic
C29,橡胶和塑料制品业,task_timed,140,2017-12-16T20:00:00,15884.893114309376,0.7422182084292023,U93,22,measured_continuous_week_direct_isic
C29,橡胶和塑料制品业,task_timed,141,2017-12-16T21:00:00,13585.151225048154,0.6347632641236948,U93,22,measured_continuous_week_direct_isic
C29,橡胶和塑料制品业,task_timed,142,2017-12-16T22:00:00,16602.826625833874,0.7757634970792711,U93,22,measured_continuous_week_direct_isic
C29,橡胶和塑料制品业,task_timed,143,2017-12-16T23:00:00,16905.713410678418,0.7899158168453819,U93,22,measured_continuous_week_direct_isic
C29,橡胶和塑料制品业,task_timed,144,2017-12-17T00:00:00,16490.65098631591,0.7705221144905887,U93,22,measured_continuous_week_direct_isic
C29,橡胶和塑料制品业,task_timed,145,2017-12-17T01:00:00,16580.37893978424,0.7747146337848665,U93,22,measured_continuous_week_direct_isic
C29,橡胶和塑料制品业,task_timed,146,2017-12-17T02:00:00,16019.48504451187,0.7485069873706189,U93,22,measured_continuous_week_direct_isic
C29,橡胶和塑料制品业,task_timed,147,2017-12-17T03:00:00,16703.77842232702,0.7804804480207512,U93,22,measured_continuous_week_direct_isic
C29,橡胶和塑料制品业,task_timed,148,2017-12-17T04:00:00,16445.771311899196,0.7684251213726147,U93,22,measured_continuous_week_direct_isic
C29,橡胶和塑料制品业,task_timed,149,2017-12-17T05:00:00,16524.30681770781,0.7720946759613604,U93,22,measured_continuous_week_direct_isic
C29,橡胶和塑料制品业,task_timed,150,2017-12-17T06:00:00,16277.50785262225,0.7605630474895909,U93,22,measured_continuous_week_direct_isic
C29,橡胶和塑料制品业,task_timed,151,2017-12-17T07:00:00,16984.24891648704,0.7935853714341281,U93,22,measured_continuous_week_direct_isic
C29,橡胶和塑料制品业,task_timed,152,2017-12-17T08:00:00,22582.089607646336,1.0551432716960827,U93,22,measured_continuous_week_direct_isic
C29,橡胶和塑料制品业,task_timed,153,2017-12-17T09:00:00,27619.036403533268,1.29049352554379,U93,22,measured_continuous_week_direct_isic
C29,橡胶和塑料制品业,task_timed,154,2017-12-17T10:00:00,27136.66231638696,1.267954700247453,U93,22,measured_continuous_week_direct_isic
C29,橡胶和塑料制品业,task_timed,155,2017-12-17T11:00:00,26609.392857141385,1.2433181483623068,U93,22,measured_continuous_week_direct_isic
C29,橡胶和塑料制品业,task_timed,156,2017-12-17T12:00:00,20013.13246261502,0.9351093025660713,U93,22,measured_continuous_week_direct_isic
C29,橡胶和塑料制品业,task_timed,157,2017-12-17T13:00:00,18150.932079131046,0.8480983908514323,U93,22,measured_continuous_week_direct_isic
C29,橡胶和塑料制品业,task_timed,158,2017-12-17T14:00:00,23602.94129938048,1.1028423470539328,U93,22,measured_continuous_week_direct_isic
C29,橡胶和塑料制品业,task_timed,159,2017-12-17T15:00:00,24635.001136456893,1.1510651205881501,U93,22,measured_continuous_week_direct_isic
C29,橡胶和塑料制品业,task_timed,160,2017-12-17T16:00:00,24668.656967848794,1.152637682058922,U93,22,measured_continuous_week_direct_isic
C29,橡胶和塑料制品业,task_timed,161,2017-12-17T17:00:00,23659.01342145691,1.1054623048774388,U93,22,measured_continuous_week_direct_isic
C29,橡胶和塑料制品业,task_timed,162,2017-12-17T18:00:00,18981.07262553861,0.8868865290318542,U93,22,measured_continuous_week_direct_isic
C29,橡胶和塑料制品业,task_timed,163,2017-12-17T19:00:00,20865.72069507222,0.9749463040408978,U93,22,measured_continuous_week_direct_isic
C29,橡胶和塑料制品业,task_timed,164,2017-12-17T20:00:00,20820.856718338062,0.9728500443937592,U93,22,measured_continuous_week_direct_isic
C29,橡胶和塑料制品业,task_timed,165,2017-12-17T21:00:00,21191.055165966398,0.9901474871014133,U93,22,measured_continuous_week_direct_isic
C29,橡胶和塑料制品业,task_timed,166,2017-12-17T22:00:00,21134.951648524868,0.987526062336237,U93,22,measured_continuous_week_direct_isic
C29,橡胶和塑料制品业,task_timed,167,2017-12-17T23:00:00,20663.801404403377,0.9655116686871024,U93,22,measured_continuous_week_direct_isic
C30,非金属矿物制品业,task_timed,0,2019-05-13T00:00:00,42030.58682338212,0.8745678569822299,U100,23,measured_continuous_week_direct_isic
C30,非金属矿物制品业,task_timed,1,2019-05-13T01:00:00,40867.68489187042,0.8503703206880925,U100,23,measured_continuous_week_direct_isic
C30,非金属矿物制品业,task_timed,2,2019-05-13T02:00:00,40369.298349793986,0.8399999479906053,U100,23,measured_continuous_week_direct_isic
C30,非金属矿物制品业,task_timed,3,2019-05-13T03:00:00,41033.813739229234,0.853827111587255,U100,23,measured_continuous_week_direct_isic
C30,非金属矿物制品业,task_timed,4,2019-05-13T04:00:00,45353.16377055836,0.9437036749654789,U100,23,measured_continuous_week_direct_isic
C30,非金属矿物制品业,task_timed,5,2019-05-13T05:00:00,48177.35417565818,1.0024691202512408,U100,23,measured_continuous_week_direct_isic
C30,非金属矿物制品业,task_timed,6,2019-05-13T06:00:00,45020.906075840736,0.9367900931671539,U100,23,measured_continuous_week_direct_isic
C30,非金属矿物制品业,task_timed,7,2019-05-13T07:00:00,43359.61760225261,0.9022221841755295,U100,23,measured_continuous_week_direct_isic
C30,非金属矿物制品业,task_timed,8,2019-05-13T08:00:00,44190.261839046674,0.9195061386713417,U100,23,measured_continuous_week_direct_isic
C30,非金属矿物制品业,task_timed,9,2019-05-13T09:00:00,41698.32912866448,0.8676542751839048,U100,23,measured_continuous_week_direct_isic
C30,非金属矿物制品业,task_timed,10,2019-05-13T10:00:00,41532.20028130567,0.8641974842847423,U100,23,measured_continuous_week_direct_isic
C30,非金属矿物制品业,task_timed,11,2019-05-13T11:00:00,42528.97336545855,0.8849382296797171,U100,23,measured_continuous_week_direct_isic
C30,非金属矿物制品业,task_timed,12,2019-05-13T12:00:00,44854.77722848193,0.9333333022679916,U100,23,measured_continuous_week_direct_isic
C30,非金属矿物制品业,task_timed,13,2019-05-13T13:00:00,43193.488754893806,0.8987653932763671,U100,23,measured_continuous_week_direct_isic
C30,非金属矿物制品业,task_timed,14,2019-05-13T14:00:00,39870.91180771755,0.829629575293118,U100,23,measured_continuous_week_direct_isic
C30,非金属矿物制品业,task_timed,15,2019-05-13T15:00:00,38708.014210604924,0.8054321291886827,U100,23,measured_continuous_week_direct_isic
C30,非金属矿物制品业,task_timed,16,2019-05-13T16:00:00,41199.94258658805,0.8572839024864175,U100,23,measured_continuous_week_direct_isic
C30,非金属矿物制品业,task_timed,17,2019-05-13T17:00:00,50004.77149660513,1.040493820142028,U100,23,measured_continuous_week_direct_isic
C30,非金属矿物制品业,task_timed,18,2019-05-13T18:00:00,48343.483023017,1.0059259111504033,U100,23,measured_continuous_week_direct_isic
C30,非金属矿物制品业,task_timed,19,2019-05-13T19:00:00,38874.14305796373,0.8088889200878451,U100,23,measured_continuous_week_direct_isic
C30,非金属矿物制品业,task_timed,20,2019-05-13T20:00:00,29404.8002033111,0.611851868898819,U100,23,measured_continuous_week_direct_isic
C30,非金属矿物制品业,task_timed,21,2019-05-13T21:00:00,27909.640577081784,0.5807407508063569,U100,23,measured_continuous_week_direct_isic
C30,非金属矿物制品业,task_timed,22,2019-05-13T22:00:00,37046.724292217106,0.770864190133824,U100,23,measured_continuous_week_direct_isic
C30,非金属矿物制品业,task_timed,23,2019-05-13T23:00:00,39372.526710440805,0.8192592326588647,U100,23,measured_continuous_week_direct_isic
C30,非金属矿物制品业,task_timed,24,2019-05-14T00:00:00,38874.14161316405,0.8088888900246112,U100,23,measured_continuous_week_direct_isic
C30,非金属矿物制品业,task_timed,25,2019-05-14T01:00:00,39040.27046052286,0.8123456809237736,U100,23,measured_continuous_week_direct_isic
C30,非金属矿物制品业,task_timed,26,2019-05-14T02:00:00,41199.94258658805,0.8572839024864175,U100,23,measured_continuous_week_direct_isic
C30,非金属矿物制品业,task_timed,27,2019-05-14T03:00:00,41532.20028130567,0.8641974842847423,U100,23,measured_continuous_week_direct_isic
C30,非金属矿物制品业,task_timed,28,2019-05-14T04:00:00,43027.359907534985,0.8953086023772044,U100,23,measured_continuous_week_direct_isic
C30,非金属矿物制品业,task_timed,29,2019-05-14T05:00:00,43691.87529697024,0.9091357659738544,U100,23,measured_continuous_week_direct_isic
C30,非金属矿物制品业,task_timed,30,2019-05-14T06:00:00,45353.16377055837,0.943703674965479,U100,23,measured_continuous_week_direct_isic
C30,非金属矿物制品业,task_timed,31,2019-05-14T07:00:00,46349.936854711246,0.9644444203604537,U100,23,measured_continuous_week_direct_isic
C30,非金属矿物制品业,task_timed,32,2019-05-14T08:00:00,48011.22532829937,0.9990123293520783,U100,23,measured_continuous_week_direct_isic
C30,非金属矿物制品业,task_timed,33,2019-05-14T09:00:00,47678.96763358174,0.9920987475537534,U100,23,measured_continuous_week_direct_isic
C30,非金属矿物制品业,task_timed,34,2019-05-14T10:00:00,47512.838786222936,0.988641956654591,U100,23,measured_continuous_week_direct_isic
C30,非金属矿物制品业,task_timed,35,2019-05-14T11:00:00,46682.194549428874,0.9713580021587788,U100,23,measured_continuous_week_direct_isic
C30,非金属矿物制品业,task_timed,36,2019-05-14T12:00:00,46682.19454942887,0.9713580021587785,U100,23,measured_continuous_week_direct_isic
C30,非金属矿物制品业,task_timed,37,2019-05-14T13:00:00,48011.22532829937,0.9990123293520783,U100,23,measured_continuous_week_direct_isic
C30,非金属矿物制品业,task_timed,38,2019-05-14T14:00:00,43691.87529697024,0.9091357659738544,U100,23,measured_continuous_week_direct_isic
C30,非金属矿物制品业,task_timed,39,2019-05-14T15:00:00,44190.261839046674,0.9195061386713417,U100,23,measured_continuous_week_direct_isic
C30,非金属矿物制品业,task_timed,40,2019-05-14T16:00:00,44356.390686405495,0.9229629295705043,U100,23,measured_continuous_week_direct_isic
C30,非金属矿物制品业,task_timed,41,2019-05-14T17:00:00,42362.84451809974,0.8814814387805547,U100,23,measured_continuous_week_direct_isic
C30,非金属矿物制品业,task_timed,42,2019-05-14T18:00:00,40535.4271971528,0.8434567388897677,U100,23,measured_continuous_week_direct_isic
C30,非金属矿物制品业,task_timed,43,2019-05-14T19:00:00,31066.08867689923,0.6464197778904437,U100,23,measured_continuous_week_direct_isic
C30,非金属矿物制品业,task_timed,44,2019-05-14T20:00:00,28740.28481387585,0.5980247053021692,U100,23,measured_continuous_week_direct_isic
C30,非金属矿物制品业,task_timed,45,2019-05-14T21:00:00,28574.15596651704,0.5945679144030068,U100,23,measured_continuous_week_direct_isic
C30,非金属矿物制品业,task_timed,46,2019-05-14T22:00:00,39870.91325251724,0.829629605356352,U100,23,measured_continuous_week_direct_isic
C30,非金属矿物制品业,task_timed,47,2019-05-14T23:00:00,39704.78584995811,0.8261728445204235,U100,23,measured_continuous_week_direct_isic
C30,非金属矿物制品业,task_timed,48,2019-05-15T00:00:00,38375.757960686984,0.7985185774535918,U100,23,measured_continuous_week_direct_isic
C30,非金属矿物制品业,task_timed,49,2019-05-15T01:00:00,39538.65700259929,0.8227160536212608,U100,23,measured_continuous_week_direct_isic
C30,非金属矿物制品业,task_timed,50,2019-05-15T02:00:00,36382.21179238123,0.7570370866636422,U100,23,measured_continuous_week_direct_isic
C30,非金属矿物制品业,task_timed,51,2019-05-15T03:00:00,37711.242571251736,0.784691413856942,U100,23,measured_continuous_week_direct_isic
C30,非金属矿物制品业,task_timed,52,2019-05-15T04:00:00,40701.55604451161,0.8469135297889302,U100,23,measured_continuous_week_direct_isic
C30,非金属矿物制品业,task_timed,53,2019-05-15T05:00:00,40701.55604451162,0.8469135297889303,U100,23,measured_continuous_week_direct_isic
C30,非金属矿物制品业,task_timed,54,2019-05-15T06:00:00,40369.298349793986,0.8399999479906053,U100,23,measured_continuous_week_direct_isic
C30,非金属矿物制品业,task_timed,55,2019-05-15T07:00:00,41199.94258658805,0.8572839024864175,U100,23,measured_continuous_week_direct_isic
C30,非金属矿物制品业,task_timed,56,2019-05-15T08:00:00,41532.20172610536,0.8641975143479764,U100,23,measured_continuous_week_direct_isic
C30,非金属矿物制品业,task_timed,57,2019-05-15T09:00:00,40203.16950243517,0.8365431570914428,U100,23,measured_continuous_week_direct_isic
C30,非金属矿物制品业,task_timed,58,2019-05-15T10:00:00,39040.26901572318,0.8123456508605397,U100,23,measured_continuous_week_direct_isic
C30,非金属矿物制品业,task_timed,59,2019-05-15T11:00:00,39372.526710440805,0.8192592326588647,U100,23,measured_continuous_week_direct_isic
C30,非金属矿物制品业,task_timed,60,2019-05-15T12:00:00,47346.70993886412,0.9851851657554285,U100,23,measured_continuous_week_direct_isic
C30,非金属矿物制品业,task_timed,61,2019-05-15T13:00:00,49007.99841245225,1.0197530747470531,U100,23,measured_continuous_week_direct_isic
C30,非金属矿物制品业,task_timed,62,2019-05-15T14:00:00,47512.838786222936,0.988641956654591,U100,23,measured_continuous_week_direct_isic
C30,非金属矿物制品业,task_timed,63,2019-05-15T15:00:00,45851.55031263481,0.9540740476629664,U100,23,measured_continuous_week_direct_isic
C30,非金属矿物制品业,task_timed,64,2019-05-15T16:00:00,46516.06570207005,0.9679012112596161,U100,23,measured_continuous_week_direct_isic
C30,非金属矿物制品业,task_timed,65,2019-05-15T17:00:00,45519.292617917185,0.9471604658646415,U100,23,measured_continuous_week_direct_isic
C30,非金属矿物制品业,task_timed,66,2019-05-15T18:00:00,47180.58109150531,0.9817283748562661,U100,23,measured_continuous_week_direct_isic
C30,非金属矿物制品业,task_timed,67,2019-05-15T19:00:00,35717.69495814629,0.7432098930037584,U100,23,measured_continuous_week_direct_isic
C30,非金属矿物制品业,task_timed,68,2019-05-15T20:00:00,32228.990608410913,0.6706173141845808,U100,23,measured_continuous_week_direct_isic
C30,非金属矿物制品业,task_timed,69,2019-05-15T21:00:00,32893.505997846165,0.6844444777812306,U100,23,measured_continuous_week_direct_isic
C30,非金属矿物制品业,task_timed,70,2019-05-15T22:00:00,49174.128704610746,1.0232098957094495,U100,23,measured_continuous_week_direct_isic
C30,非金属矿物制品业,task_timed,71,2019-05-15T23:00:00,57646.69847511051,1.199506201503501,U100,23,measured_continuous_week_direct_isic
C30,非金属矿物制品业,task_timed,72,2019-05-16T00:00:00,55653.15230680476,1.1580247107135515,U100,23,measured_continuous_week_direct_isic
C30,非金属矿物制品业,task_timed,73,2019-05-16T01:00:00,59474.11579605746,1.2375309013942881,U100,23,measured_continuous_week_direct_isic
C30,非金属矿物制品业,task_timed,74,2019-05-16T02:00:00,59307.986948698635,1.2340741104951254,U100,23,measured_continuous_week_direct_isic
C30,非金属矿物制品业,task_timed,75,2019-05-16T03:00:00,59640.24464341626,1.2409876922934504,U100,23,measured_continuous_week_direct_isic
C30,非金属矿物制品业,task_timed,76,2019-05-16T04:00:00,60969.275422286766,1.26864201948675,U100,23,measured_continuous_week_direct_isic
C30,非金属矿物制品业,task_timed,77,2019-05-16T05:00:00,60470.88888021033,1.2582716467892627,U100,23,measured_continuous_week_direct_isic
C30,非金属矿物制品业,task_timed,78,2019-05-16T06:00:00,61799.91965908084,1.2859259739825626,U100,23,measured_continuous_week_direct_isic
C30,非金属矿物制品业,task_timed,79,2019-05-16T07:00:00,60637.01772756913,1.261728437688425,U100,23,measured_continuous_week_direct_isic
C30,非金属矿物制品业,task_timed,80,2019-05-16T08:00:00,62464.435048516076,1.2997531375792122,U100,23,measured_continuous_week_direct_isic
C30,非金属矿物制品业,task_timed,81,2019-05-16T09:00:00,67448.2946900817,1.4034567443011499,U100,23,measured_continuous_week_direct_isic
C30,非金属矿物制品业,task_timed,82,2019-05-16T10:00:00,68445.06777423457,1.4241974896961245,U100,23,measured_continuous_week_direct_isic
C30,非金属矿物制品业,task_timed,83,2019-05-16T11:00:00,65122.4937166577,1.3550617318393434,U100,23,measured_continuous_week_direct_isic
C30,非金属矿物制品业,task_timed,84,2019-05-16T12:00:00,62464.435048516076,1.2997531375792122,U100,23,measured_continuous_week_direct_isic
C30,非金属矿物制品业,task_timed,85,2019-05-16T13:00:00,63128.94754835195,1.313580241049394,U100,23,measured_continuous_week_direct_isic
C30,非金属矿物制品业,task_timed,86,2019-05-16T14:00:00,63295.079285310145,1.3170370920750245,U100,23,measured_continuous_week_direct_isic
C30,非金属矿物制品业,task_timed,87,2019-05-16T15:00:00,63959.59178514602,1.3308641955452063,U100,23,measured_continuous_week_direct_isic
C30,非金属矿物制品业,task_timed,88,2019-05-16T16:00:00,65122.49082705833,1.3550616717128756,U100,23,measured_continuous_week_direct_isic
C30,非金属矿物制品业,task_timed,89,2019-05-16T17:00:00,64457.97832722245,1.3412345682426936,U100,23,measured_continuous_week_direct_isic
C30,非金属矿物制品业,task_timed,90,2019-05-16T18:00:00,62298.30620115726,1.2962963466800497,U100,23,measured_continuous_week_direct_isic
C30,非金属矿物制品业,task_timed,91,2019-05-16T19:00:00,40037.04498947543,0.8330864563819824,U100,23,measured_continuous_week_direct_isic
C30,非金属矿物制品业,task_timed,92,2019-05-16T20:00:00,33059.63484520498,0.6879012686803931,U100,23,measured_continuous_week_direct_isic
C30,非金属矿物制品业,task_timed,93,2019-05-16T21:00:00,33059.63484520498,0.6879012686803931,U100,23,measured_continuous_week_direct_isic
C30,非金属矿物制品业,task_timed,94,2019-05-16T22:00:00,53327.34699898169,1.109629608062043,U100,23,measured_continuous_week_direct_isic
C30,非金属矿物制品业,task_timed,95,2019-05-16T23:00:00,69940.22740046389,1.4553086077885866,U100,23,measured_continuous_week_direct_isic
C30,非金属矿物制品业,task_timed,96,2019-05-17T00:00:00,71269.2581793344,1.4829629349818865,U100,23,measured_continuous_week_direct_isic
C30,非金属矿物制品业,task_timed,97,2019-05-17T01:00:00,69109.58316366984,1.4380246532927747,U100,23,measured_continuous_week_direct_isic
C30,非金属矿物制品业,task_timed,98,2019-05-17T02:00:00,66451.52160592882,1.382715998906175,U100,23,measured_continuous_week_direct_isic
C30,非金属矿物制品业,task_timed,99,2019-05-17T03:00:00,64291.85092466333,1.3377778074067652,U100,23,measured_continuous_week_direct_isic
C30,非金属矿物制品业,task_timed,100,2019-05-17T04:00:00,63627.33553522808,1.3239506438101154,U100,23,measured_continuous_week_direct_isic
C30,非金属矿物制品业,task_timed,101,2019-05-17T05:00:00,59806.37349077508,1.244444483192613,U100,23,measured_continuous_week_direct_isic
C30,非金属矿物制品业,task_timed,102,2019-05-17T06:00:00,63627.3326456287,1.3239505836836474,U100,23,measured_continuous_week_direct_isic
C30,非金属矿物制品业,task_timed,103,2019-05-17T07:00:00,62630.56389587488,1.3032099284783745,U100,23,measured_continuous_week_direct_isic
C30,非金属矿物制品业,task_timed,104,2019-05-17T08:00:00,62630.5624510752,1.3032098984151406,U100,23,measured_continuous_week_direct_isic
C30,非金属矿物制品业,task_timed,105,2019-05-17T09:00:00,62796.69274323371,1.3066667193775372,U100,23,measured_continuous_week_direct_isic
C30,非金属矿物制品业,task_timed,106,2019-05-17T10:00:00,63793.4643825869,1.327407434709278,U100,23,measured_continuous_week_direct_isic
C30,非金属矿物制品业,task_timed,107,2019-05-17T11:00:00,65122.492271858006,1.3550617017761093,U100,23,measured_continuous_week_direct_isic
C30,非金属矿物制品业,task_timed,108,2019-05-17T12:00:00,68777.3254689522,1.4311110714944493,U100,23,measured_continuous_week_direct_isic
C30,非金属矿物制品业,task_timed,109,2019-05-17T13:00:00,63959.59178514602,1.3308641955452063,U100,23,measured_continuous_week_direct_isic
C30,非金属矿物制品业,task_timed,110,2019-05-17T14:00:00,63793.46293778721,1.327407404646044,U100,23,measured_continuous_week_direct_isic
C30,非金属矿物制品业,task_timed,111,2019-05-17T15:00:00,61633.790811722014,1.2824691830833999,U100,23,measured_continuous_week_direct_isic
C30,非金属矿物制品业,task_timed,112,2019-05-17T16:00:00,67116.03844016377,1.396543192566059,U100,23,measured_continuous_week_direct_isic
C30,非金属矿物制品业,task_timed,113,2019-05-17T17:00:00,69774.09855310508,1.4518518168894243,U100,23,measured_continuous_week_direct_isic
C30,非金属矿物制品业,task_timed,114,2019-05-17T18:00:00,69275.71201102863,1.4414814441919366,U100,23,measured_continuous_week_direct_isic
C30,非金属矿物制品业,task_timed,115,2019-05-17T19:00:00,31564.473774175975,0.656790120524697,U100,23,measured_continuous_week_direct_isic
C30,非金属矿物制品业,task_timed,116,2019-05-17T20:00:00,25916.094408776033,0.5392592600164074,U100,23,measured_continuous_week_direct_isic
C30,非金属矿物制品业,task_timed,117,2019-05-17T21:00:00,28574.15596651704,0.5945679144030068,U100,23,measured_continuous_week_direct_isic
C30,非金属矿物制品业,task_timed,118,2019-05-17T22:00:00,55487.02201464627,1.154567889751155,U100,23,measured_continuous_week_direct_isic
C30,非金属矿物制品业,task_timed,119,2019-05-17T23:00:00,67282.1658427229,1.3999999534019876,U100,23,measured_continuous_week_direct_isic
C30,非金属矿物制品业,task_timed,120,2019-05-18T00:00:00,68445.06777423457,1.4241974896961245,U100,23,measured_continuous_week_direct_isic
C30,非金属矿物制品业,task_timed,121,2019-05-18T01:00:00,67448.2946900817,1.4034567443011499,U100,23,measured_continuous_week_direct_isic
C30,非金属矿物制品业,task_timed,122,2019-05-18T02:00:00,65288.621119216834,1.358518492675272,U100,23,measured_continuous_week_direct_isic
C30,非金属矿物制品业,task_timed,123,2019-05-18T03:00:00,63627.33553522808,1.3239506438101154,U100,23,measured_continuous_week_direct_isic
C30,非金属矿物制品业,task_timed,124,2019-05-18T04:00:00,58975.729253981015,1.2271605286968006,U100,23,measured_continuous_week_direct_isic
C30,非金属矿物制品业,task_timed,125,2019-05-18T05:00:00,59640.24464341627,1.2409876922934506,U100,23,measured_continuous_week_direct_isic
C30,非金属矿物制品业,task_timed,126,2019-05-18T06:00:00,65953.13650865208,1.3723456562719218,U100,23,measured_continuous_week_direct_isic
C30,非金属矿物制品业,task_timed,127,2019-05-18T07:00:00,62132.17735379846,1.2928395557808874,U100,23,measured_continuous_week_direct_isic
C30,非金属矿物制品业,task_timed,128,2019-05-18T08:00:00,64125.72063250483,1.3343209864443688,U100,23,measured_continuous_week_direct_isic
C30,非金属矿物制品业,task_timed,129,2019-05-18T09:00:00,63959.5932299457,1.3308642256084402,U100,23,measured_continuous_week_direct_isic
C30,非金属矿物制品业,task_timed,130,2019-05-18T10:00:00,60969.275422286766,1.26864201948675,U100,23,measured_continuous_week_direct_isic
C30,非金属矿物制品业,task_timed,131,2019-05-18T11:00:00,61966.04850643964,1.2893827648817249,U100,23,measured_continuous_week_direct_isic
C30,非金属矿物制品业,task_timed,132,2019-05-18T12:00:00,60969.275422286766,1.26864201948675,U100,23,measured_continuous_week_direct_isic
C30,非金属矿物制品业,task_timed,133,2019-05-18T13:00:00,56816.05423831645,1.1822222470076886,U100,23,measured_continuous_week_direct_isic
C30,非金属矿物制品业,task_timed,134,2019-05-18T14:00:00,54988.6369173695,1.1441975471169015,U100,23,measured_continuous_week_direct_isic
C30,非金属矿物制品业,task_timed,135,2019-05-18T15:00:00,51499.93112283444,1.0716049382344899,U100,23,measured_continuous_week_direct_isic
C30,非金属矿物制品业,task_timed,136,2019-05-18T16:00:00,51333.80227547563,1.0681481473353276,U100,23,measured_continuous_week_direct_isic
C30,非金属矿物制品业,task_timed,137,2019-05-18T17:00:00,51998.31766491088,1.0819753109319774,U100,23,measured_continuous_week_direct_isic
C30,非金属矿物制品业,task_timed,138,2019-05-18T18:00:00,55653.15230680476,1.1580247107135515,U100,23,measured_continuous_week_direct_isic
C30,非金属矿物制品业,task_timed,139,2019-05-18T19:00:00,39040.27190532255,0.8123457109870077,U100,23,measured_continuous_week_direct_isic
C30,非金属矿物制品业,task_timed,140,2019-05-18T20:00:00,35219.30986086954,0.7328395503695051,U100,23,measured_continuous_week_direct_isic
C30,非金属矿物制品业,task_timed,141,2019-05-18T21:00:00,35053.18101351074,0.7293827594703427,U100,23,measured_continuous_week_direct_isic
C30,非金属矿物制品业,task_timed,142,2019-05-18T22:00:00,47014.45368894618,0.9782716140203376,U100,23,measured_continuous_week_direct_isic
C30,非金属矿物制品业,task_timed,143,2019-05-18T23:00:00,48675.74071773462,1.012839492948728,U100,23,measured_continuous_week_direct_isic
C30,非金属矿物制品业,task_timed,144,2019-05-19T00:00:00,48011.22532829937,0.9990123293520783,U100,23,measured_continuous_week_direct_isic
C30,非金属矿物制品业,task_timed,145,2019-05-19T01:00:00,47014.4522441465,0.9782715839571037,U100,23,measured_continuous_week_direct_isic
C30,非金属矿物制品业,task_timed,146,2019-05-19T02:00:00,44522.5195337643,0.9264197204696667,U100,23,measured_continuous_week_direct_isic
C30,非金属矿物制品业,task_timed,147,2019-05-19T03:00:00,41366.07287874655,0.8607407234488139,U100,23,measured_continuous_week_direct_isic
C30,非金属矿物制品业,task_timed,148,2019-05-19T04:00:00,35551.566110787484,0.739753102104596,U100,23,measured_continuous_week_direct_isic
C30,非金属矿物制品业,task_timed,149,2019-05-19T05:00:00,31896.73291369329,0.6637037323862559,U100,23,measured_continuous_week_direct_isic
C30,非金属矿物制品业,task_timed,150,2019-05-19T06:00:00,31564.475218975665,0.656790150587931,U100,23,measured_continuous_week_direct_isic
C30,非金属矿物制品业,task_timed,151,2019-05-19T07:00:00,31232.217524258038,0.6498765687896061,U100,23,measured_continuous_week_direct_isic
C30,非金属矿物制品业,task_timed,152,2019-05-19T08:00:00,33059.63484520498,0.6879012686803931,U100,23,measured_continuous_week_direct_isic
C30,非金属矿物制品业,task_timed,153,2019-05-19T09:00:00,31730.604066334476,0.6602469414870934,U100,23,measured_continuous_week_direct_isic
C30,非金属矿物制品业,task_timed,154,2019-05-19T10:00:00,31896.73291369329,0.6637037323862559,U100,23,measured_continuous_week_direct_isic
C30,非金属矿物制品业,task_timed,155,2019-05-19T11:00:00,31564.475218975665,0.656790150587931,U100,23,measured_continuous_week_direct_isic
C30,非金属矿物制品业,task_timed,156,2019-05-19T12:00:00,31564.475218975665,0.656790150587931,U100,23,measured_continuous_week_direct_isic
C30,非金属矿物制品业,task_timed,157,2019-05-19T13:00:00,31564.475218975665,0.656790150587931,U100,23,measured_continuous_week_direct_isic
C30,非金属矿物制品业,task_timed,158,2019-05-19T14:00:00,31896.73291369329,0.6637037323862559,U100,23,measured_continuous_week_direct_isic
C30,非金属矿物制品业,task_timed,159,2019-05-19T15:00:00,34388.66562407548,0.7155555958736928,U100,23,measured_continuous_week_direct_isic
C30,非金属矿物制品业,task_timed,160,2019-05-19T16:00:00,35053.18101351074,0.7293827594703427,U100,23,measured_continuous_week_direct_isic
C30,非金属矿物制品业,task_timed,161,2019-05-19T17:00:00,34887.052166151916,0.7259259685711801,U100,23,measured_continuous_week_direct_isic
C30,非金属矿物制品业,task_timed,162,2019-05-19T18:00:00,34720.92331879311,0.7224691776720178,U100,23,measured_continuous_week_direct_isic
C30,非金属矿物制品业,task_timed,163,2019-05-19T19:00:00,34388.66562407548,0.7155555958736928,U100,23,measured_continuous_week_direct_isic
C30,非金属矿物制品业,task_timed,164,2019-05-19T20:00:00,34720.9233187931,0.7224691776720176,U100,23,measured_continuous_week_direct_isic
C30,非金属矿物制品业,task_timed,165,2019-05-19T21:00:00,34388.66562407548,0.7155555958736928,U100,23,measured_continuous_week_direct_isic
C30,非金属矿物制品业,task_timed,166,2019-05-19T22:00:00,34554.794471434296,0.7190123867728553,U100,23,measured_continuous_week_direct_isic
C30,非金属矿物制品业,task_timed,167,2019-05-19T23:00:00,34222.53677671667,0.7120988049745304,U100,23,measured_continuous_week_direct_isic
C31,黑色金属冶炼和压延加工业,task_timed,0,2020-09-21T00:00:00,49220.664106791555,0.6088409809456602,U134,24,measured_continuous_week_direct_isic
C31,黑色金属冶炼和压延加工业,task_timed,1,2020-09-21T01:00:00,44213.34285341613,0.5469023127228865,U134,24,measured_continuous_week_direct_isic
C31,黑色金属冶炼和压延加工业,task_timed,2,2020-09-21T02:00:00,37007.325354331,0.45776660432741173,U134,24,measured_continuous_week_direct_isic
C31,黑色金属冶炼和压延加工业,task_timed,3,2020-09-21T03:00:00,36274.485896979335,0.4487016576797677,U134,24,measured_continuous_week_direct_isic
C31,黑色金属冶炼和压延加工业,task_timed,4,2020-09-21T04:00:00,34442.20937994547,0.42603709083088864,U134,24,measured_continuous_week_direct_isic
C31,黑色金属冶炼和压延加工业,task_timed,5,2020-09-21T05:00:00,32976.70833889683,0.40790939776536944,U134,24,measured_continuous_week_direct_isic
C31,黑色金属冶炼和压延加工业,task_timed,6,2020-09-21T06:00:00,47022.323608391256,0.5816483412324969,U134,24,measured_continuous_week_direct_isic
C31,黑色金属冶炼和压延加工业,task_timed,7,2020-09-21T07:00:00,69006.61796066778,0.8535857395129742,U134,24,measured_continuous_week_direct_isic
C31,黑色金属冶炼和压延加工业,task_timed,8,2020-09-21T08:00:00,106288.71364309198,1.3147511487758103,U134,24,measured_continuous_week_direct_isic
C31,黑色金属冶炼和压延加工业,task_timed,9,2020-09-21T09:00:00,109389.76015980376,1.3531099201872754,U134,24,measured_continuous_week_direct_isic
C31,黑色金属冶炼和压延加工业,task_timed,10,2020-09-21T10:00:00,91342.00468269129,1.1298660174899855,U134,24,measured_continuous_week_direct_isic
C31,黑色金属冶炼和压延加工业,task_timed,11,2020-09-21T11:00:00,62851.66363876133,0.7774512847056452,U134,24,measured_continuous_week_direct_isic
C31,黑色金属冶炼和压延加工业,task_timed,12,2020-09-21T12:00:00,61071.0173235157,0.7554253639066237,U134,24,measured_continuous_week_direct_isic
C31,黑色金属冶炼和压延加工业,task_timed,13,2020-09-21T13:00:00,60959.72692881286,0.7540487438566851,U134,24,measured_continuous_week_direct_isic
C31,黑色金属冶炼和压延加工业,task_timed,14,2020-09-21T14:00:00,60952.77127914393,0.7539627051035639,U134,24,measured_continuous_week_direct_isic
C31,黑色金属冶炼和压延加工业,task_timed,15,2020-09-21T15:00:00,60952.336551039625,0.7539573276814938,U134,24,measured_continuous_week_direct_isic
C31,黑色金属冶炼和压延加工业,task_timed,16,2020-09-21T16:00:00,60952.30938053311,0.7539569915926144,U134,24,measured_continuous_week_direct_isic
C31,黑色金属冶炼和压延加工业,task_timed,17,2020-09-21T17:00:00,60952.30768237645,0.7539569705870595,U134,24,measured_continuous_week_direct_isic
C31,黑色金属冶炼和压延加工业,task_timed,18,2020-09-21T18:00:00,60952.30757624167,0.7539569692742124,U134,24,measured_continuous_week_direct_isic
C31,黑色金属冶炼和压延加工业,task_timed,19,2020-09-21T19:00:00,60952.30756960823,0.7539569691921593,U134,24,measured_continuous_week_direct_isic
C31,黑色金属冶炼和压延加工业,task_timed,20,2020-09-21T20:00:00,60952.30756919363,0.7539569691870309,U134,24,measured_continuous_week_direct_isic
C31,黑色金属冶炼和压延加工业,task_timed,21,2020-09-21T21:00:00,69775.02207408594,0.8630906074920237,U134,24,measured_continuous_week_direct_isic
C31,黑色金属冶炼和压延加工业,task_timed,22,2020-09-21T22:00:00,101128.4655150908,1.2509208330092716,U134,24,measured_continuous_week_direct_isic
C31,黑色金属冶炼和压延加工业,task_timed,23,2020-09-21T23:00:00,107723.84275760109,1.332503152608299,U134,24,measured_continuous_week_direct_isic
C31,黑色金属冶炼和压延加工业,task_timed,24,2020-09-22T00:00:00,89769.80967344934,1.1104185604303263,U134,24,measured_continuous_week_direct_isic
C31,黑色金属冶炼和压延加工业,task_timed,25,2020-09-22T01:00:00,78655.55223336158,0.972939403553775,U134,24,measured_continuous_week_direct_isic
C31,黑色金属冶炼和压延加工业,task_timed,26,2020-09-22T02:00:00,72670.99312108081,0.8989126729809634,U134,24,measured_continuous_week_direct_isic
C31,黑色金属冶炼和压延加工业,task_timed,27,2020-09-22T03:00:00,71815.7765892976,0.8883339682523536,U134,24,measured_continuous_week_direct_isic
C31,黑色金属冶炼和压延加工业,task_timed,28,2020-09-22T04:00:00,65464.79774834098,0.8097747643557197,U134,24,measured_continuous_week_direct_isic
C31,黑色金属冶炼和压延加工业,task_timed,29,2020-09-22T05:00:00,62411.418591812166,0.7720056201437154,U134,24,measured_continuous_week_direct_isic
C31,黑色金属冶炼和压延加工业,task_timed,30,2020-09-22T06:00:00,69373.21556299832,0.8581204130665653,U134,24,measured_continuous_week_direct_isic
C31,黑色金属冶炼和压延加工业,task_timed,31,2020-09-22T07:00:00,107723.84275760109,1.332503152608299,U134,24,measured_continuous_week_direct_isic
C31,黑色金属冶炼和压延加工业,task_timed,32,2020-09-22T08:00:00,122555.90415713152,1.5159701369696568,U134,24,measured_continuous_week_direct_isic
C31,黑色金属冶炼和压延加工业,task_timed,33,2020-09-22T09:00:00,122925.65206864329,1.5205437786551694,U134,24,measured_continuous_week_direct_isic
C31,黑色金属冶炼和压延加工业,task_timed,34,2020-09-22T10:00:00,122948.76131311276,1.5208296312605136,U134,24,measured_continuous_week_direct_isic
C31,黑色金属冶炼和压延加工业,task_timed,35,2020-09-22T11:00:00,122950.20564089209,1.5208474970483477,U134,24,measured_continuous_week_direct_isic
C31,黑色金属冶炼和压延加工业,task_timed,36,2020-09-22T12:00:00,122950.2959113783,1.5208486136600872,U134,24,measured_continuous_week_direct_isic
C31,黑色金属冶炼和压延加工业,task_timed,37,2020-09-22T13:00:00,122950.30155328369,1.520848683448321,U134,24,measured_continuous_week_direct_isic
C31,黑色金属冶炼和压延加工业,task_timed,38,2020-09-22T14:00:00,122950.30190590276,1.5208486878100853,U134,24,measured_continuous_week_direct_isic
C31,黑色金属冶炼和压延加工业,task_timed,39,2020-09-22T15:00:00,122950.30192794146,1.5208486880826957,U134,24,measured_continuous_week_direct_isic
C31,黑色金属冶炼和压延加工业,task_timed,40,2020-09-22T16:00:00,122950.30192931887,1.5208486880997338,U134,24,measured_continuous_week_direct_isic
C31,黑色金属冶炼和压延加工业,task_timed,41,2020-09-22T17:00:00,122950.30192940494,1.5208486881007985,U134,24,measured_continuous_week_direct_isic
C31,黑色金属冶炼和压延加工业,task_timed,42,2020-09-22T18:00:00,122950.3019294103,1.5208486881008647,U134,24,measured_continuous_week_direct_isic
C31,黑色金属冶炼和压延加工业,task_timed,43,2020-09-22T19:00:00,122950.30192941065,1.5208486881008692,U134,24,measured_continuous_week_direct_isic
C31,黑色金属冶炼和压延加工业,task_timed,44,2020-09-22T20:00:00,109352.51323122511,1.3526491897817727,U134,24,measured_continuous_week_direct_isic
C31,黑色金属冶炼和压延加工业,task_timed,45,2020-09-22T21:00:00,101250.66471586764,1.2524323908604684,U134,24,measured_continuous_week_direct_isic
C31,黑色金属冶炼和压延加工业,task_timed,46,2020-09-22T22:00:00,108090.26248627693,1.3370356259321212,U134,24,measured_continuous_week_direct_isic
C31,黑色金属冶炼和压延加工业,task_timed,47,2020-09-22T23:00:00,116395.53917138957,1.439768754299062,U134,24,measured_continuous_week_direct_isic
C31,黑色金属冶炼和压延加工业,task_timed,48,2020-09-23T00:00:00,95021.70720203315,1.1753825445852628,U134,24,measured_continuous_week_direct_isic
C31,黑色金属冶炼和压延加工业,task_timed,49,2020-09-23T01:00:00,77800.69144888778,0.9623650992847029,U134,24,measured_continuous_week_direct_isic
C31,黑色金属冶炼和压延加工业,task_timed,50,2020-09-23T02:00:00,70228.07634747212,0.8686947173356373,U134,24,measured_continuous_week_direct_isic
C31,黑色金属冶炼和压延加工业,task_timed,51,2020-09-23T03:00:00,67785.33744751813,0.8384789619200801,U134,24,measured_continuous_week_direct_isic
C31,黑色金属冶炼和压延加工业,task_timed,52,2020-09-23T04:00:00,68395.97770409295,0.8460323507165272,U134,24,measured_continuous_week_direct_isic
C31,黑色金属冶炼和压延加工业,task_timed,53,2020-09-23T05:00:00,56793.10133455251,0.7025091626649569,U134,24,measured_continuous_week_direct_isic
C31,黑色金属冶炼和压延加工业,task_timed,54,2020-09-23T06:00:00,76945.65279075927,0.9517885947858619,U134,24,measured_continuous_week_direct_isic
C31,黑色金属冶炼和压延加工业,task_timed,55,2020-09-23T07:00:00,103815.46941135745,1.284158053954896,U134,24,measured_continuous_week_direct_isic
C31,黑色金属冶炼和压延加工业,task_timed,56,2020-09-23T08:00:00,104197.133468096,1.2888790938456263,U134,24,measured_continuous_week_direct_isic
C31,黑色金属冶炼和压延加工业,task_timed,57,2020-09-23T09:00:00,104220.98747164215,1.2891741588387968,U134,24,measured_continuous_week_direct_isic
C31,黑色金属冶炼和压延加工业,task_timed,58,2020-09-23T10:00:00,104222.47834686379,1.28919260040087,U134,24,measured_continuous_week_direct_isic
C31,黑色金属冶炼和压延加工业,task_timed,59,2020-09-23T11:00:00,104222.57152656515,1.2891937529984998,U134,24,measured_continuous_week_direct_isic
C31,黑色金属冶炼和压延加工业,task_timed,60,2020-09-23T12:00:00,104222.57735029649,1.2891938250358517,U134,24,measured_continuous_week_direct_isic
C31,黑色金属冶炼和压延加工业,task_timed,61,2020-09-23T13:00:00,104222.57771427969,1.289193829538186,U134,24,measured_continuous_week_direct_isic
C31,黑色金属冶炼和压延加工业,task_timed,62,2020-09-23T14:00:00,104222.57773702864,1.289193829819582,U134,24,measured_continuous_week_direct_isic
C31,黑色金属冶炼和压延加工业,task_timed,63,2020-09-23T15:00:00,104222.57773845045,1.2891938298371692,U134,24,measured_continuous_week_direct_isic
C31,黑色金属冶炼和压延加工业,task_timed,64,2020-09-23T16:00:00,104222.5777385393,1.2891938298382684,U134,24,measured_continuous_week_direct_isic
C31,黑色金属冶炼和压延加工业,task_timed,65,2020-09-23T17:00:00,104222.57773854487,1.2891938298383372,U134,24,measured_continuous_week_direct_isic
C31,黑色金属冶炼和压延加工业,task_timed,66,2020-09-23T18:00:00,104222.57773854521,1.2891938298383414,U134,24,measured_continuous_week_direct_isic
C31,黑色金属冶炼和压延加工业,task_timed,67,2020-09-23T19:00:00,95510.32613148584,1.1814265757602818,U134,24,measured_continuous_week_direct_isic
C31,黑色金属冶炼和压延加工业,task_timed,68,2020-09-23T20:00:00,85983.59105956886,1.063584469570678,U134,24,measured_continuous_week_direct_isic
C31,黑色金属冶炼和压延加工业,task_timed,69,2020-09-23T21:00:00,106868.80409947257,1.321926648109458,U134,24,measured_continuous_week_direct_isic
C31,黑色金属冶炼和压延加工业,task_timed,70,2020-09-23T22:00:00,110166.58165755509,1.3627189080238564,U134,24,measured_continuous_week_direct_isic
C31,黑色金属冶炼和压延加工业,task_timed,71,2020-09-23T23:00:00,85983.59105956886,1.063584469570678,U134,24,measured_continuous_week_direct_isic
C31,黑色金属冶炼和压延加工业,task_timed,72,2020-09-24T00:00:00,71327.51340715431,0.8822943375368723,U134,24,measured_continuous_week_direct_isic
C31,黑色金属冶炼和压延加工业,task_timed,73,2020-09-24T01:00:00,64731.958290989314,0.8007098177080757,U134,24,measured_continuous_week_direct_isic
C31,黑色金属冶炼和压延加工业,task_timed,74,2020-09-24T02:00:00,61434.35860656152,0.7599197580234465,U134,24,measured_continuous_week_direct_isic
C31,黑色金属冶炼和压延加工业,task_timed,75,2020-09-24T03:00:00,60457.29862131086,0.7478338959031773,U134,24,measured_continuous_week_direct_isic
C31,黑色金属冶炼和压延加工业,task_timed,76,2020-09-24T04:00:00,55083.201891950186,0.6813583538970437,U134,24,measured_continuous_week_direct_isic
C31,黑色金属冶炼和压延加工业,task_timed,77,2020-09-24T05:00:00,51907.979281953936,0.6420820522933802,U134,24,measured_continuous_week_direct_isic
C31,黑色金属冶炼和压延加工业,task_timed,78,2020-09-24T06:00:00,52640.46299199621,0.6511425984814866,U134,24,measured_continuous_week_direct_isic
C31,黑色金属冶炼和压延加工业,task_timed,79,2020-09-24T07:00:00,87571.29130139435,1.0832237204873942,U134,24,measured_continuous_week_direct_isic
C31,黑色金属冶炼和压延加工业,task_timed,80,2020-09-24T08:00:00,102341.98629005428,1.2659316255784998,U134,24,measured_continuous_week_direct_isic
C31,黑色金属冶炼和压延加工业,task_timed,81,2020-09-24T09:00:00,102425.46878853804,1.2669642724797763,U134,24,measured_continuous_week_direct_isic
C31,黑色金属冶炼和压延加工业,task_timed,82,2020-09-24T10:00:00,102430.68644469329,1.2670288129111063,U134,24,measured_continuous_week_direct_isic
C31,黑色金属冶炼和压延加工业,task_timed,83,2020-09-24T11:00:00,102431.01254820301,1.2670328466880645,U134,24,measured_continuous_week_direct_isic
C31,黑色金属冶炼和压延加工业,task_timed,84,2020-09-24T12:00:00,102431.03292967235,1.2670330987991243,U134,24,measured_continuous_week_direct_isic
C31,黑色金属冶炼和压延加工业,task_timed,85,2020-09-24T13:00:00,102431.03420351421,1.2670331145560658,U134,24,measured_continuous_week_direct_isic
C31,黑色金属冶炼和压延加工业,task_timed,86,2020-09-24T14:00:00,102431.03428312932,1.2670331155408745,U134,24,measured_continuous_week_direct_isic
C31,黑色金属冶炼和压延加工业,task_timed,87,2020-09-24T15:00:00,102431.03428810526,1.267033115602425,U134,24,measured_continuous_week_direct_isic
C31,黑色金属冶炼和压延加工业,task_timed,88,2020-09-24T16:00:00,102431.03428841625,1.267033115606272,U134,24,measured_continuous_week_direct_isic
C31,黑色金属冶炼和压延加工业,task_timed,89,2020-09-24T17:00:00,102431.0342884357,1.2670331156065124,U134,24,measured_continuous_week_direct_isic
C31,黑色金属冶炼和压延加工业,task_timed,90,2020-09-24T18:00:00,102431.0342884369,1.2670331156065273,U134,24,measured_continuous_week_direct_isic
C31,黑色金属冶炼和压延加工业,task_timed,91,2020-09-24T19:00:00,69251.01636222146,0.8566088552153681,U134,24,measured_continuous_week_direct_isic
C31,黑色金属冶炼和压延加工业,task_timed,92,2020-09-24T20:00:00,68151.75717619396,0.8430114352439021,U134,24,measured_continuous_week_direct_isic
C31,黑色金属冶炼和压延加工业,task_timed,93,2020-09-24T21:00:00,85739.37053166988,1.060563554098053,U134,24,measured_continuous_week_direct_isic
C31,黑色金属冶炼和压延加工业,task_timed,94,2020-09-24T22:00:00,80487.65087674075,0.9956017701728851,U134,24,measured_continuous_week_direct_isic
C31,黑色金属冶炼和压延加工业,task_timed,95,2020-09-24T23:00:00,95021.70720203315,1.1753825445852628,U134,24,measured_continuous_week_direct_isic
C31,黑色金属冶炼和压延加工业,task_timed,96,2020-09-25T00:00:00,61922.7996623595,0.7659615889686966,U134,24,measured_continuous_week_direct_isic
C31,黑色金属冶炼和压延加工业,task_timed,97,2020-09-25T01:00:00,53495.501650124716,0.6617191029803275,U134,24,measured_continuous_week_direct_isic
C31,黑色金属冶炼和压延加工业,task_timed,98,2020-09-25T02:00:00,45312.42416578893,0.5604975324645837,U134,24,measured_continuous_week_direct_isic
C31,黑色金属冶炼和压延加工业,task_timed,99,2020-09-25T03:00:00,43724.54605030875,0.5408560813180986,U134,24,measured_continuous_week_direct_isic
C31,黑色金属冶炼和压延加工业,task_timed,100,2020-09-25T04:00:00,41037.58662245576,0.5076194104299162,U134,24,measured_continuous_week_direct_isic
C31,黑色金属冶炼和压延加工业,task_timed,101,2020-09-25T05:00:00,38228.60586748065,0.4728733819203059,U134,24,measured_continuous_week_direct_isic
C31,黑色金属冶炼和压延加工业,task_timed,102,2020-09-25T06:00:00,56548.880806653535,0.6994882471923319,U134,24,measured_continuous_week_direct_isic
C31,黑色金属冶炼和压延加工业,task_timed,103,2020-09-25T07:00:00,78411.3317054626,0.9699184880811499,U134,24,measured_continuous_week_direct_isic
C31,黑色金属冶炼和压延加工业,task_timed,104,2020-09-25T08:00:00,99144.01808646363,1.226373969593145,U134,24,measured_continuous_week_direct_isic
C31,黑色金属冶炼和压延加工业,task_timed,105,2020-09-25T09:00:00,97951.29185344456,1.2116203976353308,U134,24,measured_continuous_week_direct_isic
C31,黑色金属冶炼和压延加工业,task_timed,106,2020-09-25T10:00:00,97876.74646388087,1.2106982993879674,U134,24,measured_continuous_week_direct_isic
C31,黑色金属冶炼和压延加工业,task_timed,107,2020-09-25T11:00:00,105037.43393035061,1.2992732924411223,U134,24,measured_continuous_week_direct_isic
C31,黑色金属冶炼和压延加工业,task_timed,108,2020-09-25T12:00:00,80254.8183522361,0.9927217199909555,U134,24,measured_continuous_week_direct_isic
C31,黑色金属冶炼和压延加工业,task_timed,109,2020-09-25T13:00:00,79316.27120100232,0.981112247047211,U134,24,measured_continuous_week_direct_isic
C31,黑色金属冶炼和压延加工业,task_timed,110,2020-09-25T14:00:00,78338.00262222065,0.969011435082515,U134,24,measured_continuous_week_direct_isic
C31,黑色金属冶炼和压延加工业,task_timed,111,2020-09-25T15:00:00,77318.3315241223,0.9563984896281184,U134,24,measured_continuous_week_direct_isic
C31,黑色金属冶炼和压延加工业,task_timed,112,2020-09-25T16:00:00,76255.50565980155,0.9432517360531666,U134,24,measured_continuous_week_direct_isic
C31,黑色金属冶炼和压延加工业,task_timed,113,2020-09-25T17:00:00,75147.69862286371,0.9295485824020017,U134,24,measured_continuous_week_direct_isic
C31,黑色金属冶炼和压延加工业,task_timed,114,2020-09-25T18:00:00,77101.49853897502,0.9537163476909024,U134,24,measured_continuous_week_direct_isic
C31,黑色金属冶炼和压延加工业,task_timed,115,2020-09-25T19:00:00,81098.1132596609,1.0031529587395636,U134,24,measured_continuous_week_direct_isic
C31,黑色金属冶炼和压延加工业,task_timed,116,2020-09-25T20:00:00,83174.61030459375,1.0288384410610676,U134,24,measured_continuous_week_direct_isic
C31,黑色金属冶炼和压延加工业,task_timed,117,2020-09-25T21:00:00,84762.31054641923,1.0484776919777838,U134,24,measured_continuous_week_direct_isic
C31,黑色金属冶炼和压延加工业,task_timed,118,2020-09-25T22:00:00,84884.50974719606,1.0499892498289807,U134,24,measured_continuous_week_direct_isic
C31,黑色金属冶炼和压延加工业,task_timed,119,2020-09-25T23:00:00,70594.31820249326,0.8732249904296906,U134,24,measured_continuous_week_direct_isic
C31,黑色金属冶炼和压延加工业,task_timed,120,2020-09-26T00:00:00,67052.67586382116,0.8294162155022049,U134,24,measured_continuous_week_direct_isic
C31,黑色金属冶炼和压延加工业,task_timed,121,2020-09-26T01:00:00,68762.39743276879,0.8505648240403493,U134,24,measured_continuous_week_direct_isic
C31,黑色金属冶炼和压延加工业,task_timed,122,2020-09-26T02:00:00,59846.48049108133,0.7402783068769613,U134,24,measured_continuous_week_direct_isic
C31,黑色金属冶炼和压延加工业,task_timed,123,2020-09-26T03:00:00,57403.91946478204,0.7100647516911729,U134,24,measured_continuous_week_direct_isic
C31,黑色金属冶炼和压延加工业,task_timed,124,2020-09-26T04:00:00,52029.82273542138,0.6435892096850394,U134,24,measured_continuous_week_direct_isic
C31,黑色金属冶炼和压延加工业,task_timed,125,2020-09-26T05:00:00,49343.041181223096,0.610354739026626,U134,24,measured_continuous_week_direct_isic
C31,黑色金属冶炼和压延加工业,task_timed,126,2020-09-26T06:00:00,53983.942705922695,0.6677609339255777,U134,24,measured_continuous_week_direct_isic
C31,黑色金属冶炼和压延加工业,task_timed,127,2020-09-26T07:00:00,63876.9196328608,0.7901333132092347,U134,24,measured_continuous_week_direct_isic
C31,黑色金属冶炼和压延加工业,task_timed,128,2020-09-26T08:00:00,71876.76501865183,0.8890883720343464,U134,24,measured_continuous_week_direct_isic
C31,黑色金属冶炼和压延加工业,task_timed,129,2020-09-26T09:00:00,72735.52651678764,0.8997109266546776,U134,24,measured_continuous_week_direct_isic
C31,黑色金属冶炼和压延加工业,task_timed,130,2020-09-26T10:00:00,72789.1991104211,0.9003748363184481,U134,24,measured_continuous_week_direct_isic
C31,黑色金属冶炼和压延加工业,task_timed,131,2020-09-26T11:00:00,83540.58379664671,1.0333653946068018,U134,24,measured_continuous_week_direct_isic
C31,黑色金属冶炼和压延加工业,task_timed,132,2020-09-26T12:00:00,116135.88810394559,1.4365569688939894,U134,24,measured_continuous_week_direct_isic
C31,黑色金属冶炼和压延加工业,task_timed,133,2020-09-26T13:00:00,116112.05581349209,1.4362621724835547,U134,24,measured_continuous_week_direct_isic
C31,黑色金属冶炼和压延加工业,task_timed,134,2020-09-26T14:00:00,116110.56629533874,1.4362437477079024,U134,24,measured_continuous_week_direct_isic
C31,黑色金属冶炼和压延加工业,task_timed,135,2020-09-26T15:00:00,116110.47320045416,1.4362425961594243,U134,24,measured_continuous_week_direct_isic
C31,黑色金属冶炼和压延加工业,task_timed,136,2020-09-26T16:00:00,116110.4673820239,1.4362425241876446,U134,24,measured_continuous_week_direct_isic
C31,黑色金属冶炼和压延加工业,task_timed,137,2020-09-26T17:00:00,116110.46701837199,1.4362425196894082,U134,24,measured_continuous_week_direct_isic
C31,黑色金属冶炼和压延加工业,task_timed,138,2020-09-26T18:00:00,81953.1519177894,1.0137294632384044,U134,24,measured_continuous_week_direct_isic
C31,黑色金属冶炼和压延加工业,task_timed,139,2020-09-26T19:00:00,63999.11883363764,0.7916448710604317,U134,24,measured_continuous_week_direct_isic
C31,黑色金属冶炼和压延加工业,task_timed,140,2020-09-26T20:00:00,68640.37610564663,0.849055466418921,U134,24,measured_continuous_week_direct_isic
C31,黑色金属冶炼和压延加工业,task_timed,141,2020-09-26T21:00:00,69128.81716144462,0.8550972973641712,U134,24,measured_continuous_week_direct_isic
C31,黑色金属冶炼和压延加工业,task_timed,142,2020-09-26T22:00:00,59846.65836473604,0.7402805071067302,U134,24,measured_continuous_week_direct_isic
C31,黑色金属冶炼和压延加工业,task_timed,143,2020-09-26T23:00:00,72182.19631797343,0.8928664415761756,U134,24,measured_continuous_week_direct_isic
C31,黑色金属冶炼和压延加工业,task_timed,144,2020-09-27T00:00:00,61067.761004230975,0.7553850844698554,U134,24,measured_continuous_week_direct_isic
C31,黑色金属冶炼和压延加工业,task_timed,145,2020-09-27T01:00:00,53861.92137880054,0.6662515763041496,U134,24,measured_continuous_week_direct_isic
C31,黑色金属冶炼和压延加工业,task_timed,146,2020-09-27T02:00:00,41892.62528058428,0.5181959149287573,U134,24,measured_continuous_week_direct_isic
C31,黑色金属冶炼和压延加工业,task_timed,147,2020-09-27T03:00:00,40549.14556665778,0.5015775794846661,U134,24,measured_continuous_week_direct_isic
C31,黑色金属冶炼和压延加工业,task_timed,148,2020-09-27T04:00:00,41159.7858232326,0.5091309682811131,U134,24,measured_continuous_week_direct_isic
C31,黑色金属冶炼和压延加工业,task_timed,149,2020-09-27T05:00:00,36885.126153554156,0.4562550464762148,U134,24,measured_continuous_week_direct_isic
C31,黑色金属冶炼和压延加工业,task_timed,150,2020-09-27T06:00:00,37495.944283783676,0.4638106355024307,U134,24,measured_continuous_week_direct_isic
C31,黑色金属冶炼和压延加工业,task_timed,151,2020-09-27T07:00:00,55205.40109272703,0.6828699117482406,U134,24,measured_continuous_week_direct_isic
C31,黑色金属冶炼和压延加工业,task_timed,152,2020-09-27T08:00:00,80121.05327441024,0.9910670966192945,U134,24,measured_continuous_week_direct_isic
C31,黑色金属冶炼和压延加工业,task_timed,153,2020-09-27T09:00:00,91601.73044317383,1.1330787268196678,U134,24,measured_continuous_week_direct_isic
C31,黑色金属冶炼和压延加工业,task_timed,154,2020-09-27T10:00:00,80731.69353098507,0.9986204854157417,U134,24,measured_continuous_week_direct_isic
C31,黑色金属冶炼和压延加工业,task_timed,155,2020-09-27T11:00:00,70228.07634747212,0.8686947173356373,U134,24,measured_continuous_week_direct_isic
C31,黑色金属冶炼和压延加工业,task_timed,156,2020-09-27T12:00:00,63022.058848387,0.7795590089401627,U134,24,measured_continuous_week_direct_isic
C31,黑色金属冶炼和压延加工业,task_timed,157,2020-09-27T13:00:00,65831.03960336211,0.8143050374497729,U134,24,measured_continuous_week_direct_isic
C31,黑色金属冶炼和压延加工业,task_timed,158,2020-09-27T14:00:00,82685.81350148638,1.0227922096562798,U134,24,measured_continuous_week_direct_isic
C31,黑色金属冶炼和压延加工业,task_timed,159,2020-09-27T15:00:00,112365.10002961008,1.3899137479667885,U134,24,measured_continuous_week_direct_isic
C31,黑色金属冶炼和压延加工业,task_timed,160,2020-09-27T16:00:00,95998.76718728381,1.1874684067055319,U134,24,measured_continuous_week_direct_isic
C31,黑色金属冶炼和压延加工业,task_timed,161,2020-09-27T17:00:00,91846.3067183822,1.1361040427518303,U134,24,measured_continuous_week_direct_isic
C31,黑色金属冶炼和压延加工业,task_timed,162,2020-09-27T18:00:00,63754.89830573865,0.7886239555878065,U134,24,measured_continuous_week_direct_isic
C31,黑色金属冶炼和压延加工业,task_timed,163,2020-09-27T19:00:00,67418.91771884229,0.833946488596258,U134,24,measured_continuous_week_direct_isic
C31,黑色金属冶炼和压延加工业,task_timed,164,2020-09-27T20:00:00,63999.11883363764,0.7916448710604317,U134,24,measured_continuous_week_direct_isic
C31,黑色金属冶炼和压延加工业,task_timed,165,2020-09-27T21:00:00,64365.53856231347,0.7961773443842536,U134,24,measured_continuous_week_direct_isic
C31,黑色金属冶炼和压延加工业,task_timed,166,2020-09-27T22:00:00,62777.83832048801,0.7765380934675375,U134,24,measured_continuous_week_direct_isic
C31,黑色金属冶炼和压延加工业,task_timed,167,2020-09-27T23:00:00,50686.34302149488,0.6269708742409482,U134,24,measured_continuous_week_direct_isic
C32,有色金属冶炼和压延加工业,task_timed,0,2018-07-30T00:00:00,96978.63254299916,0.908701100625429,U140,24,measured_continuous_week_direct_isic
C32,有色金属冶炼和压延加工业,task_timed,1,2018-07-30T01:00:00,100880.06748798939,0.9452580012082374,U140,24,measured_continuous_week_direct_isic
C32,有色金属冶炼和压延加工业,task_timed,2,2018-07-30T02:00:00,85274.27788318213,0.7990299320123808,U140,24,measured_continuous_week_direct_isic
C32,有色金属冶炼和压延加工业,task_timed,3,2018-07-30T03:00:00,64652.42169533277,0.605800733750286,U140,24,measured_continuous_week_direct_isic
C32,有色金属冶炼和压延加工业,task_timed,4,2018-07-30T04:00:00,64095.031139037295,0.6005779192116365,U140,24,measured_continuous_week_direct_isic
C32,有色金属冶炼和压延加工业,task_timed,5,2018-07-30T05:00:00,61308.377306638045,0.5744666477061272,U140,24,measured_continuous_week_direct_isic
C32,有色金属冶炼和压延加工业,task_timed,6,2018-07-30T06:00:00,60750.986750342556,0.5692438331674776,U140,24,measured_continuous_week_direct_isic
C32,有色金属冶炼和压延加工业,task_timed,7,2018-07-30T07:00:00,62980.29985129268,0.5901327569989604,U140,24,measured_continuous_week_direct_isic
C32,有色金属冶炼和压延加工业,task_timed,8,2018-07-30T08:00:00,86389.00917092674,0.8094750942250568,U140,24,measured_continuous_week_direct_isic
C32,有色金属冶炼和压延加工业,task_timed,9,2018-07-30T09:00:00,135992.9819929014,1.2742701064535127,U140,24,measured_continuous_week_direct_isic
C32,有色金属冶炼和压延加工业,task_timed,10,2018-07-30T10:00:00,147139.99592126926,1.3787189273925342,U140,24,measured_continuous_week_direct_isic
C32,有色金属冶炼和压延加工业,task_timed,11,2018-07-30T11:00:00,151598.72177286225,1.420497708784746,U140,24,measured_continuous_week_direct_isic
C32,有色金属冶炼和压延加工业,task_timed,12,2018-07-30T12:00:00,118715.17019374676,1.1123749942355767,U140,24,measured_continuous_week_direct_isic
C32,有色金属冶炼和压延加工业,task_timed,13,2018-07-30T13:00:00,107010.86535877611,1.0027042924871516,U140,24,measured_continuous_week_direct_isic
C32,有色金属冶炼和压延加工业,task_timed,14,2018-07-30T14:00:00,115928.46653650115,1.0862632558654444,U140,24,measured_continuous_week_direct_isic
C32,有色金属冶炼和压延加工业,task_timed,15,2018-07-30T15:00:00,114813.78507360292,1.0758185605173916,U140,24,measured_continuous_week_direct_isic
C32,有色金属冶炼和压延加工业,task_timed,16,2018-07-30T16:00:00,119829.851656645,1.1228196895836295,U140,24,measured_continuous_week_direct_isic
C32,有色金属冶炼和压延加工业,task_timed,17,2018-07-30T17:00:00,94749.16996750995,0.887810776200077,U140,24,measured_continuous_week_direct_isic
C32,有色金属冶炼和压延加工业,task_timed,18,2018-07-30T18:00:00,70225.92865951674,0.658025144219797,U140,24,measured_continuous_week_direct_isic
C32,有色金属冶炼和压延加工业,task_timed,19,2018-07-30T19:00:00,102552.08968233675,0.9609250442303168,U140,24,measured_continuous_week_direct_isic
C32,有色金属冶炼和压延加工业,task_timed,20,2018-07-30T20:00:00,101994.74895088763,0.9557026965562904,U140,24,measured_continuous_week_direct_isic
C32,有色金属冶炼和压延加工业,task_timed,21,2018-07-30T21:00:00,103109.43041378589,0.9661473919043433,U140,24,measured_continuous_week_direct_isic
C32,有色金属冶炼和压延加工业,task_timed,22,2018-07-30T22:00:00,94749.2197923563,0.8878112430647,U140,24,measured_continuous_week_direct_isic
C32,有色金属冶炼和压延加工业,task_timed,23,2018-07-30T23:00:00,94749.2197923563,0.8878112430647,U140,24,measured_continuous_week_direct_isic
C32,有色金属冶炼和压延加工业,task_timed,24,2018-07-31T00:00:00,93634.4885046117,0.8773660808520239,U140,24,measured_continuous_week_direct_isic
C32,有色金属冶炼和压延加工业,task_timed,25,2018-07-31T01:00:00,94749.16996750995,0.887810776200077,U140,24,measured_continuous_week_direct_isic
C32,有色金属冶炼和压延加工业,task_timed,26,2018-07-31T02:00:00,92519.80704171346,0.8669213855039711,U140,24,measured_continuous_week_direct_isic
C32,有色金属冶炼和压延加工业,task_timed,27,2018-07-31T03:00:00,88618.37209672324,0.8303644849211628,U140,24,measured_continuous_week_direct_isic
C32,有色金属冶炼和压延加工业,task_timed,28,2018-07-31T04:00:00,64652.42169533277,0.605800733750286,U140,24,measured_continuous_week_direct_isic
C32,有色金属冶炼和压延加工业,task_timed,29,2018-07-31T05:00:00,73012.68214160872,0.6841373494545524,U140,24,measured_continuous_week_direct_isic
C32,有色金属冶炼和压延加工业,task_timed,30,2018-07-31T06:00:00,70225.87883467035,0.6580246773551737,U140,24,measured_continuous_week_direct_isic
C32,有色金属冶炼和压延加工业,task_timed,31,2018-07-31T07:00:00,80258.21130014003,0.7520288029461426,U140,24,measured_continuous_week_direct_isic
C32,有色金属冶炼和压延加工业,task_timed,32,2018-07-31T08:00:00,103666.82097008136,0.9713702064429928,U140,24,measured_continuous_week_direct_isic
C32,有色金属冶炼和压延加工业,task_timed,33,2018-07-31T09:00:00,127075.43064002268,1.190711609939843,U140,24,measured_continuous_week_direct_isic
C32,有色金属冶炼和压延加工业,task_timed,34,2018-07-31T10:00:00,145467.87407722918,1.3630509506412087,U140,24,measured_continuous_week_direct_isic
C32,有色金属冶炼和压延加工业,task_timed,35,2018-07-31T11:00:00,133206.27833565578,1.2481583680833803,U140,24,measured_continuous_week_direct_isic
C32,有色金属冶炼和压延加工业,task_timed,36,2018-07-31T12:00:00,113699.10361070467,1.0653738651693385,U140,24,measured_continuous_week_direct_isic
C32,有色金属冶炼和压延加工业,task_timed,37,2018-07-31T13:00:00,95306.56052380543,0.8930335907387265,U140,24,measured_continuous_week_direct_isic
C32,有色金属冶炼和压延加工业,task_timed,38,2018-07-31T14:00:00,113141.71305440918,1.060151050630689,U140,24,measured_continuous_week_direct_isic
C32,有色金属冶炼和压延加工业,task_timed,39,2018-07-31T15:00:00,122059.26440728786,1.1437095471443586,U140,24,measured_continuous_week_direct_isic
C32,有色金属冶炼和压延加工业,task_timed,40,2018-07-31T16:00:00,124846.01788937984,1.1698217523791141,U140,24,measured_continuous_week_direct_isic
C32,有色金属冶炼和压延加工业,task_timed,41,2018-07-31T17:00:00,129862.1342972683,1.2168233483099753,U140,24,measured_continuous_week_direct_isic
C32,有色金属冶炼和压延加工业,task_timed,42,2018-07-31T18:00:00,105338.84316442873,0.9870372494650722,U140,24,measured_continuous_week_direct_isic
C32,有色金属冶炼和压延加工业,task_timed,43,2018-07-31T19:00:00,104224.11187668411,0.9765920872523961,U140,24,measured_continuous_week_direct_isic
C32,有色金属冶炼和压延加工业,task_timed,44,2018-07-31T20:00:00,103109.48023863223,0.9661478587689663,U140,24,measured_continuous_week_direct_isic
C32,有色金属冶炼和压延加工业,task_timed,45,2018-07-31T21:00:00,103109.48023863223,0.9661478587689663,U140,24,measured_continuous_week_direct_isic
C32,有色金属冶炼和压延加工业,task_timed,46,2018-07-31T22:00:00,100322.72675654026,0.9400356535342108,U140,24,measured_continuous_week_direct_isic
C32,有色金属冶炼和压延加工业,task_timed,47,2018-07-31T23:00:00,112026.98176666455,1.0497058884180128,U140,24,measured_continuous_week_direct_isic
C32,有色金属冶炼和压延加工业,task_timed,48,2018-08-01T00:00:00,117600.48873084853,1.101930298887524,U140,24,measured_continuous_week_direct_isic
C32,有色金属冶炼和压延加工业,task_timed,49,2018-08-01T01:00:00,86388.95934608037,0.8094746273604337,U140,24,measured_continuous_week_direct_isic
C32,有色金属冶炼和压延加工业,task_timed,50,2018-08-01T02:00:00,74684.65451110971,0.6998039256120085,U140,24,measured_continuous_week_direct_isic
C32,有色金属冶炼和压延加工业,task_timed,51,2018-08-01T03:00:00,66324.44388968016,0.6214677767723655,U140,24,measured_continuous_week_direct_isic
C32,有色金属冶炼和压延加工业,task_timed,52,2018-08-01T04:00:00,51276.044841168376,0.4804625221151584,U140,24,measured_continuous_week_direct_isic
C32,有色金属冶炼和压延加工业,task_timed,53,2018-08-01T05:00:00,63537.69040758817,0.59535557153761,U140,24,measured_continuous_week_direct_isic
C32,有色金属冶炼和压延加工业,task_timed,54,2018-08-01T06:00:00,59078.96455599519,0.5535767901453983,U140,24,measured_continuous_week_direct_isic
C32,有色金属冶炼和压延加工业,task_timed,55,2018-08-01T07:00:00,61308.32748179168,0.5744661808415041,U140,24,measured_continuous_week_direct_isic
C32,有色金属冶炼和压延加工业,task_timed,56,2018-08-01T08:00:00,84716.98697657937,0.7938080512029774,U140,24,measured_continuous_week_direct_isic
C32,有色金属冶炼和压延加工业,task_timed,57,2018-08-01T09:00:00,101437.45804428487,0.9504808157468869,U140,24,measured_continuous_week_direct_isic
C32,有色金属冶炼和压延加工业,task_timed,58,2018-08-01T10:00:00,113699.10361070467,1.0653738651693385,U140,24,measured_continuous_week_direct_isic
C32,有色金属冶炼和压延加工业,task_timed,59,2018-08-01T11:00:00,109240.32793426531,1.0235946169125036,U140,24,measured_continuous_week_direct_isic
C32,有色金属冶炼和压延加工业,task_timed,60,2018-08-01T12:00:00,100322.67693169389,0.9400351866695877,U140,24,measured_continuous_week_direct_isic
C32,有色金属冶炼和压延加工业,task_timed,61,2018-08-01T13:00:00,118157.82946229764,1.1071526465615502,U140,24,measured_continuous_week_direct_isic
C32,有色金属冶炼和压延加工业,task_timed,62,2018-08-01T14:00:00,135992.9819929014,1.2742701064535127,U140,24,measured_continuous_week_direct_isic
C32,有色金属冶炼和压延加工业,task_timed,63,2018-08-01T15:00:00,138222.39474354425,1.2951599640142417,U140,24,measured_continuous_week_direct_isic
C32,有色金属冶炼和压延加工业,task_timed,64,2018-08-01T16:00:00,142681.1704199836,1.3369392122710766,U140,24,measured_continuous_week_direct_isic
C32,有色金属冶炼和压延加工业,task_timed,65,2018-08-01T17:00:00,136550.32272435052,1.2794924541275394,U140,24,measured_continuous_week_direct_isic
C32,有色金属冶炼和压延加工业,task_timed,66,2018-08-01T18:00:00,104224.16170153048,0.9765925541170192,U140,24,measured_continuous_week_direct_isic
C32,有色金属冶炼和压延加工业,task_timed,67,2018-08-01T19:00:00,108125.5966465207,1.0131494546998276,U140,24,measured_continuous_week_direct_isic
C32,有色金属冶炼和压延加工业,task_timed,68,2018-08-01T20:00:00,111469.64103521545,1.0444835407439865,U140,24,measured_continuous_week_direct_isic
C32,有色金属冶炼和压延加工业,task_timed,69,2018-08-01T21:00:00,101994.79877573399,0.9557031634209133,U140,24,measured_continuous_week_direct_isic
C32,有色金属冶炼和压延加工业,task_timed,70,2018-08-01T22:00:00,101994.74895088763,0.9557026965562904,U140,24,measured_continuous_week_direct_isic
C32,有色金属冶炼和压延加工业,task_timed,71,2018-08-01T23:00:00,105338.84316442873,0.9870372494650722,U140,24,measured_continuous_week_direct_isic
C32,有色金属冶炼和压延加工业,task_timed,72,2018-08-02T00:00:00,99765.33620024477,0.9348128389955612,U140,24,measured_continuous_week_direct_isic
C32,有色金属冶炼和压延加工业,task_timed,73,2018-08-02T01:00:00,89175.76265301871,0.8355872994598121,U140,24,measured_continuous_week_direct_isic
C32,有色金属冶炼和压延加工业,task_timed,74,2018-08-02T02:00:00,90847.78484736607,0.8512543424818915,U140,24,measured_continuous_week_direct_isic
C32,有色金属冶炼和压延加工业,task_timed,75,2018-08-02T03:00:00,72455.29158531323,0.6789145349159028,U140,24,measured_continuous_week_direct_isic
C32,有色金属冶炼和压延加工业,task_timed,76,2018-08-02T04:00:00,83044.86513253927,0.7781400744516518,U140,24,measured_continuous_week_direct_isic
C32,有色金属冶炼和压延加工业,task_timed,77,2018-08-02T05:00:00,64095.08096388364,0.6005783860762595,U140,24,measured_continuous_week_direct_isic
C32,有色金属冶炼和压延加工业,task_timed,78,2018-08-02T06:00:00,62980.34967613905,0.5901332238635836,U140,24,measured_continuous_week_direct_isic
C32,有色金属冶炼和压延加工业,task_timed,79,2018-08-02T07:00:00,65209.76242678189,0.6110230814243124,U140,24,measured_continuous_week_direct_isic
C32,有色金属冶炼和压延加工业,task_timed,80,2018-08-02T08:00:00,107010.86535877611,1.0027042924871516,U140,24,measured_continuous_week_direct_isic
C32,有色金属冶炼和压延加工业,task_timed,81,2018-08-02T09:00:00,147697.28682787204,1.3839408082019378,U140,24,measured_continuous_week_direct_isic
C32,有色金属冶炼和压延加工业,task_timed,82,2018-08-02T10:00:00,156057.547274148,1.4622774239062044,U140,24,measured_continuous_week_direct_isic
C32,有色金属冶炼和压延加工业,task_timed,83,2018-08-02T11:00:00,147139.89627157658,1.3787179936632885,U140,24,measured_continuous_week_direct_isic
C32,有色金属冶炼和压延加工业,task_timed,84,2018-08-02T12:00:00,117600.48873084853,1.101930298887524,U140,24,measured_continuous_week_direct_isic
C32,有色金属冶炼和压延加工业,task_timed,85,2018-08-02T13:00:00,115371.07598020567,1.0810404413267949,U140,24,measured_continuous_week_direct_isic
C32,有色金属冶炼和压延加工业,task_timed,86,2018-08-02T14:00:00,120387.2422129405,1.1280425041222792,U140,24,measured_continuous_week_direct_isic
C32,有色金属冶炼和压延加工业,task_timed,87,2018-08-02T15:00:00,146582.65518982016,1.373496579718508,U140,24,measured_continuous_week_direct_isic
C32,有色金属冶炼和压延加工业,task_timed,88,2018-08-02T16:00:00,148812.01811561667,1.394385970414614,U140,24,measured_continuous_week_direct_isic
C32,有色金属冶炼和压延加工业,task_timed,89,2018-08-02T17:00:00,139337.12603128882,1.3056051262269175,U140,24,measured_continuous_week_direct_isic
C32,有色金属冶炼和压延加工业,task_timed,90,2018-08-02T18:00:00,119272.61057488862,1.1175982756388494,U140,24,measured_continuous_week_direct_isic
C32,有色金属冶炼和压延加工业,task_timed,91,2018-08-02T19:00:00,105896.18389587785,0.9922595971390987,U140,24,measured_continuous_week_direct_isic
C32,有色金属冶炼和压延加工业,task_timed,92,2018-08-02T20:00:00,110355.00939716357,1.0340393122605567,U140,24,measured_continuous_week_direct_isic
C32,有色金属冶炼和压延加工业,task_timed,93,2018-08-02T21:00:00,110355.00939716357,1.0340393122605567,U140,24,measured_continuous_week_direct_isic
C32,有色金属冶炼和压延加工业,task_timed,94,2018-08-02T22:00:00,98650.7045621929,0.9243686105121315,U140,24,measured_continuous_week_direct_isic
C32,有色金属冶炼和压延加工业,task_timed,95,2018-08-02T23:00:00,103109.43041378589,0.9661473919043433,U140,24,measured_continuous_week_direct_isic
C32,有色金属冶炼和压延加工业,task_timed,96,2018-08-03T00:00:00,96978.58271815281,0.908700633760806,U140,24,measured_continuous_week_direct_isic
C32,有色金属冶炼和压延加工业,task_timed,97,2018-08-03T01:00:00,94749.2197923563,0.8878112430647,U140,24,measured_continuous_week_direct_isic
C32,有色金属冶炼和压延加工业,task_timed,98,2018-08-03T02:00:00,93634.53832945805,0.877366547716647,U140,24,measured_continuous_week_direct_isic
C32,有色金属冶炼和压延加工业,task_timed,99,2018-08-03T03:00:00,94191.87906090719,0.8825888953906735,U140,24,measured_continuous_week_direct_isic
C32,有色金属冶炼和压延加工业,task_timed,100,2018-08-03T04:00:00,88618.37209672324,0.8303644849211628,U140,24,measured_continuous_week_direct_isic
C32,有色金属冶炼和压延加工业,task_timed,101,2018-08-03T05:00:00,79143.43018754905,0.7415831738688434,U140,24,measured_continuous_week_direct_isic
C32,有色金属冶炼和压延加工业,task_timed,102,2018-08-03T06:00:00,67439.12535257838,0.6319124721204183,U140,24,measured_continuous_week_direct_isic
C32,有色金属冶炼和压延加工业,task_timed,103,2018-08-03T07:00:00,86389.00917092674,0.8094750942250568,U140,24,measured_continuous_week_direct_isic
C32,有色金属冶炼和压延加工业,task_timed,104,2018-08-03T08:00:00,111469.64103521545,1.0444835407439865,U140,24,measured_continuous_week_direct_isic
C32,有色金属冶炼和压延加工业,task_timed,105,2018-08-03T09:00:00,151598.72177286228,1.4204977087847461,U140,24,measured_continuous_week_direct_isic
C32,有色金属冶炼和压延加工业,task_timed,106,2018-08-03T10:00:00,154942.86581124974,1.4518327285581512,U140,24,measured_continuous_week_direct_isic
C32,有色金属冶炼和压延加工业,task_timed,107,2018-08-03T11:00:00,147139.9460964229,1.3787184605279112,U140,24,measured_continuous_week_direct_isic
C32,有色金属冶炼和压延加工业,task_timed,108,2018-08-03T12:00:00,123731.33642648162,1.1593770570310613,U140,24,measured_continuous_week_direct_isic
C32,有色金属冶炼和压延加工业,task_timed,109,2018-08-03T13:00:00,110355.00939716357,1.0340393122605567,U140,24,measured_continuous_week_direct_isic
C32,有色金属冶炼和压延加工业,task_timed,110,2018-08-03T14:00:00,124846.01788937984,1.1698217523791141,U140,24,measured_continuous_week_direct_isic
C32,有色金属冶炼和压延加工业,task_timed,111,2018-08-03T15:00:00,134878.25070515677,1.2638249442408367,U140,24,measured_continuous_week_direct_isic
C32,有色金属冶炼和压延加工业,task_timed,112,2018-08-03T16:00:00,133763.56924225856,1.2533802488927839,U140,24,measured_continuous_week_direct_isic
C32,有色金属冶炼和压延加工业,task_timed,113,2018-08-03T17:00:00,132648.8379545139,1.2429350866801077,U140,24,measured_continuous_week_direct_isic
C32,有色金属冶炼和压延加工业,task_timed,114,2018-08-03T18:00:00,104781.45260813324,0.9818144349264226,U140,24,measured_continuous_week_direct_isic
C32,有色金属冶炼和压延加工业,task_timed,115,2018-08-03T19:00:00,103666.82097008136,0.9713702064429928,U140,24,measured_continuous_week_direct_isic
C32,有色金属冶炼和压延加工业,task_timed,116,2018-08-03T20:00:00,107010.91518362248,1.0027047593517748,U140,24,measured_continuous_week_direct_isic
C32,有色金属冶炼和压延加工业,task_timed,117,2018-08-03T21:00:00,99207.99546879565,0.9295904913215348,U140,24,measured_continuous_week_direct_isic
C32,有色金属冶炼和压延加工业,task_timed,118,2018-08-03T22:00:00,96978.58271815281,0.908700633760806,U140,24,measured_continuous_week_direct_isic
C32,有色金属冶炼和压延加工业,task_timed,119,2018-08-03T23:00:00,92519.80704171346,0.8669213855039711,U140,24,measured_continuous_week_direct_isic
C32,有色金属冶炼和压延加工业,task_timed,120,2018-08-04T00:00:00,79700.82074384454,0.746805988407493,U140,24,measured_continuous_week_direct_isic
C32,有色金属冶炼和压延加工业,task_timed,121,2018-08-04T01:00:00,129862.1342972683,1.2168233483099753,U140,24,measured_continuous_week_direct_isic
C32,有色金属冶炼和压延加工业,task_timed,122,2018-08-04T02:00:00,107010.91518362248,1.0027047593517748,U140,24,measured_continuous_week_direct_isic
C32,有色金属冶炼和压延加工业,task_timed,123,2018-08-04T03:00:00,109240.27810941896,1.0235941500478807,U140,24,measured_continuous_week_direct_isic
C32,有色金属冶炼和压延加工业,task_timed,124,2018-08-04T04:00:00,107010.91518362248,1.0027047593517748,U140,24,measured_continuous_week_direct_isic
C32,有色金属冶炼和压延加工业,task_timed,125,2018-08-04T05:00:00,97535.97327444829,0.9139234482994555,U140,24,measured_continuous_week_direct_isic
C32,有色金属冶炼和压延加工业,task_timed,126,2018-08-04T06:00:00,94191.87906090719,0.8825888953906735,U140,24,measured_continuous_week_direct_isic
C32,有色金属冶炼和压延加工业,task_timed,127,2018-08-04T07:00:00,95863.90125525455,0.8982559384127529,U140,24,measured_continuous_week_direct_isic
C32,有色金属冶炼和压延加工业,task_timed,128,2018-08-04T08:00:00,113699.10361070467,1.0653738651693385,U140,24,measured_continuous_week_direct_isic
C32,有色金属冶炼和压延加工业,task_timed,129,2018-08-04T09:00:00,129862.1342972683,1.2168233483099753,U140,24,measured_continuous_week_direct_isic
C32,有色金属冶炼和压延加工业,task_timed,130,2018-08-04T10:00:00,138222.34491869787,1.2951594971496185,U140,24,measured_continuous_week_direct_isic
C32,有色金属冶炼和压延加工业,task_timed,131,2018-08-04T11:00:00,147697.3366527184,1.3839412750665607,U140,24,measured_continuous_week_direct_isic
C32,有色金属冶炼和压延加工业,task_timed,132,2018-08-04T12:00:00,134878.25070515677,1.2638249442408367,U140,24,measured_continuous_week_direct_isic
C32,有色金属冶炼和压延加工业,task_timed,133,2018-08-04T13:00:00,127075.43064002268,1.190711609939843,U140,24,measured_continuous_week_direct_isic
C32,有色金属冶炼和压延加工业,task_timed,134,2018-08-04T14:00:00,127075.38081517634,1.19071114307522,U140,24,measured_continuous_week_direct_isic
C32,有色金属冶炼和压延加工业,task_timed,135,2018-08-04T15:00:00,119829.90148149137,1.1228201564482527,U140,24,measured_continuous_week_direct_isic
C32,有色金属冶炼和压延加工业,task_timed,136,2018-08-04T16:00:00,127632.72154662546,1.1959334907492465,U140,24,measured_continuous_week_direct_isic
C32,有色金属冶炼和压延加工业,task_timed,137,2018-08-04T17:00:00,122616.65496358334,1.148932361683008,U140,24,measured_continuous_week_direct_isic
C32,有色金属冶炼和压延加工业,task_timed,138,2018-08-04T18:00:00,100880.01766314302,0.9452575343436143,U140,24,measured_continuous_week_direct_isic
C32,有色金属冶炼和压延加工业,task_timed,139,2018-08-04T19:00:00,97536.02309929465,0.9139239151640786,U140,24,measured_continuous_week_direct_isic
C32,有色金属冶炼和压延加工业,task_timed,140,2018-08-04T20:00:00,106453.57445217334,0.9974824116777483,U140,24,measured_continuous_week_direct_isic
C32,有色金属冶炼和压延加工业,task_timed,141,2018-08-04T21:00:00,106453.57445217334,0.9974824116777483,U140,24,measured_continuous_week_direct_isic
C32,有色金属冶炼和压延加工业,task_timed,142,2018-08-04T22:00:00,99765.33620024477,0.9348128389955612,U140,24,measured_continuous_week_direct_isic
C32,有色金属冶炼和压延加工业,task_timed,143,2018-08-04T23:00:00,95306.56052380543,0.8930335907387265,U140,24,measured_continuous_week_direct_isic
C32,有色金属冶炼和压延加工业,task_timed,144,2018-08-05T00:00:00,84716.98697657937,0.7938080512029774,U140,24,measured_continuous_week_direct_isic
C32,有色金属冶炼和压延加工业,task_timed,145,2018-08-05T01:00:00,110355.00939716357,1.0340393122605567,U140,24,measured_continuous_week_direct_isic
C32,有色金属冶炼和压延加工业,task_timed,146,2018-08-05T02:00:00,108125.5966465207,1.0131494546998276,U140,24,measured_continuous_week_direct_isic
C32,有色金属冶炼和压延加工业,task_timed,147,2018-08-05T03:00:00,105896.23372072421,0.9922600640037217,U140,24,measured_continuous_week_direct_isic
C32,有色金属冶炼和压延加工业,task_timed,148,2018-08-05T04:00:00,136550.39746162007,1.279493154424474,U140,24,measured_continuous_week_direct_isic
C32,有色金属冶炼和压延加工业,task_timed,149,2018-08-05T05:00:00,95306.56052380543,0.8930335907387265,U140,24,measured_continuous_week_direct_isic
C32,有色金属冶炼和压延加工业,task_timed,150,2018-08-05T06:00:00,95306.56052380543,0.8930335907387265,U140,24,measured_continuous_week_direct_isic
C32,有色金属冶炼和压延加工业,task_timed,151,2018-08-05T07:00:00,98093.26418105102,0.9191453291088587,U140,24,measured_continuous_week_direct_isic
C32,有色金属冶炼和压延加工业,task_timed,152,2018-08-05T08:00:00,112027.03159151092,1.049706355282636,U140,24,measured_continuous_week_direct_isic
C32,有色金属冶炼和压延加工业,task_timed,153,2018-08-05T09:00:00,114256.39451730742,1.0705957459787419,U140,24,measured_continuous_week_direct_isic
C32,有色金属冶炼和压延加工业,task_timed,154,2018-08-05T10:00:00,139337.07620644246,1.3056046593622943,U140,24,measured_continuous_week_direct_isic
C32,有色金属冶炼和压延加工业,task_timed,155,2018-08-05T11:00:00,149369.40867191216,1.3996087849532635,U140,24,measured_continuous_week_direct_isic
C32,有色金属冶炼和压延加工业,task_timed,156,2018-08-05T12:00:00,129862.13429726832,1.2168233483099755,U140,24,measured_continuous_week_direct_isic
C32,有色金属冶炼和压延加工业,task_timed,157,2018-08-05T13:00:00,125403.35862082898,1.1750441000531406,U140,24,measured_continuous_week_direct_isic
C32,有色金属冶炼和压延加工业,task_timed,158,2018-08-05T14:00:00,120387.29203778684,1.1280429709869022,U140,24,measured_continuous_week_direct_isic
C32,有色金属冶炼和压延加工业,task_timed,159,2018-08-05T15:00:00,120387.2422129405,1.1280425041222792,U140,24,measured_continuous_week_direct_isic
C32,有色金属冶炼和压延加工业,task_timed,160,2018-08-05T16:00:00,123173.99569503247,1.1541547093570346,U140,24,measured_continuous_week_direct_isic
C32,有色金属冶炼和压延加工业,task_timed,161,2018-08-05T17:00:00,119272.56075004226,1.1175978087742264,U140,24,measured_continuous_week_direct_isic
C32,有色金属冶炼和压延加工业,task_timed,162,2018-08-05T18:00:00,104781.50243297961,0.9818149017910458,U140,24,measured_continuous_week_direct_isic
C32,有色金属冶炼和压延加工业,task_timed,163,2018-08-05T19:00:00,107568.25591507158,1.0079271070258011,U140,24,measured_continuous_week_direct_isic
C32,有色金属冶炼和压延加工业,task_timed,164,2018-08-05T20:00:00,105896.23372072421,0.9922600640037217,U140,24,measured_continuous_week_direct_isic
C32,有色金属冶炼和压延加工业,task_timed,165,2018-08-05T21:00:00,96978.63254299916,0.908701100625429,U140,24,measured_continuous_week_direct_isic
C32,有色金属冶炼和压延加工业,task_timed,166,2018-08-05T22:00:00,103109.48023863223,0.9661478587689663,U140,24,measured_continuous_week_direct_isic
C32,有色金属冶炼和压延加工业,task_timed,167,2018-08-05T23:00:00,110912.30030376633,1.03926119306996,U140,24,measured_continuous_week_direct_isic
C33,金属制品业,task_timed,0,2019-08-05T00:00:00,10257.803025055413,0.4759546805514216,U168,25,measured_continuous_week_direct_isic
C33,金属制品业,task_timed,1,2019-08-05T01:00:00,9336.544071587548,0.4332089278954267,U168,25,measured_continuous_week_direct_isic
C33,金属制品业,task_timed,2,2019-08-05T02:00:00,8592.45030147889,0.3986835122886617,U168,25,measured_continuous_week_direct_isic
C33,金属制品业,task_timed,3,2019-08-05T03:00:00,8255.8364530964,0.3830648718951251,U168,25,measured_continuous_week_direct_isic
C33,金属制品业,task_timed,4,2019-08-05T04:00:00,7759.773939690628,0.36004792815728176,U168,25,measured_continuous_week_direct_isic
C33,金属制品业,task_timed,5,2019-08-05T05:00:00,7334.577499628536,0.3403191192391303,U168,25,measured_continuous_week_direct_isic
C33,金属制品业,task_timed,6,2019-08-05T06:00:00,7068.829724589728,0.3279886136652856,U168,25,measured_continuous_week_direct_isic
C33,金属制品业,task_timed,7,2019-08-05T07:00:00,8131.8208247449575,0.3773106359606643,U168,25,measured_continuous_week_direct_isic
C33,金属制品业,task_timed,8,2019-08-05T08:00:00,17893.576609255233,0.8302490814239881,U168,25,measured_continuous_week_direct_isic
C33,金属制品业,task_timed,9,2019-08-05T09:00:00,32704.463755199668,1.5174635895416324,U168,25,measured_continuous_week_direct_isic
C33,金属制品业,task_timed,10,2019-08-05T10:00:00,36637.51555291338,1.6999543633847878,U168,25,measured_continuous_week_direct_isic
C33,金属制品业,task_timed,11,2019-08-05T11:00:00,36743.8146629289,1.7048865656143255,U168,25,measured_continuous_week_direct_isic
C33,金属制品业,task_timed,12,2019-08-05T12:00:00,19771.512280002167,0.9173839454960782,U168,25,measured_continuous_week_direct_isic
C33,金属制品业,task_timed,13,2019-08-05T13:00:00,20072.693091712816,0.9313585184797688,U168,25,measured_continuous_week_direct_isic
C33,金属制品业,task_timed,14,2019-08-05T14:00:00,29409.221890439727,1.3645667377254498,U168,25,measured_continuous_week_direct_isic
C33,金属制品业,task_timed,15,2019-08-05T15:00:00,34865.863719321336,1.6177509928924905,U168,25,measured_continuous_week_direct_isic
C33,金属制品业,task_timed,16,2019-08-05T16:00:00,35663.10704443775,1.654742509614024,U168,25,measured_continuous_week_direct_isic
C33,金属制品业,task_timed,17,2019-08-05T17:00:00,35503.65837941447,1.6473442062697174,U168,25,measured_continuous_week_direct_isic
C33,金属制品业,task_timed,18,2019-08-05T18:00:00,21472.2827673899,0.9962984725189385,U168,25,measured_continuous_week_direct_isic
C33,金属制品业,task_timed,19,2019-08-05T19:00:00,23527.368348635402,1.0916529649905125,U168,25,measured_continuous_week_direct_isic
C33,金属制品业,task_timed,20,2019-08-05T20:00:00,27602.152293036474,1.2807200084730517,U168,25,measured_continuous_week_direct_isic
C33,金属制品业,task_timed,21,2019-08-05T21:00:00,23704.533531994606,1.0998733020397422,U168,25,measured_continuous_week_direct_isic
C33,金属制品业,task_timed,22,2019-08-05T22:00:00,17344.349267981062,0.8047653279216301,U168,25,measured_continuous_week_direct_isic
C33,金属制品业,task_timed,23,2019-08-05T23:00:00,14793.170627608515,0.6863924744127213,U168,25,measured_continuous_week_direct_isic
C33,金属制品业,task_timed,24,2019-08-06T00:00:00,12118.037450327063,0.5622682195683343,U168,25,measured_continuous_week_direct_isic
C33,金属制品业,task_timed,25,2019-08-06T01:00:00,11161.345460187358,0.5178783995024935,U168,25,measured_continuous_week_direct_isic
C33,金属制品业,task_timed,26,2019-08-06T02:00:00,10665.282946781583,0.49486145576465,U168,25,measured_continuous_week_direct_isic
C33,金属制品业,task_timed,27,2019-08-06T03:00:00,10169.22043337581,0.4718445120268067,U168,25,measured_continuous_week_direct_isic
C33,金属制品业,task_timed,28,2019-08-06T04:00:00,9903.472658337003,0.459514006452962,U168,25,measured_continuous_week_direct_isic
C33,金属制品业,task_timed,29,2019-08-06T05:00:00,9212.528443236106,0.4274546919609659,U168,25,measured_continuous_week_direct_isic
C33,金属制品业,task_timed,30,2019-08-06T06:00:00,8521.584228135207,0.39539537746896974,U168,25,measured_continuous_week_direct_isic
C33,金属制品业,task_timed,31,2019-08-06T07:00:00,9247.961479907946,0.4290987593708118,U168,25,measured_continuous_week_direct_isic
C33,金属制品业,task_timed,32,2019-08-06T08:00:00,22623.841186364094,1.0497299546891863,U168,25,measured_continuous_week_direct_isic
C33,金属制品业,task_timed,33,2019-08-06T09:00:00,36743.8146629289,1.7048865656143255,U168,25,measured_continuous_week_direct_isic
C33,金属制品业,task_timed,34,2019-08-06T10:00:00,39135.52936541753,1.8158604071291824,U168,25,measured_continuous_week_direct_isic
C33,金属制品业,task_timed,35,2019-08-06T11:00:00,38550.89953319279,1.7887340035164694,U168,25,measured_continuous_week_direct_isic
C33,金属制品业,task_timed,36,2019-08-06T12:00:00,20905.354180640443,0.969993393961403,U168,25,measured_continuous_week_direct_isic
C33,金属制品业,task_timed,37,2019-08-06T13:00:00,21844.344925304857,1.0135618889720663,U168,25,measured_continuous_week_direct_isic
C33,金属制品业,task_timed,38,2019-08-06T14:00:00,29462.356172586857,1.367032130190473,U168,25,measured_continuous_week_direct_isic
C33,金属制品业,task_timed,39,2019-08-06T15:00:00,33838.30565583795,1.5700730380069576,U168,25,measured_continuous_week_direct_isic
C33,金属制品业,task_timed,40,2019-08-06T16:00:00,36052.870447828005,1.6728272511223297,U168,25,measured_continuous_week_direct_isic
C33,金属制品业,task_timed,41,2019-08-06T17:00:00,35592.24097109406,1.651454374794332,U168,25,measured_continuous_week_direct_isic
C33,金属制品业,task_timed,42,2019-08-06T18:00:00,19470.316195430885,0.9034086638626418,U168,25,measured_continuous_week_direct_isic
C33,金属制品业,task_timed,43,2019-08-06T19:00:00,21029.369808991887,0.9757476298958639,U168,25,measured_continuous_week_direct_isic
C33,金属制品业,task_timed,44,2019-08-06T20:00:00,21224.266783547642,0.9847907092997621,U168,25,measured_continuous_week_direct_isic
C33,金属制品业,task_timed,45,2019-08-06T21:00:00,18814.82028986246,0.8729941254302371,U168,25,measured_continuous_week_direct_isic
C33,金属制品业,task_timed,46,2019-08-06T22:00:00,14775.454109272594,0.6855704407077984,U168,25,measured_continuous_week_direct_isic
C33,金属制品业,task_timed,47,2019-08-06T23:00:00,14173.092485851299,0.6576212947404172,U168,25,measured_continuous_week_direct_isic
C33,金属制品业,task_timed,48,2019-08-07T00:00:00,12242.03780581787,0.5680217468530494,U168,25,measured_continuous_week_direct_isic
C33,金属制品业,task_timed,49,2019-08-07T01:00:00,10470.40124508646,0.4858190850104973,U168,25,measured_continuous_week_direct_isic
C33,金属制品业,task_timed,50,2019-08-07T02:00:00,10027.488286688445,0.4652682423874228,U168,25,measured_continuous_week_direct_isic
C33,金属制品业,task_timed,51,2019-08-07T03:00:00,9460.559699938993,0.4389631638298876,U168,25,measured_continuous_week_direct_isic
C33,金属制品业,task_timed,52,2019-08-07T04:00:00,8822.765039845855,0.4093699504526604,U168,25,measured_continuous_week_direct_isic
C33,金属制品业,task_timed,53,2019-08-07T05:00:00,8433.001636455605,0.39128520894435487,U168,25,measured_continuous_week_direct_isic
C33,金属制品业,task_timed,54,2019-08-07T06:00:00,7688.907866346945,0.35675979333758984,U168,25,measured_continuous_week_direct_isic
C33,金属制品业,task_timed,55,2019-08-07T07:00:00,7476.309646315899,0.34689538887851407,U168,25,measured_continuous_week_direct_isic
C33,金属制品业,task_timed,56,2019-08-07T08:00:00,17308.931504169854,0.8031219691615297,U168,25,measured_continuous_week_direct_isic
C33,金属制品业,task_timed,57,2019-08-07T09:00:00,21915.21099864854,1.0168500237917584,U168,25,measured_continuous_week_direct_isic
C33,金属制品业,task_timed,58,2019-08-07T10:00:00,28169.08087978593,1.307025087030587,U168,25,measured_continuous_week_direct_isic
C33,金属制品业,task_timed,59,2019-08-07T11:00:00,26787.192449584138,1.242906458046595,U168,25,measured_continuous_week_direct_isic
C33,金属制品业,task_timed,60,2019-08-07T12:00:00,16352.239514030152,0.7587321490956891,U168,25,measured_continuous_week_direct_isic
C33,金属制品业,task_timed,61,2019-08-07T13:00:00,16936.86934625489,0.7858585527084017,U168,25,measured_continuous_week_direct_isic
C33,金属制品业,task_timed,62,2019-08-07T14:00:00,24324.611673751824,1.1286444817120465,U168,25,measured_continuous_week_direct_isic
C33,金属制品业,task_timed,63,2019-08-07T15:00:00,26078.531716147318,1.2100251098496757,U168,25,measured_continuous_week_direct_isic
C33,金属制品业,task_timed,64,2019-08-07T16:00:00,27176.955852974388,1.2609911995549004,U168,25,measured_continuous_week_direct_isic
C33,金属制品业,task_timed,65,2019-08-07T17:00:00,26539.161192881245,1.231397986177673,U168,25,measured_continuous_week_direct_isic
C33,金属制品业,task_timed,66,2019-08-07T18:00:00,15714.460126797649,0.7291396443682074,U168,25,measured_continuous_week_direct_isic
C33,金属制品业,task_timed,67,2019-08-07T19:00:00,17627.81356135579,0.8179178672003978,U168,25,measured_continuous_week_direct_isic
C33,金属制品业,task_timed,68,2019-08-07T20:00:00,18035.29348308196,0.8368246424136263,U168,25,measured_continuous_week_direct_isic
C33,金属制品业,task_timed,69,2019-08-07T21:00:00,16299.074686161755,0.7562653393311745,U168,25,measured_continuous_week_direct_isic
C33,金属制品业,task_timed,70,2019-08-07T22:00:00,15200.650549334685,0.7052992496259498,U168,25,measured_continuous_week_direct_isic
C33,金属制品业,task_timed,71,2019-08-07T23:00:00,13854.210428665365,0.6428253967015491,U168,25,measured_continuous_week_direct_isic
C33,金属制品业,task_timed,72,2019-08-08T00:00:00,12224.336560342585,0.5672004217978721,U168,25,measured_continuous_week_direct_isic
C33,金属制品业,task_timed,73,2019-08-08T01:00:00,11391.660198554324,0.5285648376664922,U168,25,measured_continuous_week_direct_isic
C33,金属制品业,task_timed,74,2019-08-08T02:00:00,10470.40124508646,0.4858190850104973,U168,25,measured_continuous_week_direct_isic
C33,金属制品业,task_timed,75,2019-08-08T03:00:00,10062.921323360288,0.46691230979726883,U168,25,measured_continuous_week_direct_isic
C33,金属制品业,task_timed,76,2019-08-08T04:00:00,9177.095406564265,0.42581062455111995,U168,25,measured_continuous_week_direct_isic
C33,金属制品业,task_timed,77,2019-08-08T05:00:00,8238.11993476048,0.3822428381902021,U168,25,measured_continuous_week_direct_isic
C33,金属制品业,task_timed,78,2019-08-08T06:00:00,8184.970379752718,0.3797767370754332,U168,25,measured_continuous_week_direct_isic
C33,金属制品业,task_timed,79,2019-08-08T07:00:00,8875.914594853617,0.41183605156742936,U168,25,measured_continuous_week_direct_isic
C33,金属制品业,task_timed,80,2019-08-08T08:00:00,18035.308755942595,0.8368253510633719,U168,25,measured_continuous_week_direct_isic
C33,金属制品业,task_timed,81,2019-08-08T09:00:00,27424.98710967727,1.272499671423822,U168,25,measured_continuous_week_direct_isic
C33,金属制品业,task_timed,82,2019-08-08T10:00:00,37611.92406138901,1.7451662171555518,U168,25,measured_continuous_week_direct_isic
C33,金属制品业,task_timed,83,2019-08-08T11:00:00,37611.92406138901,1.7451662171555518,U168,25,measured_continuous_week_direct_isic
C33,金属制品业,task_timed,84,2019-08-08T12:00:00,23102.171908573313,1.0719241560723611,U168,25,measured_continuous_week_direct_isic
C33,金属制品业,task_timed,85,2019-08-08T13:00:00,25582.469202741544,1.1870081661118324,U168,25,measured_continuous_week_direct_isic
C33,金属制品业,task_timed,86,2019-08-08T14:00:00,32881.62893855887,1.525683926590862,U168,25,measured_continuous_week_direct_isic
C33,金属制品业,task_timed,87,2019-08-08T15:00:00,38444.60042317727,1.7838018012869317,U168,25,measured_continuous_week_direct_isic
C33,金属制品业,task_timed,88,2019-08-08T16:00:00,39879.623135526184,1.8503858227359469,U168,25,measured_continuous_week_direct_isic
C33,金属制品业,task_timed,89,2019-08-08T17:00:00,37080.428511311395,1.7205052060078625,U168,25,measured_continuous_week_direct_isic
C33,金属制品业,task_timed,90,2019-08-08T18:00:00,22641.557704700015,1.0505519883941092,U168,25,measured_continuous_week_direct_isic
C33,金属制品业,task_timed,91,2019-08-08T19:00:00,26344.294764046757,1.222356324073266,U168,25,measured_continuous_week_direct_isic
C33,金属制品业,task_timed,92,2019-08-08T20:00:00,27761.600958059764,1.2881183118173587,U168,25,measured_continuous_week_direct_isic
C33,金属制品业,task_timed,93,2019-08-08T21:00:00,24625.792485462473,1.142619054695737,U168,25,measured_continuous_week_direct_isic
C33,金属制品业,task_timed,94,2019-08-08T22:00:00,19098.28458323719,0.8861466647090049,U168,25,measured_continuous_week_direct_isic
C33,金属制品业,task_timed,95,2019-08-08T23:00:00,16653.405052880164,0.772706013429634,U168,25,measured_continuous_week_direct_isic
C33,金属制品业,task_timed,96,2019-08-09T00:00:00,14456.556779226028,0.6707738340191849,U168,25,measured_continuous_week_direct_isic
C33,金属制品业,task_timed,97,2019-08-09T01:00:00,13003.863367123087,0.6033699048144832,U168,25,measured_continuous_week_direct_isic
C33,金属制品业,task_timed,98,2019-08-09T02:00:00,11976.3053036397,0.5556919499289504,U168,25,measured_continuous_week_direct_isic
C33,金属制品业,task_timed,99,2019-08-09T03:00:00,11196.778496859199,0.5195224669123394,U168,25,measured_continuous_week_direct_isic
C33,金属制品业,task_timed,100,2019-08-09T04:00:00,10665.282946781585,0.49486145576465007,U168,25,measured_continuous_week_direct_isic
C33,金属制品业,task_timed,101,2019-08-09T05:00:00,10346.385616735015,0.48006484907603647,U168,25,measured_continuous_week_direct_isic
C33,金属制品业,task_timed,102,2019-08-09T06:00:00,9425.12666326715,0.4373190964200416,U168,25,measured_continuous_week_direct_isic
C33,金属制品业,task_timed,103,2019-08-09T07:00:00,10842.448130140789,0.5030817928138799,U168,25,measured_continuous_week_direct_isic
C33,金属制品业,task_timed,104,2019-08-09T08:00:00,25405.319292242966,1.178788537712348,U168,25,measured_continuous_week_direct_isic
C33,金属制品业,task_timed,105,2019-08-09T09:00:00,36247.75214952313,1.6818696218764824,U168,25,measured_continuous_week_direct_isic
C33,金属制品业,task_timed,106,2019-08-09T10:00:00,40499.686004422765,1.8791562937585056,U168,25,measured_continuous_week_direct_isic
C33,金属制品业,task_timed,107,2019-08-09T11:00:00,39932.787963394585,1.8528526325004617,U168,25,measured_continuous_week_direct_isic
C33,金属制品业,task_timed,108,2019-08-09T12:00:00,23385.636201948037,1.0850766953511286,U168,25,measured_continuous_week_direct_isic
C33,金属制品业,task_timed,109,2019-08-09T13:00:00,28222.23043479369,1.309491188145356,U168,25,measured_continuous_week_direct_isic
C33,金属制品业,task_timed,110,2019-08-09T14:00:00,35556.82320728286,1.6498110160342319,U168,25,measured_continuous_week_direct_isic
C33,金属制品业,task_timed,111,2019-08-09T15:00:00,39489.87500499657,1.832301789877387,U168,25,measured_continuous_week_direct_isic
C33,金属制品业,task_timed,112,2019-08-09T16:00:00,36571.82363838649,1.6969063058117302,U168,25,measured_continuous_week_direct_isic
C33,金属制品业,task_timed,113,2019-08-09T17:00:00,36850.11377294442,1.7098187678438637,U168,25,measured_continuous_week_direct_isic
C33,金属制品业,task_timed,114,2019-08-09T18:00:00,23102.171908573313,1.0719241560723611,U168,25,measured_continuous_week_direct_isic
C33,金属制品业,task_timed,115,2019-08-09T19:00:00,24554.92641211879,1.1393309198760453,U168,25,measured_continuous_week_direct_isic
C33,金属制品业,task_timed,116,2019-08-09T20:00:00,26875.775041263736,1.2470166265712097,U168,25,measured_continuous_week_direct_isic
C33,金属制品业,task_timed,117,2019-08-09T21:00:00,23757.68308700237,1.1023394031545113,U168,25,measured_continuous_week_direct_isic
C33,金属制品业,task_timed,118,2019-08-09T22:00:00,19558.91405997112,0.9075195410370024,U168,25,measured_continuous_week_direct_isic
C33,金属制品业,task_timed,119,2019-08-09T23:00:00,18797.10377152654,0.8721720917253143,U168,25,measured_continuous_week_direct_isic
C33,金属制品业,task_timed,120,2019-08-10T00:00:00,15803.012172755984,0.7332483955933312,U168,25,measured_continuous_week_direct_isic
C33,金属制品业,task_timed,121,2019-08-10T01:00:00,15005.768847639561,0.6962568788717971,U168,25,measured_continuous_week_direct_isic
C33,金属制品业,task_timed,122,2019-08-10T02:00:00,14350.257669210505,0.665841631789647,U168,25,measured_continuous_week_direct_isic
C33,金属制品业,task_timed,123,2019-08-10T03:00:00,13747.926591510477,0.637893903121757,U168,25,measured_continuous_week_direct_isic
C33,金属制品业,task_timed,124,2019-08-10T04:00:00,13216.46158715413,0.6132343092735588,U168,25,measured_continuous_week_direct_isic
C33,金属制品业,task_timed,125,2019-08-10T05:00:00,12312.919152022185,0.5713105903224869,U168,25,measured_continuous_week_direct_isic
C33,金属制品业,task_timed,126,2019-08-10T06:00:00,11249.92805186696,0.5219885680271084,U168,25,measured_continuous_week_direct_isic
C33,金属制品业,task_timed,127,2019-08-10T07:00:00,11728.274046936813,0.5441834780600288,U168,25,measured_continuous_week_direct_isic
C33,金属制品业,task_timed,128,2019-08-10T08:00:00,33510.56533948405,1.554866123115628,U168,25,measured_continuous_week_direct_isic
C33,金属制品业,task_timed,129,2019-08-10T09:00:00,38267.43523981806,1.775581464237702,U168,25,measured_continuous_week_direct_isic
C33,金属制品业,task_timed,130,2019-08-10T10:00:00,39861.90661719026,1.8495637890310237,U168,25,measured_continuous_week_direct_isic
C33,金属制品业,task_timed,131,2019-08-10T11:00:00,40039.07180054947,1.857784126080254,U168,25,measured_continuous_week_direct_isic
C33,金属制品业,task_timed,132,2019-08-10T12:00:00,23066.73887190147,1.070280088662515,U168,25,measured_continuous_week_direct_isic
C33,金属制品业,task_timed,133,2019-08-10T13:00:00,25972.23260613179,1.2050929076201378,U168,25,measured_continuous_week_direct_isic
C33,金属制品业,task_timed,134,2019-08-10T14:00:00,33997.76959372186,1.5774720500010098,U168,25,measured_continuous_week_direct_isic
C33,金属制品业,task_timed,135,2019-08-10T15:00:00,38816.64730823159,1.8010645090903141,U168,25,measured_continuous_week_direct_isic
C33,金属制品业,task_timed,136,2019-08-10T16:00:00,39968.205727205794,1.8544959912605623,U168,25,measured_continuous_week_direct_isic
C33,金属制品业,task_timed,137,2019-08-10T17:00:00,37753.65620807636,1.7517424867949352,U168,25,measured_continuous_week_direct_isic
C33,金属制品业,task_timed,138,2019-08-10T18:00:00,23633.667458650925,1.0965851672200504,U168,25,measured_continuous_week_direct_isic
C33,金属制品业,task_timed,139,2019-08-10T19:00:00,23474.21879362764,1.0891868638757434,U168,25,measured_continuous_week_direct_isic
C33,金属制品业,task_timed,140,2019-08-10T20:00:00,25149.89318687781,1.1669369501856015,U168,25,measured_continuous_week_direct_isic
C33,金属制品业,task_timed,141,2019-08-10T21:00:00,23548.04223370396,1.0926122183842,U168,25,measured_continuous_week_direct_isic
C33,金属制品业,task_timed,142,2019-08-10T22:00:00,19470.33146829152,0.9034093725123875,U168,25,measured_continuous_week_direct_isic
C33,金属制品业,task_timed,143,2019-08-10T23:00:00,17131.751047950016,0.7949009234625544,U168,25,measured_continuous_week_direct_isic
C33,金属制品业,task_timed,144,2019-08-11T00:00:00,14669.154999257073,0.6806382384782605,U168,25,measured_continuous_week_direct_isic
C33,金属制品业,task_timed,145,2019-08-11T01:00:00,13287.327660497813,0.6165224440932507,U168,25,measured_continuous_week_direct_isic
C33,金属制品业,task_timed,146,2019-08-11T02:00:00,12755.832110420199,0.5918614329455614,U168,25,measured_continuous_week_direct_isic
C33,金属制品业,task_timed,147,2019-08-11T03:00:00,12153.470486998904,0.5639122869781802,U168,25,measured_continuous_week_direct_isic
C33,金属制品业,task_timed,148,2019-08-11T04:00:00,11887.722711960098,0.5515817814043356,U168,25,measured_continuous_week_direct_isic
C33,金属制品业,task_timed,149,2019-08-11T05:00:00,11249.92805186696,0.5219885680271084,U168,25,measured_continuous_week_direct_isic
C33,金属制品业,task_timed,150,2019-08-11T06:00:00,10470.40124508646,0.4858190850104973,U168,25,measured_continuous_week_direct_isic
C33,金属制品业,task_timed,151,2019-08-11T07:00:00,10612.133391773821,0.49239535464988105,U168,25,measured_continuous_week_direct_isic
C33,金属制品业,task_timed,152,2019-08-11T08:00:00,24661.22552213431,1.144263122105583,U168,25,measured_continuous_week_direct_isic
C33,金属制品业,task_timed,153,2019-08-11T09:00:00,32828.464110690475,1.5232171168263475,U168,25,measured_continuous_week_direct_isic
C33,金属制品业,task_timed,154,2019-08-11T10:00:00,34529.24987093884,1.6021323524989535,U168,25,measured_continuous_week_direct_isic
C33,金属制品业,task_timed,155,2019-08-11T11:00:00,35113.89497602421,1.6292594647614116,U168,25,measured_continuous_week_direct_isic
C33,金属制品业,task_timed,156,2019-08-11T12:00:00,20267.574793407937,0.9404008892339214,U168,25,measured_continuous_week_direct_isic
C33,金属制品业,task_timed,157,2019-08-11T13:00:00,22322.67564751408,1.0357560903552412,U168,25,measured_continuous_week_direct_isic
C33,金属制品业,task_timed,158,2019-08-11T14:00:00,32438.715980160858,1.5051330839677877,U168,25,measured_continuous_week_direct_isic
C33,金属制品业,task_timed,159,2019-08-11T15:00:00,36814.68073627258,1.7081747004340175,U168,25,measured_continuous_week_direct_isic
C33,金属制品业,task_timed,160,2019-08-11T16:00:00,37257.5936946706,1.7287255430570923,U168,25,measured_continuous_week_direct_isic
C33,金属制品业,task_timed,161,2019-08-11T17:00:00,34440.667279259236,1.5980221839743385,U168,25,measured_continuous_week_direct_isic
C33,金属制品业,task_timed,162,2019-08-11T18:00:00,19948.677463361375,0.925604282545308,U168,25,measured_continuous_week_direct_isic
C33,金属制品业,task_timed,163,2019-08-11T19:00:00,19806.945316674006,0.919028012905924,U168,25,measured_continuous_week_direct_isic
C33,金属制品业,task_timed,164,2019-08-11T20:00:00,21791.180097436467,1.011095079207552,U168,25,measured_continuous_week_direct_isic
C33,金属制品业,task_timed,165,2019-08-11T21:00:00,20586.47212345451,0.9551974959225352,U168,25,measured_continuous_week_direct_isic
C33,金属制品业,task_timed,166,2019-08-11T22:00:00,16954.585864590812,0.7866805864133246,U168,25,measured_continuous_week_direct_isic
C33,金属制品业,task_timed,167,2019-08-11T23:00:00,16068.759947794788,0.7455789011671757,U168,25,measured_continuous_week_direct_isic
C34,通用设备制造业,task_timed,0,2021-07-12T00:00:00,7979.928985118389,0.5616393830387604,U223,28,measured_continuous_week_direct_isic
C34,通用设备制造业,task_timed,1,2021-07-12T01:00:00,7931.041209734171,0.5581985880071085,U223,28,measured_continuous_week_direct_isic
C34,通用设备制造业,task_timed,2,2021-07-12T02:00:00,7625.547983307269,0.5366975160636243,U223,28,measured_continuous_week_direct_isic
C34,通用设备制造业,task_timed,3,2021-07-12T03:00:00,7136.72929050451,0.5022937225517348,U223,28,measured_continuous_week_direct_isic
C34,通用设备制造业,task_timed,4,2021-07-12T04:00:00,6916.75644916531,0.48681170371103727,U223,28,measured_continuous_week_direct_isic
C34,通用设备制造业,task_timed,5,2021-07-12T05:00:00,6562.360682094332,0.46186879753474386,U223,28,measured_continuous_week_direct_isic
C34,通用设备制造业,task_timed,6,2021-07-12T06:00:00,6977.8550944506915,0.4911119180997342,U223,28,measured_continuous_week_direct_isic
C34,通用设备制造业,task_timed,7,2021-07-12T07:00:00,6696.7836078261125,0.4713296848703399,U223,28,measured_continuous_week_direct_isic
C34,通用设备制造业,task_timed,8,2021-07-12T08:00:00,18037.330032018577,1.2694943689024725,U223,28,measured_continuous_week_direct_isic
C34,通用设备制造业,task_timed,9,2021-07-12T09:00:00,25613.99023994162,1.8027510899344446,U223,28,measured_continuous_week_direct_isic
C34,通用设备制造业,task_timed,10,2021-07-12T10:00:00,22705.52935344711,1.5980492459795124,U223,28,measured_continuous_week_direct_isic
C34,通用设备制造业,task_timed,11,2021-07-12T11:00:00,22338.92271647497,1.572246920446174,U223,28,measured_continuous_week_direct_isic
C34,通用设备制造业,task_timed,12,2021-07-12T12:00:00,15202.208191230317,1.0699542370955966,U223,28,measured_continuous_week_direct_isic
C34,通用设备制造业,task_timed,13,2021-07-12T13:00:00,15910.984960112417,1.1198390102470261,U223,28,measured_continuous_week_direct_isic
C34,通用设备制造业,task_timed,14,2021-07-12T14:00:00,22607.76856793853,1.591168695117366,U223,28,measured_continuous_week_direct_isic
C34,通用设备制造业,task_timed,15,2021-07-12T15:00:00,24171.985431855388,1.701260626515181,U223,28,measured_continuous_week_direct_isic
C34,通用设备制造业,task_timed,16,2021-07-12T16:00:00,25381.806528701265,1.7864096517367023,U223,28,measured_continuous_week_direct_isic
C34,通用设备制造业,task_timed,17,2021-07-12T17:00:00,19943.717027845392,1.4036687479183785,U223,28,measured_continuous_week_direct_isic
C34,通用设备制造业,task_timed,18,2021-07-12T18:00:00,14187.893900141744,0.9985652743972109,U223,28,measured_continuous_week_direct_isic
C34,通用设备制造业,task_timed,19,2021-07-12T19:00:00,17524.07483415364,1.2333706974753358,U223,28,measured_continuous_week_direct_isic
C34,通用设备制造业,task_timed,20,2021-07-12T20:00:00,12978.08756855572,0.9134172883768465,U223,28,measured_continuous_week_direct_isic
C34,通用设备制造业,task_timed,21,2021-07-12T21:00:00,11022.82756260454,0.7758031535304458,U223,28,measured_continuous_week_direct_isic
C34,通用设备制造业,task_timed,22,2021-07-12T22:00:00,11291.658648808247,0.7947238890004809,U223,28,measured_continuous_week_direct_isic
C34,通用设备制造业,task_timed,23,2021-07-12T23:00:00,12587.029661261544,0.8858940457271037,U223,28,measured_continuous_week_direct_isic
C34,通用设备制造业,task_timed,24,2021-07-13T00:00:00,10558.445374863964,0.7431192379338039,U223,28,measured_continuous_week_direct_isic
C34,通用设备制造业,task_timed,25,2021-07-13T01:00:00,10424.022449132182,0.7336583505982077,U223,28,measured_continuous_week_direct_isic
C34,通用设备制造业,task_timed,26,2021-07-13T02:00:00,9507.483708812048,0.6691509779631257,U223,28,measured_continuous_week_direct_isic
C34,通用设备制造业,task_timed,27,2021-07-13T03:00:00,7491.110292315632,0.527235589526871,U223,28,measured_continuous_week_direct_isic
C34,通用设备制造业,task_timed,28,2021-07-13T04:00:00,7246.700945914253,0.5100336927709263,U223,28,measured_continuous_week_direct_isic
C34,通用设备制造业,task_timed,29,2021-07-13T05:00:00,6647.925362961607,0.46789096824100257,U223,28,measured_continuous_week_direct_isic
C34,通用设备制造业,task_timed,30,2021-07-13T06:00:00,7356.702131843706,0.5177757413924321,U223,28,measured_continuous_week_direct_isic
C34,通用设备制造业,task_timed,31,2021-07-13T07:00:00,6476.825531746769,0.4558487052307996,U223,28,measured_continuous_week_direct_isic
C34,通用设备制造业,task_timed,32,2021-07-13T08:00:00,20053.71821377485,1.4114107965398845,U223,28,measured_continuous_week_direct_isic
C34,通用设备制造业,task_timed,33,2021-07-13T09:00:00,27764.80134742968,1.9541284049074528,U223,28,measured_continuous_week_direct_isic
C34,通用设备制造业,task_timed,34,2021-07-13T10:00:00,25687.314520388023,1.807911762881344,U223,28,measured_continuous_week_direct_isic
C34,通用设备制造业,task_timed,35,2021-07-13T11:00:00,25235.157967808464,1.7760883058429038,U223,28,measured_continuous_week_direct_isic
C34,通用设备制造业,task_timed,36,2021-07-13T12:00:00,16302.042867406593,1.147362252896769,U223,28,measured_continuous_week_direct_isic
C34,通用设备制造业,task_timed,37,2021-07-13T13:00:00,16827.494169912843,1.1843443044797939,U223,28,measured_continuous_week_direct_isic
C34,通用设备制造业,task_timed,38,2021-07-13T14:00:00,25650.66714542468,1.8053324656090515,U223,28,measured_continuous_week_direct_isic
C34,通用设备制造业,task_timed,39,2021-07-13T15:00:00,24149.46287360208,1.699675455049942,U223,28,measured_continuous_week_direct_isic
C34,通用设备制造业,task_timed,40,2021-07-13T16:00:00,18835.387265689384,1.3256628352114295,U223,28,measured_continuous_week_direct_isic
C34,通用设备制造业,task_timed,41,2021-07-13T17:00:00,23585.40595354405,1.6599762821411452,U223,28,measured_continuous_week_direct_isic
C34,通用设备制造业,task_timed,42,2021-07-13T18:00:00,15128.869145524062,1.0647925249475403,U223,28,measured_continuous_week_direct_isic
C34,通用设备制造业,task_timed,43,2021-07-13T19:00:00,18648.360780651954,1.312499630392913,U223,28,measured_continuous_week_direct_isic
C34,通用设备制造业,task_timed,44,2021-07-13T20:00:00,14016.82359944662,0.9865250897893224,U223,28,measured_continuous_week_direct_isic
C34,通用设备制造业,task_timed,45,2021-07-13T21:00:00,12134.85834342213,0.8540695494875066,U223,28,measured_continuous_week_direct_isic
C34,通用设备制造业,task_timed,46,2021-07-13T22:00:00,12684.790446770123,0.8927745965892501,U223,28,measured_continuous_week_direct_isic
C34,通用设备制造业,task_timed,47,2021-07-13T23:00:00,13002.509308358045,0.9151361270909366,U223,28,measured_continuous_week_direct_isic
C34,通用设备制造业,task_timed,48,2021-07-14T00:00:00,11853.801622057405,0.8342883554592694,U223,28,measured_continuous_week_direct_isic
C34,通用设备制造业,task_timed,49,2021-07-14T01:00:00,11206.108733200828,0.7887027574953793,U223,28,measured_continuous_week_direct_isic
C34,通用设备制造业,task_timed,50,2021-07-14T02:00:00,9128.651436678887,0.642488193871585,U223,28,measured_continuous_week_direct_isic
C34,通用设备制造业,task_timed,51,2021-07-14T03:00:00,8358.776022511405,0.5883032063314584,U223,28,measured_continuous_week_direct_isic
C34,通用设备制造业,task_timed,52,2021-07-14T04:00:00,7894.393834770827,0.5556192907348162,U223,28,measured_continuous_week_direct_isic
C34,通用设备制造业,task_timed,53,2021-07-14T05:00:00,7821.054789064573,0.5504575785867599,U223,28,measured_continuous_week_direct_isic
C34,通用设备制造业,task_timed,54,2021-07-14T06:00:00,8529.84632320653,0.6003433909393467,U223,28,measured_continuous_week_direct_isic
C34,通用设备制造业,task_timed,55,2021-07-14T07:00:00,7014.517234673892,0.4936922545731838,U223,28,measured_continuous_week_direct_isic
C34,通用设备制造业,task_timed,56,2021-07-14T08:00:00,20029.26694345281,1.4096898794234798,U223,28,measured_continuous_week_direct_isic
C34,通用设备制造业,task_timed,57,2021-07-14T09:00:00,25699.34071413958,1.8087581844537068,U223,28,measured_continuous_week_direct_isic
C34,通用设备制造业,task_timed,58,2021-07-14T10:00:00,27214.869244081685,1.9154233578057094,U223,28,measured_continuous_week_direct_isic
C34,通用设备制造业,task_timed,59,2021-07-14T11:00:00,23765.974434407086,1.6726849629298197,U223,28,measured_continuous_week_direct_isic
C34,通用设备制造业,task_timed,60,2021-07-14T12:00:00,17340.778898297493,1.220470054309245,U223,28,measured_continuous_week_direct_isic
C34,通用设备制造业,task_timed,61,2021-07-14T13:00:00,18599.473005267737,1.3090588353612613,U223,28,measured_continuous_week_direct_isic
C34,通用设备制造业,task_timed,62,2021-07-14T14:00:00,25895.061726566204,1.822533323163839,U223,28,measured_continuous_week_direct_isic
C34,通用设备制造业,task_timed,63,2021-07-14T15:00:00,26616.064130609324,1.873278554873471,U223,28,measured_continuous_week_direct_isic
C34,通用设备制造业,task_timed,64,2021-07-14T16:00:00,28131.40798440182,1.9799307304407914,U223,28,measured_continuous_week_direct_isic
C34,通用设备制造业,task_timed,65,2021-07-14T17:00:00,22534.44428749213,1.5860080221704669,U223,28,measured_continuous_week_direct_isic
C34,通用设备制造业,task_timed,66,2021-07-14T18:00:00,15153.3204158461,1.0665134420639448,U223,28,measured_continuous_week_direct_isic
C34,通用设备制造业,task_timed,67,2021-07-14T19:00:00,17328.553263136473,1.2196095957510427,U223,28,measured_continuous_week_direct_isic
C34,通用设备制造业,task_timed,68,2021-07-14T20:00:00,15226.644696292497,1.0716741150108438,U223,28,measured_continuous_week_direct_isic
C34,通用设备制造业,task_timed,69,2021-07-14T21:00:00,12611.466166323724,0.8876139236423509,U223,28,measured_continuous_week_direct_isic
C34,通用设备制造业,task_timed,70,2021-07-14T22:00:00,12562.578390939505,0.8841731286106991,U223,28,measured_continuous_week_direct_isic
C34,通用设备制造业,task_timed,71,2021-07-14T23:00:00,13442.4697562963,0.9461012039734888,U223,28,measured_continuous_week_direct_isic
C34,通用设备制造业,task_timed,72,2021-07-15T00:00:00,11878.238127119586,0.8360082333745168,U223,28,measured_continuous_week_direct_isic
C34,通用设备制造业,task_timed,73,2021-07-15T01:00:00,12073.78922865646,0.8497714135011242,U223,28,measured_continuous_week_direct_isic
C34,通用设备制造业,task_timed,74,2021-07-15T02:00:00,10045.190176999025,0.7069955665066671,U223,28,measured_continuous_week_direct_isic
C34,通用设备制造业,task_timed,75,2021-07-15T03:00:00,8676.494884099327,0.610664736833145,U223,28,measured_continuous_week_direct_isic
C34,通用设备制造业,task_timed,76,2021-07-15T04:00:00,8322.113882288206,0.5857228698580088,U223,28,measured_continuous_week_direct_isic
C34,通用设备制造业,task_timed,77,2021-07-15T05:00:00,7918.815574573152,0.5573381294489063,U223,28,measured_continuous_week_direct_isic
C34,通用设备制造业,task_timed,78,2021-07-15T06:00:00,8322.113882288206,0.5857228698580088,U223,28,measured_continuous_week_direct_isic
C34,通用设备制造业,task_timed,79,2021-07-15T07:00:00,7100.067150281309,0.4997133860782852,U223,28,measured_continuous_week_direct_isic
C34,通用设备制造业,task_timed,80,2021-07-15T08:00:00,20249.225019532154,1.42517085906302,U223,28,measured_continuous_week_direct_isic
C34,通用设备制造业,task_timed,81,2021-07-15T09:00:00,16334.937422330626,1.1496774210602103,U223,28,measured_continuous_week_direct_isic
C34,通用设备制造业,task_timed,82,2021-07-15T10:00:00,27019.332907804663,1.901661216880259,U223,28,measured_continuous_week_direct_isic
C34,通用设备制造业,task_timed,83,2021-07-15T11:00:00,26053.921157360168,1.8337140884146825,U223,28,measured_continuous_week_direct_isic
C34,通用设备制造业,task_timed,84,2021-07-15T12:00:00,16558.663083709136,1.165423569009759,U223,28,measured_continuous_week_direct_isic
C34,通用设备制造业,task_timed,85,2021-07-15T13:00:00,18611.698640428756,1.3099192939194635,U223,28,measured_continuous_week_direct_isic
C34,通用设备制造业,task_timed,86,2021-07-15T14:00:00,25284.03097793283,1.7795280616733988,U223,28,measured_continuous_week_direct_isic
C34,通用设备制造业,task_timed,87,2021-07-15T15:00:00,25699.525390289185,1.808771182238389,U223,28,measured_continuous_week_direct_isic
C34,通用设备制造业,task_timed,88,2021-07-15T16:00:00,22336.566725172004,1.5720811022409857,U223,28,measured_continuous_week_direct_isic
C34,通用设备制造业,task_timed,89,2021-07-15T17:00:00,20262.15266148716,1.426080725913376,U223,28,measured_continuous_week_direct_isic
C34,通用设备制造业,task_timed,90,2021-07-15T18:00:00,12843.664642823942,0.9039564010412506,U223,28,measured_continuous_week_direct_isic
C34,通用设备制造业,task_timed,91,2021-07-15T19:00:00,14456.75451686516,1.01748808826956,U223,28,measured_continuous_week_direct_isic
C34,通用设备制造业,task_timed,92,2021-07-15T20:00:00,12745.889092055502,0.8970748109779468,U223,28,measured_continuous_week_direct_isic
C34,通用设备制造业,task_timed,93,2021-07-15T21:00:00,11976.01367788802,0.8428898234378203,U223,28,measured_continuous_week_direct_isic
C34,通用设备制造业,task_timed,94,2021-07-15T22:00:00,11206.123498460685,0.7887037966965367,U223,28,measured_continuous_week_direct_isic
C34,通用设备制造业,task_timed,95,2021-07-15T23:00:00,11267.222143746065,0.7930040110852334,U223,28,measured_continuous_week_direct_isic
C34,通用设备制造业,task_timed,96,2021-07-16T00:00:00,8774.270434867765,0.6175463268964487,U223,28,measured_continuous_week_direct_isic
C34,通用设备制造业,task_timed,97,2021-07-16T01:00:00,8664.26924893831,0.6098042782749428,U223,28,measured_continuous_week_direct_isic
C34,通用设备制造业,task_timed,98,2021-07-16T02:00:00,7857.716929287773,0.5530379150602095,U223,28,measured_continuous_week_direct_isic
C34,通用设备制造业,task_timed,99,2021-07-16T03:00:00,7674.42099343163,0.5401372718941189,U223,28,measured_continuous_week_direct_isic
C34,通用设备制造业,task_timed,100,2021-07-16T04:00:00,7356.687366583851,0.517774702191275,U223,28,measured_continuous_week_direct_isic
C34,通用设备制造业,task_timed,101,2021-07-16T05:00:00,6696.798373085969,0.4713307240714971,U223,28,measured_continuous_week_direct_isic
C34,通用设备制造业,task_timed,102,2021-07-16T06:00:00,7454.448152092432,0.5246552530534214,U223,28,measured_continuous_week_direct_isic
C34,通用设备制造业,task_timed,103,2021-07-16T07:00:00,8016.591125341589,0.56421971951221,U223,28,measured_continuous_week_direct_isic
C34,通用设备制造业,task_timed,104,2021-07-16T08:00:00,15363.782810807843,1.0813261014096118,U223,28,measured_continuous_week_direct_isic
C34,通用设备制造业,task_timed,105,2021-07-16T09:00:00,14575.870181723145,1.0258716276025355,U223,28,measured_continuous_week_direct_isic
C34,通用设备制造业,task_timed,106,2021-07-16T10:00:00,23161.101935615945,1.6301131283092727,U223,28,measured_continuous_week_direct_isic
C34,通用设备制造业,task_timed,107,2021-07-16T11:00:00,26652.726270832525,1.8758588913469207,U223,28,measured_continuous_week_direct_isic
C34,通用设备制造业,task_timed,108,2021-07-16T12:00:00,16851.96020549474,1.1860662607973558,U223,28,measured_continuous_week_direct_isic
C34,通用设备制造业,task_timed,109,2021-07-16T13:00:00,17939.55448125014,1.2626127788391688,U223,28,measured_continuous_week_direct_isic
C34,通用设备制造业,task_timed,110,2021-07-16T14:00:00,27532.60287092946,1.937785927508553,U223,28,measured_continuous_week_direct_isic
C34,通用设备制造业,task_timed,111,2021-07-16T15:00:00,26053.950687879875,1.8337161668169966,U223,28,measured_continuous_week_direct_isic
C34,通用设备制造业,task_timed,112,2021-07-16T16:00:00,14298.856559318441,1.0063749929494137,U223,28,measured_continuous_week_direct_isic
C34,通用设备制造业,task_timed,113,2021-07-16T17:00:00,22180.04852042115,1.5610651159941735,U223,28,measured_continuous_week_direct_isic
C34,通用设备制造业,task_timed,114,2021-07-16T18:00:00,16558.663083709136,1.165423569009759,U223,28,measured_continuous_week_direct_isic
C34,通用设备制造业,task_timed,115,2021-07-16T19:00:00,18012.893526956395,1.267774490987225,U223,28,measured_continuous_week_direct_isic
C34,通用设备制造业,task_timed,116,2021-07-16T20:00:00,10851.742496649564,0.7637619297214006,U223,28,measured_continuous_week_direct_isic
C34,通用设备制造业,task_timed,117,2021-07-16T21:00:00,8749.833929805583,0.6158264489812014,U223,28,measured_continuous_week_direct_isic
C34,通用设备制造业,task_timed,118,2021-07-16T22:00:00,7087.841515120289,0.49885292752008276,U223,28,measured_continuous_week_direct_isic
C34,通用设备制造业,task_timed,119,2021-07-16T23:00:00,7796.6330492622465,0.5487387398726697,U223,28,measured_continuous_week_direct_isic
C34,通用设备制造业,task_timed,120,2021-07-17T00:00:00,6244.627055246552,0.4395062278318999,U223,28,measured_continuous_week_direct_isic
C34,通用设备制造业,task_timed,121,2021-07-17T01:00:00,6146.866269737972,0.4326256769697535,U223,28,measured_continuous_week_direct_isic
C34,通用设备制造业,task_timed,122,2021-07-17T02:00:00,6049.105484229392,0.425745126107607,U223,28,measured_continuous_week_direct_isic
C34,通用设备制造业,task_timed,123,2021-07-17T03:00:00,5731.386622641469,0.4033835956059204,U223,28,measured_continuous_week_direct_isic
C34,通用设备制造业,task_timed,124,2021-07-17T04:00:00,5511.3990160424155,0.3879005375640658,U223,28,measured_continuous_week_direct_isic
C34,通用设备制造业,task_timed,125,2021-07-17T05:00:00,5047.0168283018365,0.35521662196742354,U223,28,measured_continuous_week_direct_isic
C34,通用设备制造业,task_timed,126,2021-07-17T06:00:00,6635.6997278005865,0.46703050968280013,U223,28,measured_continuous_week_direct_isic
C34,通用设备制造业,task_timed,127,2021-07-17T07:00:00,5755.808362443795,0.40510243432001053,U223,28,measured_continuous_week_direct_isic
C34,通用设备制造业,task_timed,128,2021-07-17T08:00:00,20921.354413450914,1.4724763349421577,U223,28,measured_continuous_week_direct_isic
C34,通用设备制造业,task_timed,129,2021-07-17T09:00:00,28595.76064162268,2.0126125676351188,U223,28,measured_continuous_week_direct_isic
C34,通用设备制造业,task_timed,130,2021-07-17T10:00:00,24905.213471059524,1.7528663167830152,U223,28,measured_continuous_week_direct_isic
C34,通用设备制造业,task_timed,131,2021-07-17T11:00:00,26053.93592262002,1.8337151276158397,U223,28,measured_continuous_week_direct_isic
C34,通用设备制造业,task_timed,132,2021-07-17T12:00:00,15287.72857631802,1.0759732901983834,U223,28,measured_continuous_week_direct_isic
C34,通用设备制造业,task_timed,133,2021-07-17T13:00:00,16204.26731663816,1.1404806628334656,U223,28,measured_continuous_week_direct_isic
C34,通用设备制造业,task_timed,134,2021-07-17T14:00:00,24734.128405104548,1.7408250929739697,U223,28,measured_continuous_week_direct_isic
C34,通用设备制造业,task_timed,135,2021-07-17T15:00:00,25210.721462746285,1.7743684279276568,U223,28,measured_continuous_week_direct_isic
C34,通用设备制造业,task_timed,136,2021-07-17T16:00:00,26640.500635671506,1.8749984327887184,U223,28,measured_continuous_week_direct_isic
C34,通用设备制造业,task_timed,137,2021-07-17T17:00:00,17670.738160306293,1.2436930825702912,U223,28,measured_continuous_week_direct_isic
C34,通用设备制造业,task_timed,138,2021-07-17T18:00:00,9922.96335590855,0.6983930593269588,U223,28,measured_continuous_week_direct_isic
C34,通用设备制造业,task_timed,139,2021-07-17T19:00:00,12843.649877564085,0.9039553618400934,U223,28,measured_continuous_week_direct_isic
C34,通用设备制造业,task_timed,140,2021-07-17T20:00:00,10240.711748016185,0.7207566682309599,U223,28,measured_continuous_week_direct_isic
C34,通用设备制造业,task_timed,141,2021-07-17T21:00:00,10252.937383177203,0.7216171267891621,U223,28,measured_continuous_week_direct_isic
C34,通用设备制造业,task_timed,142,2021-07-17T22:00:00,9018.665016009289,0.6347471844512362,U223,28,measured_continuous_week_direct_isic
C34,通用设备制造业,task_timed,143,2021-07-17T23:00:00,9067.552791393508,0.6381879794828882,U223,28,measured_continuous_week_direct_isic
C34,通用设备制造业,task_timed,144,2021-07-18T00:00:00,7711.083133654829,0.5427176083675683,U223,28,measured_continuous_week_direct_isic
C34,通用设备制造业,task_timed,145,2021-07-18T01:00:00,7320.025226360652,0.5151943657178254,U223,28,measured_continuous_week_direct_isic
C34,通用设备制造业,task_timed,146,2021-07-18T02:00:00,5548.061156265614,0.3904808740375153,U223,28,measured_continuous_week_direct_isic
C34,通用设备制造业,task_timed,147,2021-07-18T03:00:00,4888.172162767732,0.34403689591773745,U223,28,measured_continuous_week_direct_isic
C34,通用设备制造业,task_timed,148,2021-07-18T04:00:00,4814.847882321332,0.3388762229708383,U223,28,measured_continuous_week_direct_isic
C34,通用设备制造业,task_timed,149,2021-07-18T05:00:00,4546.002030857772,0.3199544482996463,U223,28,measured_continuous_week_direct_isic
C34,通用设备制造业,task_timed,150,2021-07-18T06:00:00,5376.990855570491,0.37844068942962694,U223,28,measured_continuous_week_direct_isic
C34,通用设备制造业,task_timed,151,2021-07-18T07:00:00,5633.611071873032,0.3965020055426167,U223,28,measured_continuous_week_direct_isic
C34,通用设备制造业,task_timed,152,2021-07-18T08:00:00,10509.557599479745,0.7396784429021519,U223,28,measured_continuous_week_direct_isic
C34,通用设备制造业,task_timed,153,2021-07-18T09:00:00,14371.219366517598,1.0114679959656159,U223,28,measured_continuous_week_direct_isic
C34,通用设备制造业,task_timed,154,2021-07-18T10:00:00,13723.52647766102,0.9658823980017258,U223,28,measured_continuous_week_direct_isic
C34,通用设备制造业,task_timed,155,2021-07-18T11:00:00,12745.874326795649,0.8970737717767897,U223,28,measured_continuous_week_direct_isic
C34,通用设备制造业,task_timed,156,2021-07-18T12:00:00,11083.911442630066,0.7801023287179856,U223,28,measured_continuous_week_direct_isic
C34,通用设备制造业,task_timed,157,2021-07-18T13:00:00,10167.387467569784,0.7155959952840607,U223,28,measured_continuous_week_direct_isic
C34,通用设备制造业,task_timed,158,2021-07-18T14:00:00,13674.653467536658,0.9624426421712312,U223,28,measured_continuous_week_direct_isic
C34,通用设备制造业,task_timed,159,2021-07-18T15:00:00,15067.770500238681,1.0604923105588433,U223,28,measured_continuous_week_direct_isic
C34,通用设备制造业,task_timed,160,2021-07-18T16:00:00,14285.669450910182,1.0054468644605146,U223,28,measured_continuous_week_direct_isic
C34,通用设备制造业,task_timed,161,2021-07-18T17:00:00,12403.733725405398,0.8729934025610129,U223,28,measured_continuous_week_direct_isic
C34,通用设备制造业,task_timed,162,2021-07-18T18:00:00,8334.324752189368,0.5865822892150538,U223,28,measured_continuous_week_direct_isic
C34,通用设备制造业,task_timed,163,2021-07-18T19:00:00,8383.19776231373,0.5900220450455484,U223,28,measured_continuous_week_direct_isic
C34,通用设备制造业,task_timed,164,2021-07-18T20:00:00,10069.61191680135,0.7087144052207571,U223,28,measured_continuous_week_direct_isic
C34,通用设备制造业,task_timed,165,2021-07-18T21:00:00,10167.37270230993,0.7155949560829036,U223,28,measured_continuous_week_direct_isic
C34,通用设备制造业,task_timed,166,2021-07-18T22:00:00,9458.595933427827,0.6657101829314738,U223,28,measured_continuous_week_direct_isic
C34,通用设备制造业,task_timed,167,2021-07-18T23:00:00,9898.541616106226,0.6966742206128688,U223,28,measured_continuous_week_direct_isic
C35,专用设备制造业,task_timed,0,2021-07-12T00:00:00,3977.3393014658045,0.5616393830387604,U223,28,measured_continuous_week_direct_isic
C35,专用设备制造业,task_timed,1,2021-07-12T01:00:00,3952.9727600141828,0.5581985880071085,U223,28,measured_continuous_week_direct_isic
C35,专用设备制造业,task_timed,2,2021-07-12T02:00:00,3800.7094732023284,0.5366975160636243,U223,28,measured_continuous_week_direct_isic
C35,专用设备制造业,task_timed,3,2021-07-12T03:00:00,3557.0734957642776,0.5022937225517348,U223,28,measured_continuous_week_direct_isic
C35,专用设备制造业,task_timed,4,2021-07-12T04:00:00,3447.435098136292,0.48681170371103727,U223,28,measured_continuous_week_direct_isic
C35,专用设备制造业,task_timed,5,2021-07-12T05:00:00,3270.797910603274,0.46186879753474386,U223,28,measured_continuous_week_direct_isic
C35,专用设备制造业,task_timed,6,2021-07-12T06:00:00,3477.887755498663,0.4911119180997342,U223,28,measured_continuous_week_direct_isic
C35,专用设备制造业,task_timed,7,2021-07-12T07:00:00,3337.796700508307,0.4713296848703399,U223,28,measured_continuous_week_direct_isic
C35,专用设备制造业,task_timed,8,2021-07-12T08:00:00,8990.127827408556,1.2694943689024727,U223,28,measured_continuous_week_direct_isic
C35,专用设备制造业,task_timed,9,2021-07-12T09:00:00,12766.47075915926,1.8027510899344446,U223,28,measured_continuous_week_direct_isic
C35,专用设备制造业,task_timed,10,2021-07-12T10:00:00,11316.841844891538,1.5980492459795126,U223,28,measured_continuous_week_direct_isic
C35,专用设备制造业,task_timed,11,2021-07-12T11:00:00,11134.11854144777,1.572246920446174,U223,28,measured_continuous_week_direct_isic
C35,专用设备制造业,task_timed,12,2021-07-12T12:00:00,7577.052404953035,1.0699542370955966,U223,28,measured_continuous_week_direct_isic
C35,专用设备制造业,task_timed,13,2021-07-12T13:00:00,7930.319420749529,1.1198390102470261,U223,28,measured_continuous_week_direct_isic
C35,专用设备制造业,task_timed,14,2021-07-12T14:00:00,11268.116121257835,1.591168695117366,U223,28,measured_continuous_week_direct_isic
C35,专用设备制造业,task_timed,15,2021-07-12T15:00:00,12047.749777205692,1.7012606265151813,U223,28,measured_continuous_week_direct_isic
C35,专用设备制造业,task_timed,16,2021-07-12T16:00:00,12650.746245620527,1.7864096517367023,U223,28,measured_continuous_week_direct_isic
C35,专用设备制造业,task_timed,17,2021-07-12T17:00:00,9940.305195709137,1.4036687479183785,U223,28,measured_continuous_week_direct_isic
C35,专用设备制造业,task_timed,18,2021-07-12T18:00:00,7071.500024536061,0.9985652743972109,U223,28,measured_continuous_week_direct_isic
C35,专用设备制造业,task_timed,19,2021-07-12T19:00:00,8734.312258879465,1.2333706974753358,U223,28,measured_continuous_week_direct_isic
C35,专用设备制造业,task_timed,20,2021-07-12T20:00:00,6468.510915390765,0.9134172883768467,U223,28,measured_continuous_week_direct_isic
C35,专用设备制造业,task_timed,21,2021-07-12T21:00:00,5493.974364908102,0.7758031535304458,U223,28,measured_continuous_week_direct_isic
C35,专用设备制造业,task_timed,22,2021-07-12T22:00:00,5627.964585448628,0.7947238890004809,U223,28,measured_continuous_week_direct_isic
C35,专用设备制造业,task_timed,23,2021-07-12T23:00:00,6273.600661586416,0.8858940457271036,U223,28,measured_continuous_week_direct_isic
C35,专用设备制造业,task_timed,24,2021-07-13T00:00:00,5262.517978561093,0.7431192379338039,U223,28,measured_continuous_week_direct_isic
C35,专用设备制造业,task_timed,25,2021-07-13T01:00:00,5195.519188656059,0.7336583505982077,U223,28,measured_continuous_week_direct_isic
C35,专用设备制造业,task_timed,26,2021-07-13T02:00:00,4738.699891142329,0.6691509779631257,U223,28,measured_continuous_week_direct_isic
C35,专用设备制造业,task_timed,27,2021-07-13T03:00:00,3733.703324027754,0.527235589526871,U223,28,measured_continuous_week_direct_isic
C35,专用设备制造业,task_timed,28,2021-07-13T04:00:00,3611.885335308729,0.5100336927709263,U223,28,measured_continuous_week_direct_isic
C35,专用设备制造业,task_timed,29,2021-07-13T05:00:00,3313.444877595768,0.46789096824100257,U223,28,measured_continuous_week_direct_isic
C35,专用设备制造业,task_timed,30,2021-07-13T06:00:00,3666.711893392262,0.5177757413924321,U223,28,measured_continuous_week_direct_isic
C35,专用设备制造业,task_timed,31,2021-07-13T07:00:00,3228.1656621498623,0.4558487052307996,U223,28,measured_continuous_week_direct_isic
C35,专用设备制造业,task_timed,32,2021-07-13T08:00:00,9995.131753792672,1.4114107965398845,U223,28,measured_continuous_week_direct_isic
C35,专用设备制造业,task_timed,33,2021-07-13T09:00:00,13838.473475448413,1.9541284049074532,U223,28,measured_continuous_week_direct_isic
C35,专用设备制造业,task_timed,34,2021-07-13T10:00:00,12803.016891701924,1.807911762881344,U223,28,measured_continuous_week_direct_isic
C35,专用设备制造业,task_timed,35,2021-07-13T11:00:00,12577.653980535202,1.7760883058429038,U223,28,measured_continuous_week_direct_isic
C35,专用设备制造业,task_timed,36,2021-07-13T12:00:00,8125.229674553877,1.147362252896769,U223,28,measured_continuous_week_direct_isic
C35,专用设备制造业,task_timed,37,2021-07-13T13:00:00,8387.123999724177,1.1843443044797939,U223,28,measured_continuous_week_direct_isic
C35,专用设备制造业,task_timed,38,2021-07-13T14:00:00,12784.751184700133,1.8053324656090515,U223,28,measured_continuous_week_direct_isic
C35,专用设备制造业,task_timed,39,2021-07-13T15:00:00,12036.524131428956,1.699675455049942,U223,28,measured_continuous_week_direct_isic
C35,专用设备制造业,task_timed,40,2021-07-13T16:00:00,9387.893823348792,1.3256628352114295,U223,28,measured_continuous_week_direct_isic
C35,专用设备制造业,task_timed,41,2021-07-13T17:00:00,11755.388076133939,1.6599762821411452,U223,28,measured_continuous_week_direct_isic
C35,专用设备制造业,task_timed,42,2021-07-13T18:00:00,7540.498913140832,1.0647925249475403,U223,28,measured_continuous_week_direct_isic
C35,专用设备制造业,task_timed,43,2021-07-13T19:00:00,9294.676478840891,1.312499630392913,U223,28,measured_continuous_week_direct_isic
C35,专用设备制造业,task_timed,44,2021-07-13T20:00:00,6986.235527629238,0.9865250897893225,U223,28,measured_continuous_week_direct_isic
C35,专用设备制造业,task_timed,45,2021-07-13T21:00:00,6048.230391150156,0.8540695494875066,U223,28,measured_continuous_week_direct_isic
C35,专用设备制造业,task_timed,46,2021-07-13T22:00:00,6322.326385220118,0.8927745965892501,U223,28,measured_continuous_week_direct_isic
C35,专用设备制造业,task_timed,47,2021-07-13T23:00:00,6480.683147212264,0.9151361270909367,U223,28,measured_continuous_week_direct_isic
C35,专用设备制造业,task_timed,48,2021-07-14T00:00:00,5908.14669542934,0.8342883554592694,U223,28,measured_continuous_week_direct_isic
C35,专用设备制造业,task_timed,49,2021-07-14T01:00:00,5585.324977725674,0.7887027574953793,U223,28,measured_continuous_week_direct_isic
C35,专用设备制造业,task_timed,50,2021-07-14T02:00:00,4549.8831125182705,0.642488193871585,U223,28,measured_continuous_week_direct_isic
C35,专用设备制造业,task_timed,51,2021-07-14T03:00:00,4166.163439359404,0.5883032063314584,U223,28,measured_continuous_week_direct_isic
C35,专用设备制造业,task_timed,52,2021-07-14T04:00:00,3934.7070530123933,0.5556192907348162,U223,28,measured_continuous_week_direct_isic
C35,专用设备制造业,task_timed,53,2021-07-14T05:00:00,3898.1535612001912,0.5504575785867599,U223,28,measured_continuous_week_direct_isic
C35,专用设备制造业,task_timed,54,2021-07-14T06:00:00,4251.427936266226,0.6003433909393467,U223,28,measured_continuous_week_direct_isic
C35,专用设备制造业,task_timed,55,2021-07-14T07:00:00,3496.160821769994,0.4936922545731838,U223,28,measured_continuous_week_direct_isic
C35,专用设备制造业,task_timed,56,2021-07-14T08:00:00,9982.944803432089,1.4096898794234798,U223,28,measured_continuous_week_direct_isic
C35,专用设备制造业,task_timed,57,2021-07-14T09:00:00,12809.010961717371,1.8087581844537068,U223,28,measured_continuous_week_direct_isic
C35,专用设备制造业,task_timed,58,2021-07-14T10:00:00,13564.377481378448,1.9154233578057094,U223,28,measured_continuous_week_direct_isic
C35,专用设备制造业,task_timed,59,2021-07-14T11:00:00,11845.386635880755,1.6726849629298197,U223,28,measured_continuous_week_direct_isic
C35,专用设备制造业,task_timed,60,2021-07-14T12:00:00,8642.954286792352,1.2204700543092453,U223,28,measured_continuous_week_direct_isic
C35,专用设备制造业,task_timed,61,2021-07-14T13:00:00,9270.309937389267,1.3090588353612609,U223,28,measured_continuous_week_direct_isic
C35,专用设备制造业,task_timed,62,2021-07-14T14:00:00,12906.561814149618,1.8225333231638392,U223,28,measured_continuous_week_direct_isic
C35,专用设备制造业,task_timed,63,2021-07-14T15:00:00,13265.922305126403,1.873278554873471,U223,28,measured_continuous_week_direct_isic
C35,专用设备制造业,task_timed,64,2021-07-14T16:00:00,14021.19677889218,1.9799307304407916,U223,28,measured_continuous_week_direct_isic
C35,专用设备制造业,task_timed,65,2021-07-14T17:00:00,11231.569988715173,1.5860080221704669,U223,28,measured_continuous_week_direct_isic
C35,专用设备制造业,task_timed,66,2021-07-14T18:00:00,7552.685863501414,1.0665134420639448,U223,28,measured_continuous_week_direct_isic
C35,专用设备制造业,task_timed,67,2021-07-14T19:00:00,8636.86081161206,1.2196095957510427,U223,28,measured_continuous_week_direct_isic
C35,专用设备制造业,task_timed,68,2021-07-14T20:00:00,7589.231996044074,1.0716741150108438,U223,28,measured_continuous_week_direct_isic
C35,专用设备制造业,task_timed,69,2021-07-14T21:00:00,6285.780252677457,0.8876139236423509,U223,28,measured_continuous_week_direct_isic
C35,专用设备制造业,task_timed,70,2021-07-14T22:00:00,6261.413711225834,0.884173128610699,U223,28,measured_continuous_week_direct_isic
C35,专用设备制造业,task_timed,71,2021-07-14T23:00:00,6699.967301737776,0.9461012039734888,U223,28,measured_continuous_week_direct_isic
C35,专用设备制造业,task_timed,72,2021-07-15T00:00:00,5920.32628652038,0.8360082333745167,U223,28,measured_continuous_week_direct_isic
C35,专用设备制造业,task_timed,73,2021-07-15T01:00:00,6017.7924523268675,0.8497714135011242,U223,28,measured_continuous_week_direct_isic
C35,专用设备制造业,task_timed,74,2021-07-15T02:00:00,5006.702410032001,0.7069955665066671,U223,28,measured_continuous_week_direct_isic
C35,专用设备制造业,task_timed,75,2021-07-15T03:00:00,4324.52020135155,0.610664736833145,U223,28,measured_continuous_week_direct_isic
C35,专用设备制造业,task_timed,76,2021-07-15T04:00:00,4147.890373088073,0.5857228698580087,U223,28,measured_continuous_week_direct_isic
C35,专用设备制造业,task_timed,77,2021-07-15T05:00:00,3946.879284833892,0.5573381294489063,U223,28,measured_continuous_week_direct_isic
C35,专用设备制造业,task_timed,78,2021-07-15T06:00:00,4147.890373088073,0.5857228698580087,U223,28,measured_continuous_week_direct_isic
C35,专用设备制造业,task_timed,79,2021-07-15T07:00:00,3538.8004294929465,0.4997133860782852,U223,28,measured_continuous_week_direct_isic
C35,专用设备制造业,task_timed,80,2021-07-15T08:00:00,10092.575841790534,1.42517085906302,U223,28,measured_continuous_week_direct_isic
C35,专用设备制造业,task_timed,81,2021-07-15T09:00:00,8141.624908940996,1.1496774210602103,U223,28,measured_continuous_week_direct_isic
C35,专用设备制造业,task_timed,82,2021-07-15T10:00:00,13466.918674841501,1.901661216880259,U223,28,measured_continuous_week_direct_isic
C35,专用设备制造业,task_timed,83,2021-07-15T11:00:00,12985.740195145692,1.8337140884146825,U223,28,measured_continuous_week_direct_isic
C35,专用设备制造业,task_timed,84,2021-07-15T12:00:00,8253.133779183652,1.165423569009759,U223,28,measured_continuous_week_direct_isic
C35,专用设备制造业,task_timed,85,2021-07-15T13:00:00,9276.40341256956,1.3099192939194635,U223,28,measured_continuous_week_direct_isic
C35,专用设备制造业,task_timed,86,2021-07-15T14:00:00,12602.013162717285,1.7795280616733988,U223,28,measured_continuous_week_direct_isic
C35,专用设备制造业,task_timed,87,2021-07-15T15:00:00,12809.103007612674,1.8087711822383892,U223,28,measured_continuous_week_direct_isic
C35,专用设备制造业,task_timed,88,2021-07-15T16:00:00,11132.94427325307,1.5720811022409857,U223,28,measured_continuous_week_direct_isic
C35,专用设备制造业,task_timed,89,2021-07-15T17:00:00,10099.019209710073,1.426080725913376,U223,28,measured_continuous_week_direct_isic
C35,专用设备制造业,task_timed,90,2021-07-15T18:00:00,6401.512125485733,0.9039564010412507,U223,28,measured_continuous_week_direct_isic
C35,专用设备制造业,task_timed,91,2021-07-15T19:00:00,7205.504963615667,1.01748808826956,U223,28,measured_continuous_week_direct_isic
C35,专用设备制造业,task_timed,92,2021-07-15T20:00:00,6352.779042582489,0.8970748109779468,U223,28,measured_continuous_week_direct_isic
C35,专用设备制造业,task_timed,93,2021-07-15T21:00:00,5969.059369423622,0.8428898234378203,U223,28,measured_continuous_week_direct_isic
C35,专用设备制造业,task_timed,94,2021-07-15T22:00:00,5585.332336995217,0.7887037966965367,U223,28,measured_continuous_week_direct_isic
C35,专用设备制造业,task_timed,95,2021-07-15T23:00:00,5615.784994357587,0.7930040110852334,U223,28,measured_continuous_week_direct_isic
C35,专用设备制造业,task_timed,96,2021-07-16T00:00:00,4373.2532842547935,0.6175463268964487,U223,28,measured_continuous_week_direct_isic
C35,专用设备制造业,task_timed,97,2021-07-16T01:00:00,4318.426726171259,0.6098042782749428,U223,28,measured_continuous_week_direct_isic
C35,专用设备制造业,task_timed,98,2021-07-16T02:00:00,3916.426627471522,0.5530379150602095,U223,28,measured_continuous_week_direct_isic
C35,专用设备制造业,task_timed,99,2021-07-16T03:00:00,3825.068655384409,0.5401372718941189,U223,28,measured_continuous_week_direct_isic
C35,专用设备制造业,task_timed,100,2021-07-16T04:00:00,3666.7045341227213,0.517774702191275,U223,28,measured_continuous_week_direct_isic
C35,专用设备制造业,task_timed,101,2021-07-16T05:00:00,3337.804059777848,0.4713307240714971,U223,28,measured_continuous_week_direct_isic
C35,专用设备制造业,task_timed,102,2021-07-16T06:00:00,3715.4302577564235,0.5246552530534214,U223,28,measured_continuous_week_direct_isic
C35,专用设备制造业,task_timed,103,2021-07-16T07:00:00,3995.6123677371356,0.56421971951221,U223,28,measured_continuous_week_direct_isic
C35,专用设备制造业,task_timed,104,2021-07-16T08:00:00,7657.584084591227,1.0813261014096118,U223,28,measured_continuous_week_direct_isic
C35,专用设备制造业,task_timed,105,2021-07-16T09:00:00,7264.874340980228,1.0258716276025355,U223,28,measured_continuous_week_direct_isic
C35,专用设备制造业,task_timed,106,2021-07-16T10:00:00,11543.907366290221,1.630113128309273,U223,28,measured_continuous_week_direct_isic
C35,专用设备制造业,task_timed,107,2021-07-16T11:00:00,13284.195371397735,1.8758588913469205,U223,28,measured_continuous_week_direct_isic
C35,专用设备制造业,task_timed,108,2021-07-16T12:00:00,8399.318309354301,1.1860662607973558,U223,28,measured_continuous_week_direct_isic
C35,专用设备制造业,task_timed,109,2021-07-16T13:00:00,8941.394744505313,1.2626127788391688,U223,28,measured_continuous_week_direct_isic
C35,专用设备制造业,task_timed,110,2021-07-16T14:00:00,13722.741602640133,1.937785927508553,U223,28,measured_continuous_week_direct_isic
C35,专用设备制造业,task_timed,111,2021-07-16T15:00:00,12985.754913684772,1.8337161668169968,U223,28,measured_continuous_week_direct_isic
C35,专用设备制造业,task_timed,112,2021-07-16T16:00:00,7126.805798078867,1.0063749929494137,U223,28,measured_continuous_week_direct_isic
C35,专用设备制造业,task_timed,113,2021-07-16T17:00:00,11054.932801182156,1.5610651159941735,U223,28,measured_continuous_week_direct_isic
C35,专用设备制造业,task_timed,114,2021-07-16T18:00:00,8253.133779183652,1.165423569009759,U223,28,measured_continuous_week_direct_isic
C35,专用设备制造业,task_timed,115,2021-07-16T19:00:00,8977.948236317516,1.2677744909872253,U223,28,measured_continuous_week_direct_isic
C35,专用设备制造业,task_timed,116,2021-07-16T20:00:00,5408.70250873174,0.7637619297214004,U223,28,measured_continuous_week_direct_isic
C35,专用设备制造业,task_timed,117,2021-07-16T21:00:00,4361.073693163753,0.6158264489812014,U223,28,measured_continuous_week_direct_isic
C35,专用设备制造业,task_timed,118,2021-07-16T22:00:00,3532.706954312655,0.4988529275200828,U223,28,measured_continuous_week_direct_isic
C35,专用设备制造业,task_timed,119,2021-07-16T23:00:00,3885.9813293786915,0.5487387398726697,U223,28,measured_continuous_week_direct_isic
C35,专用设备制造业,task_timed,120,2021-07-17T00:00:00,3112.4337893415864,0.4395062278318999,U223,28,measured_continuous_week_direct_isic
C35,专用设备制造业,task_timed,121,2021-07-17T01:00:00,3063.7080657078845,0.4326256769697535,U223,28,measured_continuous_week_direct_isic
C35,专用设备制造业,task_timed,122,2021-07-17T02:00:00,3014.9823420741827,0.42574512610760706,U223,28,measured_continuous_week_direct_isic
C35,专用设备制造业,task_timed,123,2021-07-17T03:00:00,2856.625580082037,0.4033835956059204,U223,28,measured_continuous_week_direct_isic
C35,专用设备制造业,task_timed,124,2021-07-17T04:00:00,2746.97982318451,0.3879005375640658,U223,28,measured_continuous_week_direct_isic
C35,专用设备制造业,task_timed,125,2021-07-17T05:00:00,2515.523436837499,0.35521662196742354,U223,28,measured_continuous_week_direct_isic
C35,专用设备制造业,task_timed,126,2021-07-17T06:00:00,3307.3514024154765,0.4670305096828002,U223,28,measured_continuous_week_direct_isic
C35,专用设备制造业,task_timed,127,2021-07-17T07:00:00,2868.797811903536,0.40510243432001053,U223,28,measured_continuous_week_direct_isic
C35,专用设备制造业,task_timed,128,2021-07-17T08:00:00,10427.57715058524,1.4724763349421577,U223,28,measured_continuous_week_direct_isic
C35,专用设备制造业,task_timed,129,2021-07-17T09:00:00,14252.638446700104,2.0126125676351188,U223,28,measured_continuous_week_direct_isic
C35,专用设备制造业,task_timed,130,2021-07-17T10:00:00,12413.203743362765,1.7528663167830147,U223,28,measured_continuous_week_direct_isic
C35,专用设备制造业,task_timed,131,2021-07-17T11:00:00,12985.747554415233,1.8337151276158399,U223,28,measured_continuous_week_direct_isic
C35,专用设备制造业,task_timed,132,2021-07-17T12:00:00,7619.677294136904,1.0759732901983834,U223,28,measured_continuous_week_direct_isic
C35,专用设备制造业,task_timed,133,2021-07-17T13:00:00,8076.496591650635,1.1404806628334656,U223,28,measured_continuous_week_direct_isic
C35,专用设备制造业,task_timed,134,2021-07-17T14:00:00,12327.931887186403,1.7408250929739695,U223,28,measured_continuous_week_direct_isic
C35,专用设备制造业,task_timed,135,2021-07-17T15:00:00,12565.474389444164,1.7743684279276568,U223,28,measured_continuous_week_direct_isic
C35,专用设备制造业,task_timed,136,2021-07-17T16:00:00,13278.101896217444,1.8749984327887184,U223,28,measured_continuous_week_direct_isic
C35,专用设备制造业,task_timed,137,2021-07-17T17:00:00,8807.411883234328,1.2436930825702912,U223,28,measured_continuous_week_direct_isic
C35,专用设备制造业,task_timed,138,2021-07-17T18:00:00,4945.782376768177,0.6983930593269588,U223,28,measured_continuous_week_direct_isic
C35,专用设备制造业,task_timed,139,2021-07-17T19:00:00,6401.5047662161915,0.9039553618400934,U223,28,measured_continuous_week_direct_isic
C35,专用设备制造业,task_timed,140,2021-07-17T20:00:00,5104.153857299404,0.7207566682309597,U223,28,measured_continuous_week_direct_isic
C35,专用设备制造业,task_timed,141,2021-07-17T21:00:00,5110.247332479696,0.7216171267891621,U223,28,measured_continuous_week_direct_isic
C35,专用设备制造业,task_timed,142,2021-07-17T22:00:00,4495.063913704278,0.6347471844512363,U223,28,measured_continuous_week_direct_isic
C35,专用设备制造业,task_timed,143,2021-07-17T23:00:00,4519.430455155899,0.638187979482888,U223,28,measured_continuous_week_direct_isic
C35,专用设备制造业,task_timed,144,2021-07-18T00:00:00,3843.341721655739,0.5427176083675683,U223,28,measured_continuous_week_direct_isic
C35,专用设备制造业,task_timed,145,2021-07-18T01:00:00,3648.4314678513906,0.5151943657178254,U223,28,measured_continuous_week_direct_isic
C35,专用设备制造业,task_timed,146,2021-07-18T02:00:00,2765.252889455841,0.3904808740375153,U223,28,measured_continuous_week_direct_isic
C35,专用设备制造业,task_timed,147,2021-07-18T03:00:00,2436.3524151109673,0.34403689591773745,U223,28,measured_continuous_week_direct_isic
C35,专用设备制造业,task_timed,148,2021-07-18T04:00:00,2399.8062825683055,0.3388762229708383,U223,28,measured_continuous_week_direct_isic
C35,专用设备制造业,task_timed,149,2021-07-18T05:00:00,2265.8087027582405,0.3199544482996463,U223,28,measured_continuous_week_direct_isic
C35,专用设备制造业,task_timed,150,2021-07-18T06:00:00,2679.9883925490185,0.37844068942962694,U223,28,measured_continuous_week_direct_isic
C35,专用设备制造业,task_timed,151,2021-07-18T07:00:00,2807.8924971787933,0.3965020055426167,U223,28,measured_continuous_week_direct_isic
C35,专用设备制造业,task_timed,152,2021-07-18T08:00:00,5238.15143710947,0.7396784429021519,U223,28,measured_continuous_week_direct_isic
C35,专用设备制造业,task_timed,153,2021-07-18T09:00:00,7162.872715162256,1.0114679959656159,U223,28,measured_continuous_week_direct_isic
C35,专用设备制造业,task_timed,154,2021-07-18T10:00:00,6840.050997458591,0.9658823980017259,U223,28,measured_continuous_week_direct_isic
C35,专用设备制造业,task_timed,155,2021-07-18T11:00:00,6352.771683312948,0.8970737717767897,U223,28,measured_continuous_week_direct_isic
C35,专用设备制造业,task_timed,156,2021-07-18T12:00:00,5524.419663000933,0.7801023287179857,U223,28,measured_continuous_week_direct_isic
C35,专用设备制造业,task_timed,157,2021-07-18T13:00:00,5067.607724756743,0.7155959952840607,U223,28,measured_continuous_week_direct_isic
C35,专用设备制造业,task_timed,158,2021-07-18T14:00:00,6815.69181527651,0.9624426421712312,U223,28,measured_continuous_week_direct_isic
C35,专用设备制造业,task_timed,159,2021-07-18T15:00:00,7510.04625577846,1.0604923105588433,U223,28,measured_continuous_week_direct_isic
C35,专用设备制造业,task_timed,160,2021-07-18T16:00:00,7120.233107439304,1.0054468644605146,U223,28,measured_continuous_week_direct_isic
C35,专用设备制造业,task_timed,161,2021-07-18T17:00:00,6182.242689499302,0.8729934025610129,U223,28,measured_continuous_week_direct_isic
C35,专用设备制造业,task_timed,162,2021-07-18T18:00:00,4153.976488998823,0.5865822892150538,U223,28,measured_continuous_week_direct_isic
C35,专用设备制造业,task_timed,163,2021-07-18T19:00:00,4178.335671180903,0.5900220450455484,U223,28,measured_continuous_week_direct_isic
C35,专用设备制造业,task_timed,164,2021-07-18T20:00:00,5018.8746418535,0.7087144052207571,U223,28,measured_continuous_week_direct_isic
C35,专用设备制造业,task_timed,165,2021-07-18T21:00:00,5067.600365487202,0.7155949560829036,U223,28,measured_continuous_week_direct_isic
C35,专用设备制造业,task_timed,166,2021-07-18T22:00:00,4714.333349690706,0.6657101829314738,U223,28,measured_continuous_week_direct_isic
C35,专用设备制造业,task_timed,167,2021-07-18T23:00:00,4933.610144946678,0.6966742206128688,U223,28,measured_continuous_week_direct_isic
C36,汽车制造业,task_timed,0,2018-06-18T00:00:00,8224.767342533107,0.2978133056499366,U228,29,measured_continuous_week_direct_isic
C36,汽车制造业,task_timed,1,2018-06-18T01:00:00,9416.764309702263,0.34097471585561573,U228,29,measured_continuous_week_direct_isic
C36,汽车制造业,task_timed,2,2018-06-18T02:00:00,9672.188640136248,0.35022345943971556,U228,29,measured_continuous_week_direct_isic
C36,汽车制造业,task_timed,3,2018-06-18T03:00:00,9331.620771414615,0.3378917254759308,U228,29,measured_continuous_week_direct_isic
C36,汽车制造业,task_timed,4,2018-06-18T04:00:00,9365.676091920022,0.3391248457761532,U228,29,measured_continuous_week_direct_isic
C36,汽车制造业,task_timed,5,2018-06-18T05:00:00,8701.56487251498,0.31507782422121733,U228,29,measured_continuous_week_direct_isic
C36,汽车制造业,task_timed,6,2018-06-18T06:00:00,7441.455169525359,0.2694500975634419,U228,29,measured_continuous_week_direct_isic
C36,汽车制造业,task_timed,7,2018-06-18T07:00:00,9638.131224821189,0.3489902632878416,U228,29,measured_continuous_week_direct_isic
C36,汽车制造业,task_timed,8,2018-06-18T08:00:00,12771.375727232882,0.4624429439305173,U228,29,measured_continuous_week_direct_isic
C36,汽车制造业,task_timed,9,2018-06-18T09:00:00,12958.691511465708,0.46922552276582413,U228,29,measured_continuous_week_direct_isic
C36,汽车制造业,task_timed,10,2018-06-18T10:00:00,13605.776118022872,0.49265602209647463,U228,29,measured_continuous_week_direct_isic
C36,汽车制造业,task_timed,11,2018-06-18T11:00:00,13060.861662601232,0.4729250353697944,U228,29,measured_continuous_week_direct_isic
C36,汽车制造业,task_timed,12,2018-06-18T12:00:00,12686.234283754888,0.45936002940248405,U228,29,measured_continuous_week_direct_isic
C36,汽车制造业,task_timed,13,2018-06-18T13:00:00,12924.634096150648,0.4679923266139502,U228,29,measured_continuous_week_direct_isic
C36,汽车制造业,task_timed,14,2018-06-18T14:00:00,13520.632579735224,0.4895730317167897,U228,29,measured_continuous_week_direct_isic
C36,汽车制造业,task_timed,15,2018-06-18T15:00:00,14593.428593301673,0.5284182553909099,U228,29,measured_continuous_week_direct_isic
C36,汽车制造业,task_timed,16,2018-06-18T16:00:00,13673.888853843338,0.49512233854857096,U228,29,measured_continuous_week_direct_isic
C36,汽车制造业,task_timed,17,2018-06-18T17:00:00,12550.006717304303,0.45442732064663977,U228,29,measured_continuous_week_direct_isic
C36,汽车制造业,task_timed,18,2018-06-18T18:00:00,11170.69815552163,0.40448348330895717,U228,29,measured_continuous_week_direct_isic
C36,汽车制造业,task_timed,19,2018-06-18T19:00:00,10830.128191990343,0.3921516734935207,U228,29,measured_continuous_week_direct_isic
C36,汽车制造业,task_timed,20,2018-06-18T20:00:00,10166.016972585301,0.3681046519385849,U228,29,measured_continuous_week_direct_isic
C36,汽车制造业,task_timed,21,2018-06-18T21:00:00,10404.416784981062,0.376736949150051,U228,29,measured_continuous_week_direct_isic
C36,汽车制造业,task_timed,22,2018-06-18T22:00:00,10472.529520801529,0.37920326560214734,U228,29,measured_continuous_week_direct_isic
C36,汽车制造业,task_timed,23,2018-06-18T23:00:00,10608.757087252112,0.38413597435799157,U228,29,measured_continuous_week_direct_isic
C36,汽车制造业,task_timed,24,2018-06-19T00:00:00,8105.566388930401,0.2934971191183777,U228,29,measured_continuous_week_direct_isic
C36,汽车制造业,task_timed,25,2018-06-19T01:00:00,10046.818113792246,0.3637885412586776,U228,29,measured_continuous_week_direct_isic
C36,汽车制造业,task_timed,26,2018-06-19T02:00:00,10353.328567198821,0.37488707907058844,U228,29,measured_continuous_week_direct_isic
C36,汽车制造业,task_timed,27,2018-06-19T03:00:00,10625.787889719293,0.3847526482855802,U228,29,measured_continuous_week_direct_isic
C36,汽车制造业,task_timed,28,2018-06-19T04:00:00,10251.158416063296,0.37118756646661816,U228,29,measured_continuous_week_direct_isic
C36,汽车制造业,task_timed,29,2018-06-19T05:00:00,9655.16202728837,0.3496069372154302,U228,29,measured_continuous_week_direct_isic
C36,汽车制造业,task_timed,30,2018-06-19T06:00:00,9961.67667031425,0.36070562673064427,U228,29,measured_continuous_week_direct_isic
C36,汽车制造业,task_timed,31,2018-06-19T07:00:00,19940.377858666725,0.7220276998339223,U228,29,measured_continuous_week_direct_isic
C36,汽车制造业,task_timed,32,2018-06-19T08:00:00,40034.01199144157,1.449604706499626,U228,29,measured_continuous_week_direct_isic
C36,汽车制造业,task_timed,33,2018-06-19T09:00:00,46589.9869316333,1.6869921592242543,U228,29,measured_continuous_week_direct_isic
C36,汽车制造业,task_timed,34,2018-06-19T10:00:00,50370.31394579251,1.8238752633459292,U228,29,measured_continuous_week_direct_isic
C36,汽车制造业,task_timed,35,2018-06-19T11:00:00,47833.06792696539,1.732003287806093,U228,29,measured_continuous_week_direct_isic
C36,汽车制造业,task_timed,36,2018-06-19T12:00:00,48531.23656168549,1.7572835055129026,U228,29,measured_continuous_week_direct_isic
C36,汽车制造业,task_timed,37,2018-06-19T13:00:00,50285.17040750486,1.8207922729662442,U228,29,measured_continuous_week_direct_isic
C36,汽车制造业,task_timed,38,2018-06-19T14:00:00,53929.26985521349,1.9527426683320748,U228,29,measured_continuous_week_direct_isic
C36,汽车制造业,task_timed,39,2018-06-19T15:00:00,55632.121767679564,2.014401793260908,U228,29,measured_continuous_week_direct_isic
C36,汽车制造业,task_timed,40,2018-06-19T16:00:00,51051.455967664726,1.8485389588284533,U228,29,measured_continuous_week_direct_isic
C36,汽车制造业,task_timed,41,2018-06-19T17:00:00,47901.18066278585,1.734469604258189,U228,29,measured_continuous_week_direct_isic
C36,汽车制造业,task_timed,42,2018-06-19T18:00:00,45653.41848451744,1.6530796443059785,U228,29,measured_continuous_week_direct_isic
C36,汽车制造业,task_timed,43,2018-06-19T19:00:00,42775.60040734939,1.5488757830990545,U228,29,measured_continuous_week_direct_isic
C36,汽车制造业,task_timed,44,2018-06-19T20:00:00,32354.159104330098,1.1715223875763696,U228,29,measured_continuous_week_direct_isic
C36,汽车制造业,task_timed,45,2018-06-19T21:00:00,30549.13704072849,1.1061637500435655,U228,29,measured_continuous_week_direct_isic
C36,汽车制造业,task_timed,46,2018-06-19T22:00:00,23090.651068735948,0.8360969785525351,U228,29,measured_continuous_week_direct_isic
C36,汽车制造业,task_timed,47,2018-06-19T23:00:00,21932.711516881856,0.79416876449873,U228,29,measured_continuous_week_direct_isic
C36,汽车制造业,task_timed,48,2018-06-20T00:00:00,18339.69609733617,0.664068087509059,U228,29,measured_continuous_week_direct_isic
C36,汽车制造业,task_timed,49,2018-06-20T01:00:00,18646.210740362047,0.675166777024273,U228,29,measured_continuous_week_direct_isic
C36,汽车制造业,task_timed,50,2018-06-20T02:00:00,16926.334309857735,0.6128912057228054,U228,29,measured_continuous_week_direct_isic
C36,汽车制造业,task_timed,51,2018-06-20T03:00:00,16449.536779875867,0.5956266871515248,U228,29,measured_continuous_week_direct_isic
C36,汽车制造业,task_timed,52,2018-06-20T04:00:00,16500.620808038806,0.5974764055276842,U228,29,measured_continuous_week_direct_isic
C36,汽车制造业,task_timed,53,2018-06-20T05:00:00,16347.36243912104,0.5919270228442514,U228,29,measured_continuous_week_direct_isic
C36,汽车制造业,task_timed,54,2018-06-20T06:00:00,16875.24818688515,0.6110414114949946,U228,29,measured_continuous_week_direct_isic
C36,汽车制造业,task_timed,55,2018-06-20T07:00:00,23022.53623810583,0.833630586248787,U228,29,measured_continuous_week_direct_isic
C36,汽车制造业,task_timed,56,2018-06-20T08:00:00,44120.8557434363,1.5975865759881662,U228,29,measured_continuous_week_direct_isic
C36,汽车制造业,task_timed,57,2018-06-20T09:00:00,51885.852168835416,1.8787518852911074,U228,29,measured_continuous_week_direct_isic
C36,汽车制造业,task_timed,58,2018-06-20T10:00:00,54440.12689532006,1.9712404589068806,U228,29,measured_continuous_week_direct_isic
C36,汽车制造业,task_timed,59,2018-06-20T11:00:00,53452.47442004127,1.9354782256124454,U228,29,measured_continuous_week_direct_isic
C36,汽车制造业,task_timed,60,2018-06-20T12:00:00,48837.74910990172,1.768382119176465,U228,29,measured_continuous_week_direct_isic
C36,汽车制造业,task_timed,61,2018-06-20T13:00:00,47492.4979634341,1.7196714779906563,U228,29,measured_continuous_week_direct_isic
C36,汽车制造业,task_timed,62,2018-06-20T14:00:00,47100.84187693023,1.7054898739474091,U228,29,measured_continuous_week_direct_isic
C36,汽车制造业,task_timed,63,2018-06-20T15:00:00,48224.72191865961,1.7461848159976885,U228,29,measured_continuous_week_direct_isic
C36,汽车制造业,task_timed,64,2018-06-20T16:00:00,50097.85881289134,1.8140098458342406,U228,29,measured_continuous_week_direct_isic
C36,汽车制造业,task_timed,65,2018-06-20T17:00:00,48939.92135584689,1.7720817076320867,U228,29,measured_continuous_week_direct_isic
C36,汽车制造业,task_timed,66,2018-06-20T18:00:00,42332.86029268258,1.5328444606796479,U228,29,measured_continuous_week_direct_isic
C36,汽车制造业,task_timed,67,2018-06-20T19:00:00,34925.460443662625,1.2646274834164282,U228,29,measured_continuous_week_direct_isic
C36,汽车制造业,task_timed,68,2018-06-20T20:00:00,23584.47730637535,0.8539780951997528,U228,29,measured_continuous_week_direct_isic
C36,汽车制造业,task_timed,69,2018-06-20T21:00:00,22886.308671655246,0.8286978774929429,U228,29,measured_continuous_week_direct_isic
C36,汽车制造业,task_timed,70,2018-06-20T22:00:00,24078.305638824397,0.8718592876986219,U228,29,measured_continuous_week_direct_isic
C36,汽车制造业,task_timed,71,2018-06-20T23:00:00,23788.8217982657,0.8613772721109965,U228,29,measured_continuous_week_direct_isic
C36,汽车制造业,task_timed,72,2018-06-21T00:00:00,18697.298958144285,0.6770166471037354,U228,29,measured_continuous_week_direct_isic
C36,汽车制造业,task_timed,73,2018-06-21T01:00:00,19071.926336990633,0.6905816530710459,U228,29,measured_continuous_week_direct_isic
C36,汽车制造业,task_timed,74,2018-06-21T02:00:00,18850.5510426331,0.6825658022322136,U228,29,measured_continuous_week_direct_isic
C36,汽车制造业,task_timed,75,2018-06-21T03:00:00,18050.21435158712,0.653586147773085,U228,29,measured_continuous_week_direct_isic
C36,汽车制造业,task_timed,76,2018-06-21T04:00:00,17862.90066216395,0.6468036447894299,U228,29,measured_continuous_week_direct_isic
C36,汽车制造业,task_timed,77,2018-06-21T05:00:00,17181.760735101376,0.6221400251585569,U228,29,measured_continuous_week_direct_isic
C36,汽车制造业,task_timed,78,2018-06-21T06:00:00,18527.011881568993,0.6708506663443657,U228,29,measured_continuous_week_direct_isic
C36,汽车制造业,task_timed,79,2018-06-21T07:00:00,25815.21077698624,0.9347514570760265,U228,29,measured_continuous_week_direct_isic
C36,汽车制造业,task_timed,80,2018-06-21T08:00:00,43048.05972986985,1.5587413523140456,U228,29,measured_continuous_week_direct_isic
C36,汽车制造业,task_timed,81,2018-06-21T09:00:00,49791.34626467511,1.802911232170678,U228,29,measured_continuous_week_direct_isic
C36,汽车制造业,task_timed,82,2018-06-21T10:00:00,51460.13866701648,1.863337085095986,U228,29,measured_continuous_week_direct_isic
C36,汽车制造业,task_timed,83,2018-06-21T11:00:00,47441.409745651865,1.7178216079111939,U228,29,measured_continuous_week_direct_isic
C36,汽车制造业,task_timed,84,2018-06-21T12:00:00,48735.58105357584,1.7646826824241464,U228,29,measured_continuous_week_direct_isic
C36,汽车制造业,task_timed,85,2018-06-21T13:00:00,50813.05615526897,1.8399066616169872,U228,29,measured_continuous_week_direct_isic
C36,汽车制造业,task_timed,86,2018-06-21T14:00:00,48241.75062631714,1.7468014140736254,U228,29,measured_continuous_week_direct_isic
C36,汽车制造业,task_timed,87,2018-06-21T15:00:00,48769.634279271595,1.765915726872717,U228,29,measured_continuous_week_direct_isic
C36,汽车制造业,task_timed,88,2018-06-21T16:00:00,49944.60044397358,1.8084604631508079,U228,29,measured_continuous_week_direct_isic
C36,汽车制造业,task_timed,89,2018-06-21T17:00:00,45755.59073046262,1.6567792327616007,U228,29,measured_continuous_week_direct_isic
C36,汽车制造业,task_timed,90,2018-06-21T18:00:00,43150.22988100538,1.5624408649180164,U228,29,measured_continuous_week_direct_isic
C36,汽车制造业,task_timed,91,2018-06-21T19:00:00,41753.89051675553,1.5118803536527452,U228,29,measured_continuous_week_direct_isic
C36,汽车制造业,task_timed,92,2018-06-21T20:00:00,39608.30058443228,1.4341899821561563,U228,29,measured_continuous_week_direct_isic
C36,汽车制造业,task_timed,93,2018-06-21T21:00:00,31468.676780186823,1.1394596668859045,U228,29,measured_continuous_week_direct_isic
C36,汽车制造业,task_timed,94,2018-06-21T22:00:00,19480.606941532737,0.7053797034869271,U228,29,measured_continuous_week_direct_isic
C36,汽车制造业,task_timed,95,2018-06-21T23:00:00,17743.699708561242,0.6424874582578709,U228,29,measured_continuous_week_direct_isic
C36,汽车制造业,task_timed,96,2018-06-22T00:00:00,16211.134872670455,0.5869943140884071,U228,29,measured_continuous_week_direct_isic
C36,汽车制造业,task_timed,97,2018-06-22T01:00:00,16449.532590256564,0.5956265354482216,U228,29,measured_continuous_week_direct_isic
C36,汽车制造业,task_timed,98,2018-06-22T02:00:00,16926.332215048085,0.6128911298711539,U228,29,measured_continuous_week_direct_isic
C36,汽车制造业,task_timed,99,2018-06-22T03:00:00,16858.21738441797,0.610424737567406,U228,29,measured_continuous_week_direct_isic
C36,汽车制造业,task_timed,100,2018-06-22T04:00:00,16143.02213684999,0.5845279976363108,U228,29,measured_continuous_week_direct_isic
C36,汽车制造业,task_timed,101,2018-06-22T05:00:00,15921.648937302103,0.5765122226491299,U228,29,measured_continuous_week_direct_isic
C36,汽车制造业,task_timed,102,2018-06-22T06:00:00,16245.192287985514,0.5882275102402811,U228,29,measured_continuous_week_direct_isic
C36,汽车制造业,task_timed,103,2018-06-22T07:00:00,22188.140036935143,0.803417659786133,U228,29,measured_continuous_week_direct_isic
C36,汽车制造业,task_timed,104,2018-06-22T08:00:00,38382.24620194807,1.3897953757986032,U228,29,measured_continuous_week_direct_isic
C36,汽车制造业,task_timed,105,2018-06-22T09:00:00,46538.900808660714,1.6851423649964434,U228,29,measured_continuous_week_direct_isic
C36,汽车制造业,task_timed,106,2018-06-22T10:00:00,49212.37439393842,1.781947049292124,U228,29,measured_continuous_week_direct_isic
C36,汽车制造业,task_timed,107,2018-06-22T11:00:00,47185.983320408224,1.7085727884754423,U228,29,measured_continuous_week_direct_isic
C36,汽车制造业,task_timed,108,2018-06-22T12:00:00,43661.084826302314,1.580938579641171,U228,29,measured_continuous_week_direct_isic
C36,汽车制造业,task_timed,109,2018-06-22T13:00:00,43541.883872699604,1.576622393109612,U228,29,measured_continuous_week_direct_isic
C36,汽车制造业,task_timed,110,2018-06-22T14:00:00,42281.774169709985,1.5309946664518366,U228,29,measured_continuous_week_direct_isic
C36,汽车制造业,task_timed,111,2018-06-22T15:00:00,42111.491282753996,1.5248288373957701,U228,29,measured_continuous_week_direct_isic
C36,汽车制造业,task_timed,112,2018-06-22T16:00:00,42486.11656679068,1.5383937675114288,U228,29,measured_continuous_week_direct_isic
C36,汽车制造业,task_timed,113,2018-06-22T17:00:00,38893.101147245005,1.4082930905217579,U228,29,measured_continuous_week_direct_isic
C36,汽车制造业,task_timed,114,2018-06-22T18:00:00,38450.36312738784,1.3922618439540029,U228,29,measured_continuous_week_direct_isic
C36,汽车制造业,task_timed,115,2018-06-22T19:00:00,35947.17033425649,1.3016229128627377,U228,29,measured_continuous_week_direct_isic
C36,汽车制造业,task_timed,116,2018-06-22T20:00:00,33716.43686364559,1.2208495509864636,U228,29,measured_continuous_week_direct_isic
C36,汽车制造业,task_timed,117,2018-06-22T21:00:00,31315.42050607871,1.1339103600541234,U228,29,measured_continuous_week_direct_isic
C36,汽车制造业,task_timed,118,2018-06-22T22:00:00,17931.01549279407,0.649270037093178,U228,29,measured_continuous_week_direct_isic
C36,汽车制造业,task_timed,119,2018-06-22T23:00:00,16687.934497461974,0.6042589085113392,U228,29,measured_continuous_week_direct_isic
C36,汽车制造业,task_timed,120,2018-06-23T00:00:00,15870.56700394882,0.5746625801246222,U228,29,measured_continuous_week_direct_isic
C36,汽车制造业,task_timed,121,2018-06-23T01:00:00,15785.421370851522,0.5715795138932858,U228,29,measured_continuous_week_direct_isic
C36,汽车制造业,task_timed,122,2018-06-23T02:00:00,15155.367566761539,0.5487656884902239,U228,29,measured_continuous_week_direct_isic
C36,汽车制造业,task_timed,123,2018-06-23T03:00:00,15206.453689734126,0.5506154827180348,U228,29,measured_continuous_week_direct_isic
C36,汽车制造业,task_timed,124,2018-06-23T04:00:00,15989.765862741875,0.5789786908045296,U228,29,measured_continuous_week_direct_isic
C36,汽车制造业,task_timed,125,2018-06-23T05:00:00,14218.801214455327,0.5148532494235996,U228,29,measured_continuous_week_direct_isic
C36,汽车制造业,task_timed,126,2018-06-23T06:00:00,15683.251219715996,0.5678800012893155,U228,29,measured_continuous_week_direct_isic
C36,汽车制造业,task_timed,127,2018-06-23T07:00:00,15274.566425554593,0.5530817991701311,U228,29,measured_continuous_week_direct_isic
C36,汽车制造业,task_timed,128,2018-06-23T08:00:00,30617.249776548957,1.1086300664956619,U228,29,measured_continuous_week_direct_isic
C36,汽车制造业,task_timed,129,2018-06-23T09:00:00,37036.99505548046,1.3410847346127945,U228,29,measured_continuous_week_direct_isic
C36,汽车制造业,task_timed,130,2018-06-23T10:00:00,35623.62907838272,1.2899077011232378,U228,29,measured_continuous_week_direct_isic
C36,汽车制造业,task_timed,131,2018-06-23T11:00:00,35674.71520135531,1.291757495351049,U228,29,measured_continuous_week_direct_isic
C36,汽车制造业,task_timed,132,2018-06-23T12:00:00,34091.064242491935,1.234414556953774,U228,29,measured_continuous_week_direct_isic
C36,汽车制造业,task_timed,133,2018-06-23T13:00:00,31468.67468537717,1.1394595910342529,U228,29,measured_continuous_week_direct_isic
C36,汽车制造业,task_timed,134,2018-06-23T14:00:00,35300.08782250897,1.2781924893837386,U228,29,measured_continuous_week_direct_isic
C36,汽车制造业,task_timed,135,2018-06-23T15:00:00,34908.4317360051,1.2640108853404914,U228,29,measured_continuous_week_direct_isic
C36,汽车制造业,task_timed,136,2018-06-23T16:00:00,35317.116530166495,1.2788090874596754,U228,29,measured_continuous_week_direct_isic
C36,汽车制造业,task_timed,137,2018-06-23T17:00:00,32149.814612439746,1.1641232106651258,U228,29,measured_continuous_week_direct_isic
C36,汽车制造业,task_timed,138,2018-06-23T18:00:00,32166.843320097272,1.1647398087410628,U228,29,measured_continuous_week_direct_isic
C36,汽车制造业,task_timed,139,2018-06-23T19:00:00,31945.47012054939,1.156724033753882,U228,29,measured_continuous_week_direct_isic
C36,汽车制造业,task_timed,140,2018-06-23T20:00:00,22494.652585151372,0.8145162734496956,U228,29,measured_continuous_week_direct_isic
C36,汽车制造业,task_timed,141,2018-06-23T21:00:00,19446.549526217674,0.7041465073350531,U228,29,measured_continuous_week_direct_isic
C36,汽车制造业,task_timed,142,2018-06-23T22:00:00,13810.116420293924,0.5000550473044152,U228,29,measured_continuous_week_direct_isic
C36,汽车制造业,task_timed,143,2018-06-23T23:00:00,13929.317373896629,0.504371233835974,U228,29,measured_continuous_week_direct_isic
C36,汽车制造业,task_timed,144,2018-06-24T00:00:00,13827.145127951455,0.5006716453803522,U228,29,measured_continuous_week_direct_isic
C36,汽车制造业,task_timed,145,2018-06-24T01:00:00,13367.378400436764,0.4840238007366602,U228,29,measured_continuous_week_direct_isic
C36,汽车制造业,task_timed,146,2018-06-24T02:00:00,13043.832954943704,0.47230843729385746,U228,29,measured_continuous_week_direct_isic
C36,汽车制造业,task_timed,147,2018-06-24T03:00:00,12924.636190960298,0.46799240246560175,U228,29,measured_continuous_week_direct_isic
C36,汽车制造业,task_timed,148,2018-06-24T04:00:00,13077.888275449111,0.47354155759407984,U228,29,measured_continuous_week_direct_isic
C36,汽车制造业,task_timed,149,2018-06-24T05:00:00,12754.351209194658,0.46182649755788363,U228,29,measured_continuous_week_direct_isic
C36,汽车制造业,task_timed,150,2018-06-24T06:00:00,15836.507493824112,0.5734293081210968,U228,29,measured_continuous_week_direct_isic
C36,汽车制造业,task_timed,151,2018-06-24T07:00:00,19719.006753928494,0.7140120006983932,U228,29,measured_continuous_week_direct_isic
C36,汽车制造业,task_timed,152,2018-06-24T08:00:00,30191.538369539674,1.0932153421521922,U228,29,measured_continuous_week_direct_isic
C36,汽车制造业,task_timed,153,2018-06-24T09:00:00,35981.22774957153,1.3028561090146111,U228,29,measured_continuous_week_direct_isic
C36,汽车制造业,task_timed,154,2018-06-24T10:00:00,38859.04582673959,1.4070599702215354,U228,29,measured_continuous_week_direct_isic
C36,汽车制造业,task_timed,155,2018-06-24T11:00:00,36406.94125139047,1.3182709092097324,U228,29,measured_continuous_week_direct_isic
C36,汽车制造业,task_timed,156,2018-06-24T12:00:00,35214.94637903097,1.275109574855705,U228,29,measured_continuous_week_direct_isic
C36,汽车制造业,task_timed,157,2018-06-24T13:00:00,38092.762361389374,1.3793133602109777,U228,29,measured_continuous_week_direct_isic
C36,汽车制造业,task_timed,158,2018-06-24T14:00:00,37837.33593614573,1.370064540775226,U228,29,measured_continuous_week_direct_isic
C36,汽车制造业,task_timed,159,2018-06-24T15:00:00,38160.87928682914,1.3817798283663771,U228,29,measured_continuous_week_direct_isic
C36,汽车制造业,task_timed,160,2018-06-24T16:00:00,37837.33593614573,1.370064540775226,U228,29,measured_continuous_week_direct_isic
C36,汽车制造业,task_timed,161,2018-06-24T17:00:00,34653.00531076145,1.2547620659047396,U228,29,measured_continuous_week_direct_isic
C36,汽车制造业,task_timed,162,2018-06-24T18:00:00,33716.43895845524,1.2208496268381153,U228,29,measured_continuous_week_direct_isic
C36,汽车制造业,task_timed,163,2018-06-24T19:00:00,33869.695232563354,1.2263989336698964,U228,29,measured_continuous_week_direct_isic
C36,汽车制造业,task_timed,164,2018-06-24T20:00:00,22137.056008772208,0.8015679414099737,U228,29,measured_continuous_week_direct_isic
C36,汽车制造业,task_timed,165,2018-06-24T21:00:00,17471.244575660072,0.6326220407461824,U228,29,measured_continuous_week_direct_isic
C36,汽车制造业,task_timed,166,2018-06-24T22:00:00,12141.32401795255,0.439629194379107,U228,29,measured_continuous_week_direct_isic
C36,汽车制造业,task_timed,167,2018-06-24T23:00:00,12311.606904908544,0.4457950234351737,U228,29,measured_continuous_week_direct_isic
C37,铁路、船舶、航空航天和其他运输设备制造业,task_timed,0,2021-10-18T00:00:00,1148.996547643376,0.6322361493875959,U166,25,measured_continuous_week_archetype_proxy
C37,铁路、船舶、航空航天和其他运输设备制造业,task_timed,1,2021-10-18T01:00:00,1326.2970400949391,0.7297958686591745,U166,25,measured_continuous_week_archetype_proxy
C37,铁路、船舶、航空航天和其他运输设备制造业,task_timed,2,2021-10-18T02:00:00,3163.9935121836966,1.7409896304155252,U166,25,measured_continuous_week_archetype_proxy
C37,铁路、船舶、航空航天和其他运输设备制造业,task_timed,3,2021-10-18T03:00:00,3215.7648278480406,1.7694768328631636,U166,25,measured_continuous_week_archetype_proxy
C37,铁路、船舶、航空航天和其他运输设备制造业,task_timed,4,2021-10-18T04:00:00,3069.5869953840106,1.6890423788933608,U166,25,measured_continuous_week_archetype_proxy
C37,铁路、船舶、航空航天和其他运输设备制造业,task_timed,5,2021-10-18T05:00:00,2923.4091629199806,1.608607924923558,U166,25,measured_continuous_week_archetype_proxy
C37,铁路、船舶、航空航天和其他运输设备制造业,task_timed,6,2021-10-18T06:00:00,2777.2313304559507,1.5281734709537553,U166,25,measured_continuous_week_archetype_proxy
C37,铁路、船舶、航空航天和其他运输设备制造业,task_timed,7,2021-10-18T07:00:00,2631.0534979919207,1.4477390169839526,U166,25,measured_continuous_week_archetype_proxy
C37,铁路、船舶、航空航天和其他运输设备制造业,task_timed,8,2021-10-18T08:00:00,2484.8756655278908,1.3673045630141498,U166,25,measured_continuous_week_archetype_proxy
C37,铁路、船舶、航空航天和其他运输设备制造业,task_timed,9,2021-10-18T09:00:00,2338.697833063861,1.286870109044347,U166,25,measured_continuous_week_archetype_proxy
C37,铁路、船舶、航空航天和其他运输设备制造业,task_timed,10,2021-10-18T10:00:00,2166.745395560463,1.1922531607271951,U166,25,measured_continuous_week_archetype_proxy
C37,铁路、船舶、航空航天和其他运输设备制造业,task_timed,11,2021-10-18T11:00:00,1982.5372908157465,1.090892522987547,U166,25,measured_continuous_week_archetype_proxy
C37,铁路、船舶、航空航天和其他运输设备制造业,task_timed,12,2021-10-18T12:00:00,1957.2086490369513,1.0769554202344642,U166,25,measured_continuous_week_archetype_proxy
C37,铁路、船舶、航空航天和其他运输设备制造业,task_timed,13,2021-10-18T13:00:00,1971.0247496679372,1.084557739214797,U166,25,measured_continuous_week_archetype_proxy
C37,铁路、船舶、航空航天和其他运输设备制造业,task_timed,14,2021-10-18T14:00:00,2010.1686160330385,1.1060966789040183,U166,25,measured_continuous_week_archetype_proxy
C37,铁路、船舶、航空航天和其他运输设备制造业,task_timed,15,2021-10-18T15:00:00,2079.2464910539297,1.1441068276731,U166,25,measured_continuous_week_archetype_proxy
C37,铁路、船舶、航空航天和其他运输设备制造业,task_timed,16,2021-10-18T16:00:00,1977.9323619610905,1.0883586576828663,U166,25,measured_continuous_week_archetype_proxy
C37,铁路、船舶、航空航天和其他运输设备制造业,task_timed,17,2021-10-18T17:00:00,1947.9987913276402,1.071887689625103,U166,25,measured_continuous_week_archetype_proxy
C37,铁路、船舶、航空航天和其他运输设备制造业,task_timed,18,2021-10-18T18:00:00,2049.3133584428188,1.1276361006374336,U166,25,measured_continuous_week_archetype_proxy
C37,铁路、船舶、航空航天和其他运输设备制造业,task_timed,19,2021-10-18T19:00:00,2019.3784737423503,1.1111644095133797,U166,25,measured_continuous_week_archetype_proxy
C37,铁路、船舶、航空航天和其他运输设备制造业,task_timed,20,2021-10-18T20:00:00,1376.9538856301895,0.757669833143243,U166,25,measured_continuous_week_archetype_proxy
C37,铁路、船舶、航空航天和其他运输设备制造业,task_timed,21,2021-10-18T21:00:00,1358.5332941668876,0.7475338898803267,U166,25,measured_continuous_week_archetype_proxy
C37,铁路、船舶、航空航天和其他运输设备制造业,task_timed,22,2021-10-18T22:00:00,1264.1267773672014,0.6955866383581624,U166,25,measured_continuous_week_archetype_proxy
C37,铁路、船舶、航空航天和其他运输设备制造业,task_timed,23,2021-10-18T23:00:00,1222.6793515189233,0.6727801634613583,U166,25,measured_continuous_week_archetype_proxy
C37,铁路、船舶、航空航天和其他运输设备制造业,task_timed,24,2021-10-19T00:00:00,1213.4694938096118,0.6677124328519969,U166,25,measured_continuous_week_archetype_proxy
C37,铁路、船舶、航空航天和其他运输设备制造业,task_timed,25,2021-10-19T01:00:00,1190.4435354693144,0.6550423832623029,U166,25,measured_continuous_week_archetype_proxy
C37,铁路、船舶、航空航天和其他运输设备制造业,task_timed,26,2021-10-19T02:00:00,1148.996547643376,0.6322361493875959,U166,25,measured_continuous_week_archetype_proxy
C37,铁路、船舶、航空航天和其他运输设备制造业,task_timed,27,2021-10-19T03:00:00,1204.2587600556212,0.6626442201984417,U166,25,measured_continuous_week_archetype_proxy
C37,铁路、船舶、航空航天和其他运输设备制造业,task_timed,28,2021-10-19T04:00:00,1241.1008190269042,0.6829165887684684,U166,25,measured_continuous_week_archetype_proxy
C37,铁路、船舶、航空航天和其他运输设备制造业,task_timed,29,2021-10-19T05:00:00,1349.322560412897,0.7424656772267715,U166,25,measured_continuous_week_archetype_proxy
C37,铁路、船舶、航空航天和其他运输设备制造业,task_timed,30,2021-10-19T06:00:00,1473.663085868373,0.810884137828796,U166,25,measured_continuous_week_archetype_proxy
C37,铁路、船舶、航空航天和其他运输设备制造业,task_timed,31,2021-10-19T07:00:00,1982.5377288380855,1.0908927640096437,U166,25,measured_continuous_week_archetype_proxy
C37,铁路、船舶、航空航天和其他运输设备制造业,task_timed,32,2021-10-19T08:00:00,2224.3107294335446,1.2239285257235264,U166,25,measured_continuous_week_archetype_proxy
C37,铁路、船舶、航空航天和其他运输设备制造业,task_timed,33,2021-10-19T09:00:00,2058.52365417447,1.1327040722688917,U166,25,measured_continuous_week_archetype_proxy
C37,铁路、船舶、航空航天和其他运输设备制造业,task_timed,34,2021-10-19T10:00:00,1945.6956698668032,1.0706203954396174,U166,25,measured_continuous_week_archetype_proxy
C37,铁路、船舶、航空航天和其他运输设备制造业,task_timed,35,2021-10-19T11:00:00,1994.0507080082343,1.0972277888044908,U166,25,measured_continuous_week_archetype_proxy
C37,铁路、船舶、航空航天和其他运输设备制造业,task_timed,36,2021-10-19T12:00:00,2044.7075535434842,1.1251017532885592,U166,25,measured_continuous_week_archetype_proxy
C37,铁路、船舶、航空航天和其他运输设备制造业,task_timed,37,2021-10-19T13:00:00,2070.0361953222787,1.1390388560416416,U166,25,measured_continuous_week_archetype_proxy
C37,铁路、船舶、航空航天和其他运输设备制造业,task_timed,38,2021-10-19T14:00:00,2113.7858665867147,1.1631121430797375,U166,25,measured_continuous_week_archetype_proxy
C37,铁路、船舶、航空航天和其他运输设备制造业,task_timed,39,2021-10-19T15:00:00,2116.0881120028735,1.1643789552210297,U166,25,measured_continuous_week_archetype_proxy
C37,铁路、船舶、航空航天和其他运输设备制造业,task_timed,40,2021-10-19T16:00:00,2040.1026246888284,1.1225678879838785,U166,25,measured_continuous_week_archetype_proxy
C37,铁路、船舶、航空航天和其他运输设备制造业,task_timed,41,2021-10-19T17:00:00,1913.4598538171942,1.0528826152405621,U166,25,measured_continuous_week_archetype_proxy
C37,铁路、船舶、航空航天和其他运输设备制造业,task_timed,42,2021-10-19T18:00:00,2192.0740373392573,1.2061902634802775,U166,25,measured_continuous_week_archetype_proxy
C37,铁路、船舶、航空航天和其他运输设备制造业,task_timed,43,2021-10-19T19:00:00,1977.9323619610905,1.0883586576828663,U166,25,measured_continuous_week_archetype_proxy
C37,铁路、船舶、航空航天和其他运输设备制造业,task_timed,44,2021-10-19T20:00:00,1627.9376199796386,0.8957738075106806,U166,25,measured_continuous_week_archetype_proxy
C37,铁路、船舶、航空航天和其他运输设备制造业,task_timed,45,2021-10-19T21:00:00,1252.6137981970528,0.6892516135633153,U166,25,measured_continuous_week_archetype_proxy
C37,铁路、船舶、航空航天和其他运输设备制造业,task_timed,46,2021-10-19T22:00:00,1466.7554735752196,0.8070832193607266,U166,25,measured_continuous_week_archetype_proxy
C37,铁路、船舶、航空航天和其他运输设备制造业,task_timed,47,2021-10-19T23:00:00,1399.9798439704862,0.7703398827329366,U166,25,measured_continuous_week_archetype_proxy
C37,铁路、船舶、航空航天和其他运输设备制造业,task_timed,48,2021-10-20T00:00:00,1450.6371275280758,0.7982140882391021,U166,25,measured_continuous_week_archetype_proxy
C37,铁路、船舶、航空航天和其他运输设备制造业,task_timed,49,2021-10-20T01:00:00,1423.0058023107833,0.7830099323226306,U166,25,measured_continuous_week_archetype_proxy
C37,铁路、船舶、航空航天和其他运输设备制造业,task_timed,50,2021-10-20T02:00:00,1469.0577189913777,0.8083500315020185,U166,25,measured_continuous_week_archetype_proxy
C37,铁路、船舶、航空航天和其他运输设备制造业,task_timed,51,2021-10-20T03:00:00,1374.6516402140312,0.7564030210019511,U166,25,measured_continuous_week_archetype_proxy
C37,铁路、船舶、航空航天和其他运输设备制造业,task_timed,52,2021-10-20T04:00:00,1404.5847728251422,0.7728737480376174,U166,25,measured_continuous_week_archetype_proxy
C37,铁路、船舶、航空航天和其他运输设备制造业,task_timed,53,2021-10-20T05:00:00,1676.291782076391,0.9223807188313602,U166,25,measured_continuous_week_archetype_proxy
C37,铁路、船舶、航空航天和其他运输设备制造业,task_timed,54,2021-10-20T06:00:00,1752.2772693904358,0.9641917860685113,U166,25,measured_continuous_week_archetype_proxy
C37,铁路、船舶、航空航天和其他运输设备制造业,task_timed,55,2021-10-20T07:00:00,1878.920916306749,1.0338775408560215,U166,25,measured_continuous_week_archetype_proxy
C37,铁路、船舶、航空航天和其他运输设备制造业,task_timed,56,2021-10-20T08:00:00,2272.664891530297,1.250535437044206,U166,25,measured_continuous_week_archetype_proxy
C37,铁路、船舶、航空航天和其他运输设备制造业,task_timed,57,2021-10-20T09:00:00,2208.1919453640617,1.2150591535798052,U166,25,measured_continuous_week_archetype_proxy
C37,铁路、船舶、航空航天和其他运输设备制造业,task_timed,58,2021-10-20T10:00:00,2129.904212633859,1.1719812742013624,U166,25,measured_continuous_week_archetype_proxy
C37,铁路、船舶、航空航天和其他运输设备制造业,task_timed,59,2021-10-20T11:00:00,1996.3529534243924,1.0984946009457826,U166,25,measured_continuous_week_archetype_proxy
C37,铁路、船舶、航空航天和其他运输设备制造业,task_timed,60,2021-10-20T12:00:00,2120.693478879868,1.166913061547807,U166,25,measured_continuous_week_archetype_proxy
C37,铁路、船舶、航空航天和其他运输设备制造业,task_timed,61,2021-10-20T13:00:00,2118.3912334637107,1.1656462494065154,U166,25,measured_continuous_week_archetype_proxy
C37,铁路、船舶、航空航天和其他运输设备制造业,task_timed,62,2021-10-20T14:00:00,2127.6010911730214,1.1707139800158763,U166,25,measured_continuous_week_archetype_proxy
C37,铁路、船舶、航空航天和其他运输设备制造业,task_timed,63,2021-10-20T15:00:00,2136.8118249270124,1.1757821926694316,U166,25,measured_continuous_week_archetype_proxy
C37,铁路、船舶、航空航天和其他运输设备制造业,task_timed,64,2021-10-20T16:00:00,2072.3393167831164,1.1403061502271277,U166,25,measured_continuous_week_archetype_proxy
C37,铁路、船舶、航空航天和其他运输设备制造业,task_timed,65,2021-10-20T17:00:00,1994.0502699858948,1.0972275477823938,U166,25,measured_continuous_week_archetype_proxy
C37,铁路、船舶、航空航天和其他运输设备制造业,task_timed,66,2021-10-20T18:00:00,2070.0361953222787,1.1390388560416416,U166,25,measured_continuous_week_archetype_proxy
C37,铁路、船舶、航空航天和其他运输设备制造业,task_timed,67,2021-10-20T19:00:00,1959.5113324754493,1.0782224733978532,U166,25,measured_continuous_week_archetype_proxy
C37,铁路、船舶、航空航天和其他运输设备制造业,task_timed,68,2021-10-20T20:00:00,1621.029569664146,0.8919726480205143,U166,25,measured_continuous_week_archetype_proxy
C37,铁路、船舶、航空航天和其他运输设备制造业,task_timed,69,2021-10-20T21:00:00,1637.1479157112897,0.9008417791421388,U166,25,measured_continuous_week_archetype_proxy
C37,铁路、船舶、航空航天和其他运输设备制造业,task_timed,70,2021-10-20T22:00:00,1621.029569664146,0.8919726480205143,U166,25,measured_continuous_week_archetype_proxy
C37,铁路、船舶、航空航天和其他运输设备制造业,task_timed,71,2021-10-20T23:00:00,1512.8073902558137,0.8324233185401143,U166,25,measured_continuous_week_archetype_proxy
C37,铁路、船舶、航空航天和其他运输设备制造业,task_timed,72,2021-10-21T00:00:00,1496.6894822310094,0.8235544284405867,U166,25,measured_continuous_week_archetype_proxy
C37,铁路、船舶、航空航天和其他运输设备制造业,task_timed,73,2021-10-21T01:00:00,1473.6635238907122,0.8108843788508928,U166,25,measured_continuous_week_archetype_proxy
C37,铁路、船舶、航空航天和其他运输设备制造业,task_timed,74,2021-10-21T02:00:00,1441.4268317964247,0.7931461166076439,U166,25,measured_continuous_week_archetype_proxy
C37,铁路、船舶、航空航天和其他运输设备制造业,task_timed,75,2021-10-21T03:00:00,1494.3863607701724,0.822287134255101,U166,25,measured_continuous_week_archetype_proxy
C37,铁路、船舶、航空航天和其他运输设备制造业,task_timed,76,2021-10-21T04:00:00,1423.0058023107836,0.7830099323226307,U166,25,measured_continuous_week_archetype_proxy
C37,铁路、船舶、航空航天和其他运输设备制造业,task_timed,77,2021-10-21T05:00:00,1706.2253527098417,0.9388516868891236,U166,25,measured_continuous_week_archetype_proxy
C37,铁路、船舶、航空航天和其他运输设备制造业,task_timed,78,2021-10-21T06:00:00,1726.948627611641,0.9502546833154286,U166,25,measured_continuous_week_archetype_proxy
C37,铁路、船舶、航空航天和其他运输设备制造业,task_timed,79,2021-10-21T07:00:00,1966.4193827909419,1.0820236328880193,U166,25,measured_continuous_week_archetype_proxy
C37,铁路、船舶、航空航天和其他运输设备制造业,task_timed,80,2021-10-21T08:00:00,2166.7458335828023,1.1922534017492918,U166,25,measured_continuous_week_archetype_proxy
C37,铁路、船舶、航空航天和其他运输设备制造业,task_timed,81,2021-10-21T09:00:00,2056.220094691293,1.131436537061309,U166,25,measured_continuous_week_archetype_proxy
C37,铁路、船舶、航空航天和其他运输设备制造业,task_timed,82,2021-10-21T10:00:00,2088.456786785581,1.1491747993045582,U166,25,measured_continuous_week_archetype_proxy
C37,铁路、船舶、航空航天和其他运输设备制造业,task_timed,83,2021-10-21T11:00:00,1975.6296785225932,1.0870916045194776,U166,25,measured_continuous_week_archetype_proxy
C37,铁路、船舶、航空航天和其他运输设备制造业,task_timed,84,2021-10-21T12:00:00,2040.1026246888284,1.1225678879838785,U166,25,measured_continuous_week_archetype_proxy
C37,铁路、船舶、航空航天和其他运输设备制造业,task_timed,85,2021-10-21T13:00:00,2007.8663706168804,1.1048298667627265,U166,25,measured_continuous_week_archetype_proxy
C37,铁路、船舶、航空航天和其他运输设备制造业,task_timed,86,2021-10-21T14:00:00,1996.3533914467318,1.0984948419678795,U166,25,measured_continuous_week_archetype_proxy
C37,铁路、船舶、航空航天和其他运输设备制造业,task_timed,87,2021-10-21T15:00:00,2030.8914529124986,1.1174994343082265,U166,25,measured_continuous_week_archetype_proxy
C37,铁路、船舶、航空航天和其他运输设备制造业,task_timed,88,2021-10-21T16:00:00,2093.0625916849153,1.1517091466534326,U166,25,measured_continuous_week_archetype_proxy
C37,铁路、船舶、航空航天和其他运输设备制造业,task_timed,89,2021-10-21T17:00:00,1860.4998868211073,1.023741356571008,U166,25,measured_continuous_week_archetype_proxy
C37,铁路、船舶、航空航天和其他运输设备制造业,task_timed,90,2021-10-21T18:00:00,1908.8540489178597,1.0503482678916878,U166,25,measured_continuous_week_archetype_proxy
C37,铁路、船舶、航空航天和其他运输设备制造业,task_timed,91,2021-10-21T19:00:00,1641.7528445659455,0.9033756444468194,U166,25,measured_continuous_week_archetype_proxy
C37,铁路、船舶、航空航天和其他运输设备制造业,task_timed,92,2021-10-21T20:00:00,1646.3577734206012,0.9059095097515001,U166,25,measured_continuous_week_archetype_proxy
C37,铁路、船舶、航空航天和其他运输设备制造业,task_timed,93,2021-10-21T21:00:00,1632.5425488342946,0.8983076728153613,U166,25,measured_continuous_week_archetype_proxy
C37,铁路、船舶、航空航天和其他运输设备制造业,task_timed,94,2021-10-21T22:00:00,1498.9912896248281,0.8248209995597817,U166,25,measured_continuous_week_archetype_proxy
C37,铁路、船舶、航空航天和其他运输设备制造业,task_timed,95,2021-10-21T23:00:00,1330.901968949595,0.732329733963855,U166,25,measured_continuous_week_archetype_proxy
C37,铁路、船舶、航空航天和其他运输设备制造业,task_timed,96,2021-10-22T00:00:00,1459.8469852373873,0.8032818188484634,U166,25,measured_continuous_week_archetype_proxy
C37,铁路、船舶、航空航天和其他运输设备制造业,task_timed,97,2021-10-22T01:00:00,1436.82146491943,0.7906120102808665,U166,25,measured_continuous_week_archetype_proxy
C37,铁路、船舶、航空航天和其他运输设备制造业,task_timed,98,2021-10-22T02:00:00,1427.6111691877788,0.7855440386494082,U166,25,measured_continuous_week_archetype_proxy
C37,铁路、船舶、航空航天和其他运输设备制造业,task_timed,99,2021-10-22T03:00:00,1372.3489567755335,0.7551359678385623,U166,25,measured_continuous_week_archetype_proxy
C37,铁路、船舶、航空航天和其他运输设备制造业,task_timed,100,2021-10-22T04:00:00,1347.0203149967385,0.7411988650854795,U166,25,measured_continuous_week_archetype_proxy
C37,铁路、船舶、航空航天和其他运输设备制造业,task_timed,101,2021-10-22T05:00:00,1489.7809938931773,0.8197530279283236,U166,25,measured_continuous_week_archetype_proxy
C37,铁路、船舶、航空航天和其他运输设备制造业,task_timed,102,2021-10-22T06:00:00,1591.0955610083558,0.875501438940654,U166,25,measured_continuous_week_archetype_proxy
C37,铁路、船舶、航空航天和其他运输设备制造业,task_timed,103,2021-10-22T07:00:00,1959.5117704977886,1.0782227144199499,U166,25,measured_continuous_week_archetype_proxy
C37,铁路、船舶、航空航天和其他运输设备制造业,task_timed,104,2021-10-22T08:00:00,2228.9156582882006,1.226462391028207,U166,25,measured_continuous_week_archetype_proxy
C37,铁路、船舶、航空航天和其他运输设备制造业,task_timed,105,2021-10-22T09:00:00,2040.102186666489,1.1225676469617816,U166,25,measured_continuous_week_archetype_proxy
C37,铁路、船舶、航空航天和其他运输设备制造业,task_timed,106,2021-10-22T10:00:00,2023.9842786416848,1.113698756862254,U166,25,measured_continuous_week_archetype_proxy
C37,铁路、船舶、航空航天和其他运输设备制造业,task_timed,107,2021-10-22T11:00:00,1959.5113324754493,1.0782224733978532,U166,25,measured_continuous_week_archetype_proxy
C37,铁路、船舶、航空航天和其他运输设备制造业,task_timed,108,2021-10-22T12:00:00,1966.4193827909419,1.0820236328880193,U166,25,measured_continuous_week_archetype_proxy
C37,铁路、船舶、航空航天和其他运输设备制造业,task_timed,109,2021-10-22T13:00:00,1878.9204782844092,1.0338772998339245,U166,25,measured_continuous_week_archetype_proxy
C37,铁路、船舶、航空航天和其他运输设备制造业,task_timed,110,2021-10-22T14:00:00,1779.908594607728,0.9793959419849826,U166,25,measured_continuous_week_archetype_proxy
C37,铁路、船舶、航空航天和其他运输设备制造业,task_timed,111,2021-10-22T15:00:00,1720.041453340827,0.946454005869456,U166,25,measured_continuous_week_archetype_proxy
C37,铁路、船舶、航空航天和其他运输设备制造业,task_timed,112,2021-10-22T16:00:00,1998.65563686289,1.0997616541091715,U166,25,measured_continuous_week_archetype_proxy
C37,铁路、船舶、航空航天和其他运输设备制造业,task_timed,113,2021-10-22T17:00:00,1819.0533370175085,1.000935363718398,U166,25,measured_continuous_week_archetype_proxy
C37,铁路、船舶、航空航天和其他运输设备制造业,task_timed,114,2021-10-22T18:00:00,2040.1026246888284,1.1225678879838785,U166,25,measured_continuous_week_archetype_proxy
C37,铁路、船舶、航空航天和其他运输设备制造业,task_timed,115,2021-10-22T19:00:00,1832.8689996261546,1.0085374416766337,U166,25,measured_continuous_week_archetype_proxy
C37,铁路、船舶、航空航天和其他运输设备制造业,task_timed,116,2021-10-22T20:00:00,1528.9257363029574,0.8412924496617387,U166,25,measured_continuous_week_archetype_proxy
C37,铁路、船舶、航空航天和其他运输设备制造业,task_timed,117,2021-10-22T21:00:00,1579.583019860547,0.8691666551679041,U166,25,measured_continuous_week_archetype_proxy
C37,铁路、船舶、航空航天和其他运输设备制造业,task_timed,118,2021-10-22T22:00:00,1517.412757132809,0.8349574248668918,U166,25,measured_continuous_week_archetype_proxy
C37,铁路、船舶、航空航天和其他运输设备制造业,task_timed,119,2021-10-22T23:00:00,1344.717631558241,0.7399318119220908,U166,25,measured_continuous_week_archetype_proxy
C37,铁路、船舶、航空航天和其他运输设备制造业,task_timed,120,2021-10-23T00:00:00,1480.5711361838655,0.8146852973189621,U166,25,measured_continuous_week_archetype_proxy
C37,铁路、船舶、航空航天和其他运输设备制造业,task_timed,121,2021-10-23T01:00:00,1441.4263937740855,0.793145875585547,U166,25,measured_continuous_week_archetype_proxy
C37,铁路、船舶、航空航天和其他运输设备制造业,task_timed,122,2021-10-23T02:00:00,1406.88745626364,0.7741408012010063,U166,25,measured_continuous_week_archetype_proxy
C37,铁路、船舶、航空航天和其他运输设备制造业,task_timed,123,2021-10-23T03:00:00,1349.3229984352363,0.7424659182488683,U166,25,measured_continuous_week_archetype_proxy
C37,铁路、船舶、航空航天和其他运输设备制造业,task_timed,124,2021-10-23T04:00:00,1271.034827682694,0.6993877978483285,U166,25,measured_continuous_week_archetype_proxy
C37,铁路、船舶、航空航天和其他运输设备制造业,task_timed,125,2021-10-23T05:00:00,1752.2772693904358,0.9641917860685113,U166,25,measured_continuous_week_archetype_proxy
C37,铁路、船舶、航空航天和其他运输设备制造业,task_timed,126,2021-10-23T06:00:00,1754.580390851273,0.9654590802539971,U166,25,measured_continuous_week_archetype_proxy
C37,铁路、船舶、航空航天和其他运输设备制造业,task_timed,127,2021-10-23T07:00:00,1984.839974254244,1.0921595761509357,U166,25,measured_continuous_week_archetype_proxy
C37,铁路、船舶、航空航天和其他运输设备制造业,task_timed,128,2021-10-23T08:00:00,2146.022120658663,1.1808501643008897,U166,25,measured_continuous_week_archetype_proxy
C37,铁路、船舶、航空航天和其他运输设备制造业,task_timed,129,2021-10-23T09:00:00,2051.615603858977,1.1289029127787256,U166,25,measured_continuous_week_archetype_proxy
C37,铁路、船舶、航空航天和其他运输设备制造业,task_timed,130,2021-10-23T10:00:00,2106.8778162712224,1.1593109835895714,U166,25,measured_continuous_week_archetype_proxy
C37,铁路、船舶、航空航天和其他运输设备制造业,task_timed,131,2021-10-23T11:00:00,1929.5773238196593,1.061751264317993,U166,25,measured_continuous_week_archetype_proxy
C37,铁路、船舶、航空航天和其他运输设备制造业,task_timed,132,2021-10-23T12:00:00,2063.1285830291254,1.1352379375735724,U166,25,measured_continuous_week_archetype_proxy
C37,铁路、船舶、航空航天和其他运输设备制造业,task_timed,133,2021-10-23T13:00:00,2007.865932594541,1.1048296257406296,U166,25,measured_continuous_week_archetype_proxy
C37,铁路、船舶、航空航天和其他运输设备制造业,task_timed,134,2021-10-23T14:00:00,2012.471299471536,1.107363732067407,U166,25,measured_continuous_week_archetype_proxy
C37,铁路、船舶、航空航天和其他运输设备制造业,task_timed,135,2021-10-23T15:00:00,2081.549174492427,1.1453738808364884,U166,25,measured_continuous_week_archetype_proxy
C37,铁路、船舶、航空航天和其他运输设备制造业,task_timed,136,2021-10-23T16:00:00,2056.220970735972,1.131437019105503,U166,25,measured_continuous_week_archetype_proxy
C37,铁路、船舶、航空航天和其他运输设备制造业,task_timed,137,2021-10-23T17:00:00,2040.1026246888284,1.1225678879838785,U166,25,measured_continuous_week_archetype_proxy
C37,铁路、船舶、航空航天和其他运输设备制造业,task_timed,138,2021-10-23T18:00:00,2136.8118249270124,1.1757821926694316,U166,25,measured_continuous_week_archetype_proxy
C37,铁路、船舶、航空航天和其他运输设备制造业,task_timed,139,2021-10-23T19:00:00,1959.5117704977886,1.0782227144199499,U166,25,measured_continuous_week_archetype_proxy
C37,铁路、船舶、航空航天和其他运输设备制造业,task_timed,140,2021-10-23T20:00:00,1650.9631402975965,0.9084436160782776,U166,25,measured_continuous_week_archetype_proxy
C37,铁路、船舶、航空航天和其他运输设备制造业,task_timed,141,2021-10-23T21:00:00,1687.8043232242003,0.9287155026041103,U166,25,measured_continuous_week_archetype_proxy
C37,铁路、船舶、航空航天和其他运输设备制造业,task_timed,142,2021-10-23T22:00:00,1602.6089782008441,0.881836704757598,U166,25,measured_continuous_week_archetype_proxy
C37,铁路、船舶、航空航天和其他运输设备制造业,task_timed,143,2021-10-23T23:00:00,1429.9134146039369,0.7868108507907001,U166,25,measured_continuous_week_archetype_proxy
C37,铁路、船舶、航空航天和其他运输设备制造业,task_timed,144,2021-10-24T00:00:00,1547.3467657885988,0.851428633946752,U166,25,measured_continuous_week_archetype_proxy
C37,铁路、船舶、航空航天和其他运输设备制造业,task_timed,145,2021-10-24T01:00:00,1429.9138526262764,0.7868110918127971,U166,25,measured_continuous_week_archetype_proxy
C37,铁路、船舶、航空航天和其他运输设备制造业,task_timed,146,2021-10-24T02:00:00,1425.308485749281,0.7842769854860194,U166,25,measured_continuous_week_archetype_proxy
C37,铁路、船舶、航空航天和其他运输设备制造业,task_timed,147,2021-10-24T03:00:00,1208.863688910277,0.6651780855031224,U166,25,measured_continuous_week_archetype_proxy
C37,铁路、船舶、航空航天和其他运输设备制造业,task_timed,148,2021-10-24T04:00:00,1351.6256818737338,0.743732971412257,U166,25,measured_continuous_week_archetype_proxy
C37,铁路、船舶、航空航天和其他运输设备制造业,task_timed,149,2021-10-24T05:00:00,1641.7528445659455,0.9033756444468194,U166,25,measured_continuous_week_archetype_proxy
C37,铁路、船舶、航空航天和其他运输设备制造业,task_timed,150,2021-10-24T06:00:00,1694.7128115620324,0.9325169031163734,U166,25,measured_continuous_week_archetype_proxy
C37,铁路、船舶、航空航天和其他运输设备制造业,task_timed,151,2021-10-24T07:00:00,1853.5922745279538,1.0199404381029387,U166,25,measured_continuous_week_archetype_proxy
C37,铁路、船舶、航空航天和其他运输设备制造业,task_timed,152,2021-10-24T08:00:00,2023.9842786416848,1.113698756862254,U166,25,measured_continuous_week_archetype_proxy
C37,铁路、船舶、航空航天和其他运输设备制造业,task_timed,153,2021-10-24T09:00:00,2028.5896455186796,1.1162328631890315,U166,25,measured_continuous_week_archetype_proxy
C37,铁路、船舶、航空航天和其他运输设备制造业,task_timed,154,2021-10-24T10:00:00,1952.603720182296,1.0744215549297838,U166,25,measured_continuous_week_archetype_proxy
C37,铁路、船舶、航空航天和其他运输设备制造业,task_timed,155,2021-10-24T11:00:00,1971.0243116455977,1.0845574981927,U166,25,measured_continuous_week_archetype_proxy
C37,铁路、船舶、航空航天和其他运输设备制造业,task_timed,156,2021-10-24T12:00:00,1971.0247496679372,1.084557739214797,U166,25,measured_continuous_week_archetype_proxy
C37,铁路、船舶、航空航天和其他运输设备制造业,task_timed,157,2021-10-24T13:00:00,2033.1945743733356,1.1187667284937122,U166,25,measured_continuous_week_archetype_proxy
C37,铁路、船舶、航空航天和其他运输设备制造业,task_timed,158,2021-10-24T14:00:00,2097.667520539571,1.154243011958113,U166,25,measured_continuous_week_archetype_proxy
C37,铁路、船舶、航空航天和其他运输设备制造业,task_timed,159,2021-10-24T15:00:00,2095.3648371010736,1.1529759587947244,U166,25,measured_continuous_week_archetype_proxy
C37,铁路、船舶、航空航天和其他运输设备制造业,task_timed,160,2021-10-24T16:00:00,2019.3789117646893,1.1111646505354764,U166,25,measured_continuous_week_archetype_proxy
C37,铁路、船舶、航空航天和其他运输设备制造业,task_timed,161,2021-10-24T17:00:00,1837.4734904584711,1.0110710659592175,U166,25,measured_continuous_week_archetype_proxy
C37,铁路、船舶、航空航天和其他运输设备制造业,task_timed,162,2021-10-24T18:00:00,1897.3415077700506,1.0440134841189377,U166,25,measured_continuous_week_archetype_proxy
C37,铁路、船舶、航空航天和其他运输设备制造业,task_timed,163,2021-10-24T19:00:00,1722.3436987569853,0.947720818010748,U166,25,measured_continuous_week_archetype_proxy
C37,铁路、船舶、航空航天和其他运输设备制造业,task_timed,164,2021-10-24T20:00:00,1591.0959990306956,0.8755016799627511,U166,25,measured_continuous_week_archetype_proxy
C37,铁路、船舶、航空航天和其他运输设备制造业,task_timed,165,2021-10-24T21:00:00,1683.1993943695445,0.9261816372994297,U166,25,measured_continuous_week_archetype_proxy
C37,铁路、船舶、航空航天和其他运输设备制造业,task_timed,166,2021-10-24T22:00:00,1683.1993943695445,0.9261816372994297,U166,25,measured_continuous_week_archetype_proxy
C37,铁路、船舶、航空航天和其他运输设备制造业,task_timed,167,2021-10-24T23:00:00,1370.0462733370357,0.7538689146751734,U166,25,measured_continuous_week_archetype_proxy
C38,电气机械和器材制造业,task_timed,0,2018-12-03T00:00:00,13788.128954554299,0.8610045849395449,U213,27,measured_continuous_week_direct_isic
C38,电气机械和器材制造业,task_timed,1,2018-12-03T01:00:00,9446.516302852178,0.5898910486890495,U213,27,measured_continuous_week_direct_isic
C38,电气机械和器材制造业,task_timed,2,2018-12-03T02:00:00,9685.051591491947,0.6047864690804349,U213,27,measured_continuous_week_direct_isic
C38,电气机械和器材制造业,task_timed,3,2018-12-03T03:00:00,9351.109495462711,0.5839333368872868,U213,27,measured_continuous_week_direct_isic
C38,电气机械和器材制造业,task_timed,4,2018-12-03T04:00:00,8396.931800571429,0.5243493735477883,U213,27,measured_continuous_week_direct_isic
C38,电气机械和器材制造业,task_timed,5,2018-12-03T05:00:00,8635.430548878992,0.5392425121652167,U213,27,measured_continuous_week_direct_isic
C38,电气机械和器材制造业,task_timed,6,2018-12-03T06:00:00,11211.779751716644,0.7001235485523807,U213,27,measured_continuous_week_direct_isic
C38,电气机械和器材制造业,task_timed,7,2018-12-03T07:00:00,11354.908232966947,0.7090612571420033,U213,27,measured_continuous_week_direct_isic
C38,电气机械和器材制造业,task_timed,8,2018-12-03T08:00:00,13931.257435804602,0.8699422935291675,U213,27,measured_continuous_week_direct_isic
C38,电气机械和器材制造业,task_timed,9,2018-12-03T09:00:00,19656.43322614891,1.227452918888029,U213,27,measured_continuous_week_direct_isic
C38,电气机械和器材制造业,task_timed,10,2018-12-03T10:00:00,19083.882760815497,1.1916998027555816,U213,27,measured_continuous_week_direct_isic
C38,电气机械和器材制造业,task_timed,11,2018-12-03T11:00:00,20705.981188097452,1.292992312255333,U213,27,measured_continuous_week_direct_isic
C38,电气机械和器材制造业,task_timed,12,2018-12-03T12:00:00,21278.568193763072,1.3287477101617375,U213,27,measured_continuous_week_direct_isic
C38,电气机械和器材制造业,task_timed,13,2018-12-03T13:00:00,20467.44589945768,1.2780968918639477,U213,27,measured_continuous_week_direct_isic
C38,电气机械和器材制造业,task_timed,14,2018-12-03T14:00:00,14742.30664944558,0.9205885482790432,U213,27,measured_continuous_week_direct_isic
C38,电气机械和器材制造业,task_timed,15,2018-12-03T15:00:00,12595.37943069104,0.786522919434704,U213,27,measured_continuous_week_direct_isic
C38,电气机械和器材制造业,task_timed,16,2018-12-03T16:00:00,15410.227381836257,0.9622970944392965,U213,27,measured_continuous_week_direct_isic
C38,电气机械和器材制造业,task_timed,17,2018-12-03T17:00:00,23377.77373865678,1.459833342218217,U213,27,measured_continuous_week_direct_isic
C38,电气机械和器材制造业,task_timed,18,2018-12-03T18:00:00,26288.065037523666,1.641567510798529,U213,27,measured_continuous_week_direct_isic
C38,电气机械和器材制造业,task_timed,19,2018-12-03T19:00:00,27242.279272747153,1.7011537559119845,U213,27,measured_continuous_week_direct_isic
C38,电气机械和器材制造业,task_timed,20,2018-12-03T20:00:00,24522.801588659197,1.5313350109351977,U213,27,measured_continuous_week_direct_isic
C38,电气机械和器材制造业,task_timed,21,2018-12-03T21:00:00,15553.392403418764,0.971237084802876,U213,27,measured_continuous_week_direct_isic
C38,电气机械和器材制造业,task_timed,22,2018-12-03T22:00:00,14074.349376722697,0.878877720344833,U213,27,measured_continuous_week_direct_isic
C38,电气机械和器材制造业,task_timed,23,2018-12-03T23:00:00,16269.034809670278,1.0159256277509892,U213,27,measured_continuous_week_direct_isic
C38,电气机械和器材制造业,task_timed,24,2018-12-04T00:00:00,10973.20792274467,0.6852258463870384,U213,27,measured_continuous_week_direct_isic
C38,电气机械和器材制造业,task_timed,25,2018-12-04T01:00:00,9875.93828693529,0.6167064562318744,U213,27,measured_continuous_week_direct_isic
C38,电气机械和器材制造业,task_timed,26,2018-12-04T02:00:00,9064.852532962106,0.5660579197080415,U213,27,measured_continuous_week_direct_isic
C38,电气机械和器材制造业,task_timed,27,2018-12-04T03:00:00,9112.537666490736,0.5690356347219444,U213,27,measured_continuous_week_direct_isic
C38,电气机械和器材制造业,task_timed,28,2018-12-04T04:00:00,11784.293676717856,0.7358743829108713,U213,27,measured_continuous_week_direct_isic
C38,电气机械和器材制造业,task_timed,29,2018-12-04T05:00:00,23616.272486964343,1.4747264808356453,U213,27,measured_continuous_week_direct_isic
C38,电气机械和器材制造业,task_timed,30,2018-12-04T06:00:00,24331.987973880263,1.5194195873316723,U213,27,measured_continuous_week_direct_isic
C38,电气机械和器材制造业,task_timed,31,2018-12-04T07:00:00,20419.760765929055,1.275119176850045,U213,27,measured_continuous_week_direct_isic
C38,电气机械和器材制造业,task_timed,32,2018-12-04T08:00:00,14837.74999716725,0.9265485418547629,U213,27,measured_continuous_week_direct_isic
C38,电气机械和器材制造业,task_timed,33,2018-12-04T09:00:00,17318.65585228323,1.0814695846662072,U213,27,measured_continuous_week_direct_isic
C38,电气机械和器材制造业,task_timed,34,2018-12-04T10:00:00,18893.069146036563,1.1797843791520561,U213,27,measured_continuous_week_direct_isic
C38,电气机械和器材制造业,task_timed,35,2018-12-04T11:00:00,18272.833547174516,1.1410535480057058,U213,27,measured_continuous_week_direct_isic
C38,电气机械和器材制造业,task_timed,36,2018-12-04T12:00:00,19274.732915926634,1.203617508133064,U213,27,measured_continuous_week_direct_isic
C38,电气机械和器材制造业,task_timed,37,2018-12-04T13:00:00,20801.461076151332,1.29895458760501,U213,27,measured_continuous_week_direct_isic
C38,电气机械和器材制造业,task_timed,38,2018-12-04T14:00:00,13454.186858525061,0.8401514527463967,U213,27,measured_continuous_week_direct_isic
C38,电气机械和器材制造业,task_timed,39,2018-12-04T15:00:00,12786.193045469974,0.7984383430382296,U213,27,measured_continuous_week_direct_isic
C38,电气机械和器材制造业,task_timed,40,2018-12-04T16:00:00,17509.469467062165,1.0933850082697327,U213,27,measured_continuous_week_direct_isic
C38,电气机械和器材制造业,task_timed,41,2018-12-04T17:00:00,22900.666621045035,1.4300402196614892,U213,27,measured_continuous_week_direct_isic
C38,电气机械和器材制造业,task_timed,42,2018-12-04T18:00:00,25286.165668771548,1.5790035506711708,U213,27,measured_continuous_week_direct_isic
C38,电气机械和器材制造业,task_timed,43,2018-12-04T19:00:00,25906.401267633595,1.6177343818175212,U213,27,measured_continuous_week_direct_isic
C38,电气机械和器材制造业,task_timed,44,2018-12-04T20:00:00,27910.20000513783,1.7428623020722378,U213,27,measured_continuous_week_direct_isic
C38,电气机械和器材制造业,task_timed,45,2018-12-04T21:00:00,20038.133536371188,1.251288329642994,U213,27,measured_continuous_week_direct_isic
C38,电气机械和器材制造业,task_timed,46,2018-12-04T22:00:00,15553.35586308656,0.9712348030289191,U213,27,measured_continuous_week_direct_isic
C38,电气机械和器材制造业,task_timed,47,2018-12-04T23:00:00,14599.178168195278,0.9116508396894207,U213,27,measured_continuous_week_direct_isic
C38,电气机械和器材制造业,task_timed,48,2018-12-05T00:00:00,12356.807601719065,0.7716252172693616,U213,27,measured_continuous_week_direct_isic
C38,电气机械和器材制造业,task_timed,49,2018-12-05T01:00:00,11164.094618188015,0.6971458335384779,U213,27,measured_continuous_week_direct_isic
C38,电气机械和器材制造业,task_timed,50,2018-12-05T02:00:00,10973.244463076877,0.6852281281609954,U213,27,measured_continuous_week_direct_isic
C38,电气机械和器材制造业,task_timed,51,2018-12-05T03:00:00,11259.50142557748,0.7031035453402406,U213,27,measured_continuous_week_direct_isic
C38,电气机械和器材制造业,task_timed,52,2018-12-05T04:00:00,9780.531479545825,0.6107487444301116,U213,27,measured_continuous_week_direct_isic
C38,电气机械和器材制造业,task_timed,53,2018-12-05T05:00:00,10066.751901714224,0.6286218798353999,U213,27,measured_continuous_week_direct_isic
C38,电气机械和器材制造业,task_timed,54,2018-12-05T06:00:00,9637.366457963317,0.601808754066532,U213,27,measured_continuous_week_direct_isic
C38,电气机械和器材制造业,task_timed,55,2018-12-05T07:00:00,11545.758388078088,0.7209789625194859,U213,27,measured_continuous_week_direct_isic
C38,电气机械和器材制造业,task_timed,56,2018-12-05T08:00:00,10686.987500576271,0.6673527109817502,U213,27,measured_continuous_week_direct_isic
C38,电气机械和器材制造业,task_timed,57,2018-12-05T09:00:00,16984.67721592179,1.0606141706991021,U213,27,measured_continuous_week_direct_isic
C38,电气机械和器材制造业,task_timed,58,2018-12-05T10:00:00,18415.962028424816,1.1499912565953283,U213,27,measured_continuous_week_direct_isic
C38,电气机械和器材制造业,task_timed,59,2018-12-05T11:00:00,21230.80997957003,1.3257654315999206,U213,27,measured_continuous_week_direct_isic
C38,电气机械和器材制造业,task_timed,60,2018-12-05T12:00:00,20467.48243978989,1.2780991736379048,U213,27,measured_continuous_week_direct_isic
C38,电气机械和器材制造业,task_timed,61,2018-12-05T13:00:00,21087.681498319733,1.3168277230102983,U213,27,measured_continuous_week_direct_isic
C38,电气机械和器材制造业,task_timed,62,2018-12-05T14:00:00,13835.814088082927,0.8639822999534477,U213,27,measured_continuous_week_direct_isic
C38,电气机械和器材制造业,task_timed,63,2018-12-05T15:00:00,12690.749697748302,0.7924783494625098,U213,27,measured_continuous_week_direct_isic
C38,电气机械和器材制造业,task_timed,64,2018-12-05T16:00:00,15887.371039780206,0.9920924987699812,U213,27,measured_continuous_week_direct_isic
C38,电气机械和器材制造业,task_timed,65,2018-12-05T17:00:00,23186.923583545635,1.4479156368407342,U213,27,measured_continuous_week_direct_isic
C38,电气机械和器材制造业,task_timed,66,2018-12-05T18:00:00,27862.478331276994,1.739882305284378,U213,27,measured_continuous_week_direct_isic
C38,电气机械和器材制造业,task_timed,67,2018-12-05T19:00:00,35496.082592068284,2.2165654208701504,U213,27,measured_continuous_week_direct_isic
C38,电气机械和器材制造业,task_timed,68,2018-12-05T20:00:00,33587.65412162131,2.0973929306432395,U213,27,measured_continuous_week_direct_isic
C38,电气机械和器材制造业,task_timed,69,2018-12-05T21:00:00,21183.124846041403,1.3227877165860178,U213,27,measured_continuous_week_direct_isic
C38,电气机械和器材制造业,task_timed,70,2018-12-05T22:00:00,16364.441617059743,1.0218833395527518,U213,27,measured_continuous_week_direct_isic
C38,电气机械和器材制造业,task_timed,71,2018-12-05T23:00:00,14122.071050583532,0.8818577171326929,U213,27,measured_continuous_week_direct_isic
C38,电气机械和器材制造业,task_timed,72,2018-12-06T00:00:00,14599.178168195278,0.9116508396894207,U213,27,measured_continuous_week_direct_isic
C38,电气机械和器材制造业,task_timed,73,2018-12-06T01:00:00,12738.507911941342,0.7954606280243266,U213,27,measured_continuous_week_direct_isic
C38,电气机械和器材制造业,task_timed,74,2018-12-06T02:00:00,12165.957446607928,0.7597075118918792,U213,27,measured_continuous_week_direct_isic
C38,电气机械和器材制造业,task_timed,75,2018-12-06T03:00:00,9732.773265352784,0.6077664658682947,U213,27,measured_continuous_week_direct_isic
C38,电气机械和器材制造业,task_timed,76,2018-12-06T04:00:00,9637.366457963317,0.601808754066532,U213,27,measured_continuous_week_direct_isic
C38,电气机械和器材制造业,task_timed,77,2018-12-06T05:00:00,8587.781955682569,0.5362670789252709,U213,27,measured_continuous_week_direct_isic
C38,电气机械和器材制造业,task_timed,78,2018-12-06T06:00:00,10877.801115355203,0.6792681345852757,U213,27,measured_continuous_week_direct_isic
C38,电气机械和器材制造业,task_timed,79,2018-12-06T07:00:00,10639.265826715435,0.6643727141938903,U213,27,measured_continuous_week_direct_isic
C38,电气机械和器材制造业,task_timed,80,2018-12-06T08:00:00,13597.278799443158,0.8490868795620623,U213,27,measured_continuous_week_direct_isic
C38,电气机械和器材制造业,task_timed,81,2018-12-06T09:00:00,16650.698579560347,1.039758756731997,U213,27,measured_continuous_week_direct_isic
C38,电气机械和器材制造业,task_timed,82,2018-12-06T10:00:00,23091.516776156175,1.4419579250389718,U213,27,measured_continuous_week_direct_isic
C38,电气机械和器材制造业,task_timed,83,2018-12-06T11:00:00,21326.2167869595,1.3317231434016834,U213,27,measured_continuous_week_direct_isic
C38,电气机械和器材制造业,task_timed,84,2018-12-06T12:00:00,22948.388294905864,1.4330202164493488,U213,27,measured_continuous_week_direct_isic
C38,电气机械和器材制造业,task_timed,85,2018-12-06T13:00:00,23807.159182407682,1.4866464679870846,U213,27,measured_continuous_week_direct_isic
C38,电气机械和器材制造业,task_timed,86,2018-12-06T14:00:00,17509.50600739437,1.0933872900436898,U213,27,measured_continuous_week_direct_isic
C38,电气机械和器材制造业,task_timed,87,2018-12-06T15:00:00,14169.756184112162,0.8848354321465957,U213,27,measured_continuous_week_direct_isic
C38,电气机械和器材制造业,task_timed,88,2018-12-06T16:00:00,18415.962028424816,1.1499912565953283,U213,27,measured_continuous_week_direct_isic
C38,电气机械和器材制造业,task_timed,89,2018-12-06T17:00:00,21326.253327291706,1.3317254251756405,U213,27,measured_continuous_week_direct_isic
C38,电气机械和器材制造业,task_timed,90,2018-12-06T18:00:00,26812.85728866404,1.6743383483691596,U213,27,measured_continuous_week_direct_isic
C38,电气机械和器材制造业,task_timed,91,2018-12-06T19:00:00,32585.754752869187,2.034828970515881,U213,27,measured_continuous_week_direct_isic
C38,电气机械和器材制造业,task_timed,92,2018-12-06T20:00:00,29293.79968411223,1.8292616729545612,U213,27,measured_continuous_week_direct_isic
C38,电气机械和器材制造业,task_timed,93,2018-12-06T21:00:00,21851.045578432077,1.364496262746271,U213,27,measured_continuous_week_direct_isic
C38,电气机械和器材制造业,task_timed,94,2018-12-06T22:00:00,16125.906328419975,1.0069879191613664,U213,27,measured_continuous_week_direct_isic
C38,电气机械和器材制造业,task_timed,95,2018-12-06T23:00:00,13692.722147164832,0.8550468731377822,U213,27,measured_continuous_week_direct_isic
C38,电气机械和器材制造业,task_timed,96,2018-12-07T00:00:00,12261.400794329598,0.7656675054675989,U213,27,measured_continuous_week_direct_isic
C38,电气机械和器材制造业,task_timed,97,2018-12-07T01:00:00,9064.852532962106,0.5660579197080415,U213,27,measured_continuous_week_direct_isic
C38,电气机械和器材制造业,task_timed,98,2018-12-07T02:00:00,7729.011068180752,0.48264082738753517,U213,27,measured_continuous_week_direct_isic
C38,电气机械和器材制造业,task_timed,99,2018-12-07T03:00:00,8206.08164546029,0.5124316681703058,U213,27,measured_continuous_week_direct_isic
C38,电气机械和器材制造业,task_timed,100,2018-12-07T04:00:00,7728.974527848545,0.4826385456135781,U213,27,measured_continuous_week_direct_isic
C38,电气机械和器材制造业,task_timed,101,2018-12-07T05:00:00,7538.160913069613,0.4707231220100527,U213,27,measured_continuous_week_direct_isic
C38,电气机械和器材制造业,task_timed,102,2018-12-07T06:00:00,9446.552843184383,0.5898933304630065,U213,27,measured_continuous_week_direct_isic
C38,电气机械和器材制造业,task_timed,103,2018-12-07T07:00:00,9541.95965057385,0.5958510422647693,U213,27,measured_continuous_week_direct_isic
C38,电气机械和器材制造业,task_timed,104,2018-12-07T08:00:00,10877.801115355203,0.6792681345852757,U213,27,measured_continuous_week_direct_isic
C38,电气机械和器材制造业,task_timed,105,2018-12-07T09:00:00,17270.934178422394,1.0784895878783474,U213,27,measured_continuous_week_direct_isic
C38,电气机械和器材制造业,task_timed,106,2018-12-07T10:00:00,17938.854910813076,1.1201981340386007,U213,27,measured_continuous_week_direct_isic
C38,电气机械和器材制造业,task_timed,107,2018-12-07T11:00:00,16268.998269338072,1.015923345977032,U213,27,measured_continuous_week_direct_isic
C38,电气机械和器材制造业,task_timed,108,2018-12-07T12:00:00,18988.475953426027,1.1857420909538188,U213,27,measured_continuous_week_direct_isic
C38,电气机械和器材制造业,task_timed,109,2018-12-07T13:00:00,14646.899842056111,0.9146308364772804,U213,27,measured_continuous_week_direct_isic
C38,电气机械和器材制造业,task_timed,110,2018-12-07T14:00:00,9732.773265352784,0.6077664658682947,U213,27,measured_continuous_week_direct_isic
C38,电气机械和器材制造业,task_timed,111,2018-12-07T15:00:00,8969.44572557264,0.5601002079062788,U213,27,measured_continuous_week_direct_isic
C38,电气机械和器材制造业,task_timed,112,2018-12-07T16:00:00,13406.42864433202,0.8371691741845798,U213,27,measured_continuous_week_direct_isic
C38,电气机械和器材制造业,task_timed,113,2018-12-07T17:00:00,18797.662338647093,1.1738266673502933,U213,27,measured_continuous_week_direct_isic
C38,电气机械和器材制造业,task_timed,114,2018-12-07T18:00:00,25810.957919911918,1.6117743882418012,U213,27,measured_continuous_week_direct_isic
C38,电气机械和器材制造业,task_timed,115,2018-12-07T19:00:00,29675.426913670093,1.853092520161612,U213,27,measured_continuous_week_direct_isic
C38,电气机械和器材制造业,task_timed,116,2018-12-07T20:00:00,27480.814561386924,1.7160491763033698,U213,27,measured_continuous_week_direct_isic
C38,电气机械和器材制造业,task_timed,117,2018-12-07T21:00:00,21135.403172180566,1.319807719798158,U213,27,measured_continuous_week_direct_isic
C38,电气机械和器材制造业,task_timed,118,2018-12-07T22:00:00,11116.372944327179,0.694165836750618,U213,27,measured_continuous_week_direct_isic
C38,电气机械和器材制造业,task_timed,119,2018-12-07T23:00:00,11832.015350578691,0.738854379698731,U213,27,measured_continuous_week_direct_isic
C38,电气机械和器材制造业,task_timed,120,2018-12-08T00:00:00,10019.030227853387,0.62564188304754,U213,27,measured_continuous_week_direct_isic
C38,电气机械和器材制造业,task_timed,121,2018-12-08T01:00:00,6536.225003985289,0.40815688010873735,U213,27,measured_continuous_week_direct_isic
C38,电气机械和器材制造业,task_timed,122,2018-12-08T02:00:00,6488.53987045666,0.40517916509483454,U213,27,measured_continuous_week_direct_isic
C38,电气机械和器材制造业,task_timed,123,2018-12-08T03:00:00,6583.946677846126,0.4111368768965972,U213,27,measured_continuous_week_direct_isic
C38,电气机械和器材制造业,task_timed,124,2018-12-08T04:00:00,6297.68971534552,0.393261459717352,U213,27,measured_continuous_week_direct_isic
C38,电气机械和器材制造业,task_timed,125,2018-12-08T05:00:00,6011.469293177121,0.37538832431206376,U213,27,measured_continuous_week_direct_isic
C38,电气机械和器材制造业,task_timed,126,2018-12-08T06:00:00,6965.646988068403,0.4349722876515622,U213,27,measured_continuous_week_direct_isic
C38,电气机械和器材制造业,task_timed,127,2018-12-08T07:00:00,8349.210126710592,0.5213693767599284,U213,27,measured_continuous_week_direct_isic
C38,电气机械和器材制造业,task_timed,128,2018-12-08T08:00:00,11736.57200285702,0.7328943861230114,U213,27,measured_continuous_week_direct_isic
C38,电气机械和器材制造业,task_timed,129,2018-12-08T09:00:00,16698.383713088977,1.0427364717458998,U213,27,measured_continuous_week_direct_isic
C38,电气机械和器材制造业,task_timed,130,2018-12-08T10:00:00,20896.831343208592,1.3049100176328157,U213,27,measured_continuous_week_direct_isic
C38,电气机械和器材制造业,task_timed,131,2018-12-08T11:00:00,17700.319622173305,1.1053027136472153,U213,27,measured_continuous_week_direct_isic
C38,电气机械和器材制造业,task_timed,132,2018-12-08T12:00:00,20849.146209679962,1.301932302618913,U213,27,measured_continuous_week_direct_isic
C38,电气机械和器材制造业,task_timed,133,2018-12-08T13:00:00,18654.497317064586,1.1648866769867137,U213,27,measured_continuous_week_direct_isic
C38,电气机械和器材制造业,task_timed,134,2018-12-08T14:00:00,11164.094618188014,0.6971458335384778,U213,27,measured_continuous_week_direct_isic
C38,电气机械和器材制造业,task_timed,135,2018-12-08T15:00:00,9255.702688073245,0.577975625085524,U213,27,measured_continuous_week_direct_isic
C38,电气机械和器材制造业,task_timed,136,2018-12-08T16:00:00,14026.700783526272,0.8759022871048872,U213,27,measured_continuous_week_direct_isic
C38,电气机械和器材制造业,task_timed,137,2018-12-08T17:00:00,21135.403172180566,1.319807719798158,U213,27,measured_continuous_week_direct_isic
C38,电气机械和器材制造业,task_timed,138,2018-12-08T18:00:00,24761.30033696676,1.546228149552626,U213,27,measured_continuous_week_direct_isic
C38,电气机械和器材制造业,task_timed,139,2018-12-08T19:00:00,28959.78450741858,1.8084039772134988,U213,27,measured_continuous_week_direct_isic
C38,电气机械和器材制造业,task_timed,140,2018-12-08T20:00:00,27337.68608013662,1.7071114677137473,U213,27,measured_continuous_week_direct_isic
C38,电气机械和器材制造业,task_timed,141,2018-12-08T21:00:00,16698.420253421184,1.042738753519857,U213,27,measured_continuous_week_direct_isic
C38,电气机械和器材制造业,task_timed,142,2018-12-08T22:00:00,12499.936082969367,0.7805629258589842,U213,27,measured_continuous_week_direct_isic
C38,电气机械和器材制造业,task_timed,143,2018-12-08T23:00:00,12165.993986940131,0.7597097936658361,U213,27,measured_continuous_week_direct_isic
C38,电气机械和器材制造业,task_timed,144,2018-12-09T00:00:00,8587.745415350362,0.5362647971513138,U213,27,measured_continuous_week_direct_isic
C38,电气机械和器材制造业,task_timed,145,2018-12-09T01:00:00,7013.332121597034,0.4379500026654651,U213,27,measured_continuous_week_direct_isic
C38,电气机械和器材制造业,task_timed,146,2018-12-09T02:00:00,6202.282907956054,0.3873037479155893,U213,27,measured_continuous_week_direct_isic
C38,电气机械和器材制造业,task_timed,147,2018-12-09T03:00:00,6297.68971534552,0.393261459717352,U213,27,measured_continuous_week_direct_isic
C38,电气机械和器材制造业,task_timed,148,2018-12-09T04:00:00,5963.7841596484905,0.37241060929816094,U213,27,measured_continuous_week_direct_isic
C38,电气机械和器材制造业,task_timed,149,2018-12-09T05:00:00,8015.268030681358,0.5005162445667805,U213,27,measured_continuous_week_direct_isic
C38,电气机械和器材制造业,task_timed,150,2018-12-09T06:00:00,6727.111699428634,0.42007686726017684,U213,27,measured_continuous_week_direct_isic
C38,电气机械和器材制造业,task_timed,151,2018-12-09T07:00:00,10305.287190353993,0.6435173002267852,U213,27,measured_continuous_week_direct_isic
C38,电气机械和器材制造业,task_timed,152,2018-12-09T08:00:00,9828.216613074455,0.6137264594440145,U213,27,measured_continuous_week_direct_isic
C38,电气机械和器材制造业,task_timed,153,2018-12-09T09:00:00,19227.011242065797,1.2006375113452041,U213,27,measured_continuous_week_direct_isic
C38,电气机械和器材制造业,task_timed,154,2018-12-09T10:00:00,24188.859492629963,1.5104818787420498,U213,27,measured_continuous_week_direct_isic
C38,电气机械和器材制造业,task_timed,155,2018-12-09T11:00:00,21612.51028979231,1.3496008423548858,U213,27,measured_continuous_week_direct_isic
C38,电气机械和器材制造业,task_timed,156,2018-12-09T12:00:00,20801.461076151332,1.29895458760501,U213,27,measured_continuous_week_direct_isic
C38,电气机械和器材制造业,task_timed,157,2018-12-09T13:00:00,19465.546530705567,1.2155329317365895,U213,27,measured_continuous_week_direct_isic
C38,电气机械和器材制造业,task_timed,158,2018-12-09T14:00:00,15314.82057444679,0.9563393826375337,U213,27,measured_continuous_week_direct_isic
C38,电气机械和器材制造业,task_timed,159,2018-12-09T15:00:00,10925.486248883833,0.6822458495991784,U213,27,measured_continuous_week_direct_isic
C38,电气机械和器材制造业,task_timed,160,2018-12-09T16:00:00,13358.743510803391,0.834191459170677,U213,27,measured_continuous_week_direct_isic
C38,电气机械和器材制造业,task_timed,161,2018-12-09T17:00:00,18702.255531257626,1.1678689555485304,U213,27,measured_continuous_week_direct_isic
C38,电气机械和器材制造业,task_timed,162,2018-12-09T18:00:00,29532.334972751996,1.8441570933459464,U213,27,measured_continuous_week_direct_isic
C38,电气机械和器材制造业,task_timed,163,2018-12-09T19:00:00,27003.743984107386,1.6862583355205993,U213,27,measured_continuous_week_direct_isic
C38,电气机械和器材制造业,task_timed,164,2018-12-09T20:00:00,24618.208396048663,1.5372927227369604,U213,27,measured_continuous_week_direct_isic
C38,电气机械和器材制造业,task_timed,165,2018-12-09T21:00:00,18225.148413645882,1.1380758329918028,U213,27,measured_continuous_week_direct_isic
C38,电气机械和器材制造业,task_timed,166,2018-12-09T22:00:00,13645.000473303997,0.8520668763499223,U213,27,measured_continuous_week_direct_isic
C38,电气机械和器材制造业,task_timed,167,2018-12-09T23:00:00,13883.499221611557,0.8669600149673504,U213,27,measured_continuous_week_direct_isic
C39,计算机、通信和其他电子设备制造业,task_timed,0,2019-12-02T00:00:00,9021.872364905972,0.39937566897186716,U205,26,measured_continuous_week_direct_isic
C39,计算机、通信和其他电子设备制造业,task_timed,1,2019-12-02T01:00:00,9129.93881539533,0.40415949977903826,U205,26,measured_continuous_week_direct_isic
C39,计算机、通信和其他电子设备制造业,task_timed,2,2019-12-02T02:00:00,9346.016531157406,0.4137247184822061,U205,26,measured_continuous_week_direct_isic
C39,计算机、通信和其他电子设备制造业,task_timed,3,2019-12-02T03:00:00,6347.734729472236,0.2809983007407964,U205,26,measured_continuous_week_direct_isic
C39,计算机、通信和其他电子设备制造业,task_timed,4,2019-12-02T04:00:00,5213.250842048455,0.2307775435463003,U205,26,measured_continuous_week_direct_isic
C39,计算机、通信和其他电子设备制造业,task_timed,5,2019-12-02T05:00:00,6266.695238833338,0.2774108856812633,U205,26,measured_continuous_week_direct_isic
C39,计算机、通信和其他电子设备制造业,task_timed,6,2019-12-02T06:00:00,4619.002632942345,0.20447166529310473,U205,26,measured_continuous_week_direct_isic
C39,计算机、通信和其他电子设备制造业,task_timed,7,2019-12-02T07:00:00,7482.232413200179,0.33121966866308616,U205,26,measured_continuous_week_direct_isic
C39,计算机、通信和其他电子设备制造业,task_timed,8,2019-12-02T08:00:00,30361.098880629022,1.3440097227864738,U205,26,measured_continuous_week_direct_isic
C39,计算机、通信和其他电子设备制造业,task_timed,9,2019-12-02T09:00:00,31009.387213131893,1.3727078218071518,U205,26,measured_continuous_week_direct_isic
C39,计算机、通信和其他电子设备制造业,task_timed,10,2019-12-02T10:00:00,33332.38131507206,1.4755409462358329,U205,26,measured_continuous_week_direct_isic
C39,计算机、通信和其他电子设备制造业,task_timed,11,2019-12-02T11:00:00,29658.798017337715,1.3129206244539007,U205,26,measured_continuous_week_direct_isic
C39,计算机、通信和其他电子设备制造业,task_timed,12,2019-12-02T12:00:00,22473.682810538514,0.9948535895535157,U205,26,measured_continuous_week_direct_isic
C39,计算机、通信和其他电子设备制造业,task_timed,13,2019-12-02T13:00:00,20366.780220664587,0.9015862945557961,U205,26,measured_continuous_week_direct_isic
C39,计算机、通信和其他电子设备制造业,task_timed,14,2019-12-02T14:00:00,30036.96851068175,1.3296612840039284,U205,26,measured_continuous_week_direct_isic
C39,计算机、通信和其他电子设备制造业,task_timed,15,2019-12-02T15:00:00,30090.98104147019,1.3320522833158237,U205,26,measured_continuous_week_direct_isic
C39,计算机、通信和其他电子设备制造业,task_timed,16,2019-12-02T16:00:00,32576.05412468815,1.442060237863571,U205,26,measured_continuous_week_direct_isic
C39,计算机、通信和其他电子设备制造业,task_timed,17,2019-12-02T17:00:00,31603.621625933843,1.3990130893325539,U205,26,measured_continuous_week_direct_isic
C39,计算机、通信和其他电子设备制造业,task_timed,18,2019-12-02T18:00:00,27335.776322789232,1.2100862785696325,U205,26,measured_continuous_week_direct_isic
C39,计算机、通信和其他电子设备制造业,task_timed,19,2019-12-02T19:00:00,26471.42407082845,1.1718235715735803,U205,26,measured_continuous_week_direct_isic
C39,计算机、通信和其他电子设备制造业,task_timed,20,2019-12-02T20:00:00,20528.845405638225,0.9087605139470688,U205,26,measured_continuous_week_direct_isic
C39,计算机、通信和其他电子设备制造业,task_timed,21,2019-12-02T21:00:00,18908.152166989374,0.837016487850961,U205,26,measured_continuous_week_direct_isic
C39,计算机、通信和其他电子设备制造业,task_timed,22,2019-12-02T22:00:00,14532.26800596372,0.6433070677364556,U205,26,measured_continuous_week_direct_isic
C39,计算机、通信和其他电子设备制造业,task_timed,23,2019-12-02T23:00:00,13532.849936271441,0.5990653356411816,U205,26,measured_continuous_week_direct_isic
C39,计算机、通信和其他电子设备制造业,task_timed,24,2019-12-03T00:00:00,11101.78938384192,0.4914483804053295,U205,26,measured_continuous_week_direct_isic
C39,计算机、通信和其他电子设备制造业,task_timed,25,2019-12-03T01:00:00,12884.547807464409,0.5703666258927099,U205,26,measured_continuous_week_direct_isic
C39,计算机、通信和其他电子设备制造业,task_timed,26,2019-12-03T02:00:00,10723.618890497884,0.4747077208553017,U205,26,measured_continuous_week_direct_isic
C39,计算机、通信和其他电子设备制造业,task_timed,27,2019-12-03T03:00:00,11669.024429401728,0.5165584536386807,U205,26,measured_continuous_week_direct_isic
C39,计算机、通信和其他电子设备制造业,task_timed,28,2019-12-03T04:00:00,8265.558970826225,0.36589557132739886,U205,26,measured_continuous_week_direct_isic
C39,计算机、通信和其他电子设备制造业,task_timed,29,2019-12-03T05:00:00,7995.45492797155,0.3539387425845422,U205,26,measured_continuous_week_direct_isic
C39,计算机、通信和其他电子设备制造业,task_timed,30,2019-12-03T06:00:00,7401.192922561279,0.32763225360355297,U205,26,measured_continuous_week_direct_isic
C39,计算机、通信和其他电子设备制造业,task_timed,31,2019-12-03T07:00:00,10966.73736241458,0.4854699660339011,U205,26,measured_continuous_week_direct_isic
C39,计算机、通信和其他电子设备制造业,task_timed,32,2019-12-03T08:00:00,28308.20882154354,1.2531334271006496,U205,26,measured_continuous_week_direct_isic
C39,计算机、通信和其他电子设备制造业,task_timed,33,2019-12-03T09:00:00,35520.32339558488,1.5723956562930852,U205,26,measured_continuous_week_direct_isic
C39,计算机、通信和其他电子设备制造业,task_timed,34,2019-12-03T10:00:00,40922.65258615327,1.8115432242505027,U205,26,measured_continuous_week_direct_isic
C39,计算机、通信和其他电子设备制造业,task_timed,35,2019-12-03T11:00:00,38356.54001229641,1.6979478546432225,U205,26,measured_continuous_week_direct_isic
C39,计算机、通信和其他电子设备制造业,task_timed,36,2019-12-03T12:00:00,24418.534011742966,1.080947275887756,U205,26,measured_continuous_week_direct_isic
C39,计算机、通信和其他电子设备制造业,task_timed,37,2019-12-03T13:00:00,35061.113411601946,1.5520675816835243,U205,26,measured_continuous_week_direct_isic
C39,计算机、通信和其他电子设备制造业,task_timed,38,2019-12-03T14:00:00,33656.52548132349,1.4898899957461718,U205,26,measured_continuous_week_direct_isic
C39,计算机、通信和其他电子设备制造业,task_timed,39,2019-12-03T15:00:00,37762.2918031903,1.6716419763900268,U205,26,measured_continuous_week_direct_isic
C39,计算机、通信和其他电子设备制造业,task_timed,40,2019-12-03T16:00:00,35034.11404435981,1.5508723873914738,U205,26,measured_continuous_week_direct_isic
C39,计算机、通信和其他电子设备制造业,task_timed,41,2019-12-03T17:00:00,39166.89352977292,1.733820173055173,U205,26,measured_continuous_week_direct_isic
C39,计算机、通信和其他电子设备制造业,task_timed,42,2019-12-03T18:00:00,27065.68607623872,1.1981300605545695,U205,26,measured_continuous_week_direct_isic
C39,计算机、通信和其他电子设备制造业,task_timed,43,2019-12-03T19:00:00,24499.559706077704,1.0845340802194956,U205,26,measured_continuous_week_direct_isic
C39,计算机、通信和其他电子设备制造业,task_timed,44,2019-12-03T20:00:00,22689.788118908913,1.0044200297122707,U205,26,measured_continuous_week_direct_isic
C39,计算机、通信和其他电子设备制造业,task_timed,45,2019-12-03T21:00:00,21663.329293062005,0.9589812711415648,U205,26,measured_continuous_week_direct_isic
C39,计算机、通信和其他电子设备制造业,task_timed,46,2019-12-03T22:00:00,15558.713035506466,0.6887452155793679,U205,26,measured_continuous_week_direct_isic
C39,计算机、通信和其他电子设备制造业,task_timed,47,2019-12-03T23:00:00,16450.09224731771,0.728204338323058,U205,26,measured_continuous_week_direct_isic
C39,计算机、通信和其他电子设备制造业,task_timed,48,2019-12-04T00:00:00,12830.535276675972,0.5679756265808148,U205,26,measured_continuous_week_direct_isic
C39,计算机、通信和其他电子设备制造业,task_timed,49,2019-12-04T01:00:00,13829.953346368253,0.612217358676089,U205,26,measured_continuous_week_direct_isic
C39,计算机、通信和其他电子设备制造业,task_timed,50,2019-12-04T02:00:00,10642.593196163147,0.47112091652356214,U205,26,measured_continuous_week_direct_isic
C39,计算机、通信和其他电子设备制造业,task_timed,51,2019-12-04T03:00:00,12155.2337806268,0.5380817225402924,U205,26,measured_continuous_week_direct_isic
C39,计算机、通信和其他电子设备制造业,task_timed,52,2019-12-04T04:00:00,10588.553072766386,0.4687286957560798,U205,26,measured_continuous_week_direct_isic
C39,计算机、通信和其他电子设备制造业,task_timed,53,2019-12-04T05:00:00,8751.782118355457,0.3874194509568041,U205,26,measured_continuous_week_direct_isic
C39,计算机、通信和其他电子设备制造业,task_timed,54,2019-12-04T06:00:00,8049.48125506415,0.356330352624231,U205,26,measured_continuous_week_direct_isic
C39,计算机、通信和其他电子设备制造业,task_timed,55,2019-12-04T07:00:00,18313.903957883264,0.8107106095977654,U205,26,measured_continuous_week_direct_isic
C39,计算机、通信和其他电子设备制造业,task_timed,56,2019-12-04T08:00:00,36357.67628030352,1.6094631689970869,U205,26,measured_continuous_week_direct_isic
C39,计算机、通信和其他电子设备制造业,task_timed,57,2019-12-04T09:00:00,42246.21482209699,1.870134005856116,U205,26,measured_continuous_week_direct_isic
C39,计算机、通信和其他电子设备制造业,task_timed,58,2019-12-04T10:00:00,43191.634157304994,1.9119853493672885,U205,26,measured_continuous_week_direct_isic
C39,计算机、通信和其他电子设备制造业,task_timed,59,2019-12-04T11:00:00,39193.90669331922,1.7350159780750176,U205,26,measured_continuous_week_direct_isic
C39,计算机、通信和其他电子设备制造业,task_timed,60,2019-12-04T12:00:00,28011.091615142563,1.2399807933379485,U205,26,measured_continuous_week_direct_isic
C39,计算机、通信和其他电子设备制造业,task_timed,61,2019-12-04T13:00:00,31090.41290746663,1.3762946261388913,U205,26,measured_continuous_week_direct_isic
C39,计算机、通信和其他电子设备制造业,task_timed,62,2019-12-04T14:00:00,37627.23978176297,1.6656635620185987,U205,26,measured_continuous_week_direct_isic
C39,计算机、通信和其他电子设备制造业,task_timed,63,2019-12-04T15:00:00,37059.977143594835,1.64055226732966,U205,26,measured_continuous_week_direct_isic
C39,计算机、通信和其他电子设备制造业,task_timed,64,2019-12-04T16:00:00,41516.91459156354,1.837849713231492,U205,26,measured_continuous_week_direct_isic
C39,计算机、通信和其他电子设备制造业,task_timed,65,2019-12-04T17:00:00,37546.20029112406,1.6620761469590652,U205,26,measured_continuous_week_direct_isic
C39,计算机、通信和其他电子设备制造业,task_timed,66,2019-12-04T18:00:00,33116.28980300582,1.4659751168048714,U205,26,measured_continuous_week_direct_isic
C39,计算机、通信和其他电子设备制造业,task_timed,67,2019-12-04T19:00:00,29091.535379169585,1.2878093297649622,U205,26,measured_continuous_week_direct_isic
C39,计算机、通信和其他电子设备制造业,task_timed,68,2019-12-04T20:00:00,21771.381947247206,0.9637644912209424,U205,26,measured_continuous_week_direct_isic
C39,计算机、通信和其他电子设备制造业,task_timed,69,2019-12-04T21:00:00,20988.055389621153,0.9290885885566295,U205,26,measured_continuous_week_direct_isic
C39,计算机、通信和其他电子设备制造业,task_timed,70,2019-12-04T22:00:00,20069.66301426361,0.8884336607930949,U205,26,measured_continuous_week_direct_isic
C39,计算机、通信和其他电子设备制造业,task_timed,71,2019-12-04T23:00:00,12398.338456239338,0.5488433569910983,U205,26,measured_continuous_week_direct_isic
C39,计算机、通信和其他电子设备制造业,task_timed,72,2019-12-05T00:00:00,8427.637952104023,0.3730704014464652,U205,26,measured_continuous_week_direct_isic
C39,计算机、通信和其他电子设备制造业,task_timed,73,2019-12-05T01:00:00,9751.20018804774,0.4316611830520783,U205,26,measured_continuous_week_direct_isic
C39,计算机、通信和其他电子设备制造业,task_timed,74,2019-12-05T02:00:00,8265.572767130385,0.3658961820551924,U205,26,measured_continuous_week_direct_isic
C39,计算机、通信和其他电子设备制造业,task_timed,75,2019-12-05T03:00:00,9075.926284606892,0.40176850046714313,U205,26,measured_continuous_week_direct_isic
C39,计算机、通信和其他电子设备制造业,task_timed,76,2019-12-05T04:00:00,10021.318027206575,0.4436186225227285,U205,26,measured_continuous_week_direct_isic
C39,计算机、通信和其他电子设备制造业,task_timed,77,2019-12-05T05:00:00,9832.23967868664,0.43524859811161143,U205,26,measured_continuous_week_direct_isic
C39,计算机、通信和其他电子设备制造业,task_timed,78,2019-12-05T06:00:00,13910.992837007154,0.6158047737356221,U205,26,measured_continuous_week_direct_isic
C39,计算机、通信和其他电子设备制造业,task_timed,79,2019-12-05T07:00:00,16396.06592022511,0.7258127282833693,U205,26,measured_continuous_week_direct_isic
C39,计算机、通信和其他电子设备制造业,task_timed,80,2019-12-05T08:00:00,33710.53801211193,1.4922809950580669,U205,26,measured_continuous_week_direct_isic
C39,计算机、通信和其他电子设备制造业,task_timed,81,2019-12-05T09:00:00,34682.97051086624,1.5353281435890842,U205,26,measured_continuous_week_direct_isic
C39,计算机、通信和其他电子设备制造业,task_timed,82,2019-12-05T10:00:00,39382.98504183916,1.7433860024861347,U205,26,measured_continuous_week_direct_isic
C39,计算机、通信和其他电子设备制造业,task_timed,83,2019-12-05T11:00:00,35061.113411601946,1.5520675816835243,U205,26,measured_continuous_week_direct_isic
C39,计算机、通信和其他电子设备制造业,task_timed,84,2019-12-05T12:00:00,25066.808547941673,1.1096447641806404,U205,26,measured_continuous_week_direct_isic
C39,计算机、通信和其他电子设备制造业,task_timed,85,2019-12-05T13:00:00,31657.6617493306,1.401405310100036,U205,26,measured_continuous_week_direct_isic
C39,计算机、通信和其他电子设备制造业,task_timed,86,2019-12-05T14:00:00,37573.21345467037,1.6632719519789096,U205,26,measured_continuous_week_direct_isic
C39,计算机、通信和其他电子设备制造业,task_timed,87,2019-12-05T15:00:00,37627.23978176297,1.6656635620185987,U205,26,measured_continuous_week_direct_isic
C39,计算机、通信和其他电子设备制造业,task_timed,88,2019-12-05T16:00:00,37032.97777635269,1.6393570730376088,U205,26,measured_continuous_week_direct_isic
C39,计算机、通信和其他电子设备制造业,task_timed,89,2019-12-05T17:00:00,32927.22525079005,1.4576057031215481,U205,26,measured_continuous_week_direct_isic
C39,计算机、通信和其他电子设备制造业,task_timed,90,2019-12-05T18:00:00,32738.119309661783,1.4492344572548435,U205,26,measured_continuous_week_direct_isic
C39,计算机、通信和其他电子设备制造业,task_timed,91,2019-12-05T19:00:00,32711.106146115482,1.448038652234999,U205,26,measured_continuous_week_direct_isic
C39,计算机、通信和其他电子设备制造业,task_timed,92,2019-12-05T20:00:00,27146.697974269293,1.2017162541585154,U205,26,measured_continuous_week_direct_isic
C39,计算机、通信和其他电子设备制造业,task_timed,93,2019-12-05T21:00:00,23878.312129729453,1.0570330076742491,U205,26,measured_continuous_week_direct_isic
C39,计算机、通信和其他电子设备制造业,task_timed,94,2019-12-05T22:00:00,17233.44639755208,0.7628814624429581,U205,26,measured_continuous_week_direct_isic
C39,计算机、通信和其他电子设备制造业,task_timed,95,2019-12-05T23:00:00,16044.922386731538,0.7102684844809796,U205,26,measured_continuous_week_direct_isic
C39,计算机、通信和其他电子设备制造业,task_timed,96,2019-12-06T00:00:00,12803.522113129671,0.5667798215609704,U205,26,measured_continuous_week_direct_isic
C39,计算机、通信和其他电子设备制造业,task_timed,97,2019-12-06T01:00:00,17071.36741627428,0.7557066323238916,U205,26,measured_continuous_week_direct_isic
C39,计算机、通信和其他电子设备制造业,task_timed,98,2019-12-06T02:00:00,13451.81044563254,0.5954779205816484,U205,26,measured_continuous_week_direct_isic
C39,计算机、通信和其他电子设备制造业,task_timed,99,2019-12-06T03:00:00,14424.201555474363,0.6385232369292846,U205,26,measured_continuous_week_direct_isic
C39,计算机、通信和其他电子设备制造业,task_timed,100,2019-12-06T04:00:00,10075.344354299175,0.4460102325624173,U205,26,measured_continuous_week_direct_isic
C39,计算机、通信和其他电子设备制造业,task_timed,101,2019-12-06T05:00:00,7104.061919856144,0.31447900911305837,U205,26,measured_continuous_week_direct_isic
C39,计算机、通信和其他电子设备制造业,task_timed,102,2019-12-06T06:00:00,10534.526745673786,0.46633708571639093,U205,26,measured_continuous_week_direct_isic
C39,计算机、通信和其他电子设备制造业,task_timed,103,2019-12-06T07:00:00,16693.18312662609,0.7389653620460704,U205,26,measured_continuous_week_direct_isic
C39,计算机、通信和其他电子设备制造业,task_timed,104,2019-12-06T08:00:00,30685.24304688046,1.358358772296813,U205,26,measured_continuous_week_direct_isic
C39,计算机、通信和其他电子设备制造业,task_timed,105,2019-12-06T09:00:00,36519.76905788549,1.616638609843947,U205,26,measured_continuous_week_direct_isic
C39,计算机、通信和其他电子设备制造业,task_timed,106,2019-12-06T10:00:00,41138.744098219504,1.821109053681464,U205,26,measured_continuous_week_direct_isic
C39,计算机、通信和其他电子设备制造业,task_timed,107,2019-12-06T11:00:00,38275.51431796167,1.6943610503114828,U205,26,measured_continuous_week_direct_isic
C39,计算机、通信和其他电子设备制造业,task_timed,108,2019-12-06T12:00:00,30523.177861906825,1.3511845529055402,U205,26,measured_continuous_week_direct_isic
C39,计算机、通信和其他电子设备制造业,task_timed,109,2019-12-06T13:00:00,33008.25094512478,1.4611925074532874,U205,26,measured_continuous_week_direct_isic
C39,计算机、通信和其他电子设备制造业,task_timed,110,2019-12-06T14:00:00,35925.49325617105,1.5903315101351638,U205,26,measured_continuous_week_direct_isic
C39,计算机、通信和其他电子设备制造业,task_timed,111,2019-12-06T15:00:00,43272.67364794389,1.9155727644268217,U205,26,measured_continuous_week_direct_isic
C39,计算机、通信和其他电子设备制造业,task_timed,112,2019-12-06T16:00:00,44623.26284373808,1.9753599617800732,U205,26,measured_continuous_week_direct_isic
C39,计算机、通信和其他电子设备制造业,task_timed,113,2019-12-06T17:00:00,34250.75989412544,1.5161952632715738,U205,26,measured_continuous_week_direct_isic
C39,计算机、通信和其他电子设备制造业,task_timed,114,2019-12-06T18:00:00,27389.802649881833,1.2124778886093213,U205,26,measured_continuous_week_direct_isic
C39,计算机、通信和其他电子设备制造业,task_timed,115,2019-12-06T19:00:00,26714.514950136825,1.1825845952965925,U205,26,measured_continuous_week_direct_isic
C39,计算机、通信和其他电子设备制造业,task_timed,116,2019-12-06T20:00:00,26390.384580189548,1.168236156514047,U205,26,measured_continuous_week_direct_isic
C39,计算机、通信和其他电子设备制造业,task_timed,117,2019-12-06T21:00:00,24472.546542531396,1.083338275199651,U205,26,measured_continuous_week_direct_isic
C39,计算机、通信和其他电子设备制造业,task_timed,118,2019-12-06T22:00:00,25553.017899166745,1.1311680330822522,U205,26,measured_continuous_week_direct_isic
C39,计算机、通信和其他电子设备制造业,task_timed,119,2019-12-06T23:00:00,20798.96324479706,0.9207179534177191,U205,26,measured_continuous_week_direct_isic
C39,计算机、通信和其他电子设备制造业,task_timed,120,2019-12-07T00:00:00,17449.537909618317,0.7724472918739196,U205,26,measured_continuous_week_direct_isic
C39,计算机、通信和其他电子设备制造业,task_timed,121,2019-12-07T01:00:00,11939.142268560567,0.528515893109331,U205,26,measured_continuous_week_direct_isic
C39,计算机、通信和其他电子设备制造业,task_timed,122,2019-12-07T02:00:00,16531.13173795661,0.7317917533825913,U205,26,measured_continuous_week_direct_isic
C39,计算机、通信和其他电子设备制造业,task_timed,123,2019-12-07T03:00:00,14856.398375910996,0.6576555065190011,U205,26,measured_continuous_week_direct_isic
C39,计算机、通信和其他电子设备制造业,task_timed,124,2019-12-07T04:00:00,14046.07245104281,0.6217844095626376,U205,26,measured_continuous_week_direct_isic
C39,计算机、通信和其他电子设备制造业,task_timed,125,2019-12-07T05:00:00,14424.229148082686,0.6385244583848718,U205,26,measured_continuous_week_direct_isic
C39,计算机、通信和其他电子设备制造业,task_timed,126,2019-12-07T06:00:00,11642.011265855432,0.5153626486188364,U205,26,measured_continuous_week_direct_isic
C39,计算机、通信和其他电子设备制造业,task_timed,127,2019-12-07T07:00:00,18557.008633495796,0.8214722440485711,U205,26,measured_continuous_week_direct_isic
C39,计算机、通信和其他电子设备制造业,task_timed,128,2019-12-07T08:00:00,34520.89152958843,1.5281533134700174,U205,26,measured_continuous_week_direct_isic
C39,计算机、通信和其他电子设备制造业,task_timed,129,2019-12-07T09:00:00,36573.79538497808,1.6190302198836355,U205,26,measured_continuous_week_direct_isic
C39,计算机、通信和其他电子设备制造业,task_timed,130,2019-12-07T10:00:00,36276.65058596879,1.6058763646653473,U205,26,measured_continuous_week_direct_isic
C39,计算机、通信和其他电子设备制造业,task_timed,131,2019-12-07T11:00:00,32495.01463404925,1.4384728228040378,U205,26,measured_continuous_week_direct_isic
C39,计算机、通信和其他电子设备制造业,task_timed,132,2019-12-07T12:00:00,25553.01789916674,1.131168033082252,U205,26,measured_continuous_week_direct_isic
C39,计算机、通信和其他电子设备制造业,task_timed,133,2019-12-07T13:00:00,25769.12320753714,1.1407344732410072,U205,26,measured_continuous_week_direct_isic
C39,计算机、通信和其他电子设备制造业,task_timed,134,2019-12-07T14:00:00,39977.23325094527,1.7696918807393303,U205,26,measured_continuous_week_direct_isic
C39,计算机、通信和其他电子设备制造业,task_timed,135,2019-12-07T15:00:00,40409.41627507774,1.788823539601253,U205,26,measured_continuous_week_direct_isic
C39,计算机、通信和其他电子设备制造业,task_timed,136,2019-12-07T16:00:00,44029.000838327804,1.9490534727990838,U205,26,measured_continuous_week_direct_isic
C39,计算机、通信和其他电子设备制造业,task_timed,137,2019-12-07T17:00:00,37438.14763693887,1.6572929268796879,U205,26,measured_continuous_week_direct_isic
C39,计算机、通信和其他电子设备制造业,task_timed,138,2019-12-07T18:00:00,26390.384580189548,1.168236156514047,U205,26,measured_continuous_week_direct_isic
C39,计算机、通信和其他电子设备制造业,task_timed,139,2019-12-07T19:00:00,20934.02906252856,0.926696978516941,U205,26,measured_continuous_week_direct_isic
C39,计算机、通信和其他电子设备制造业,task_timed,140,2019-12-07T20:00:00,18097.798649512864,0.8011441694390103,U205,26,measured_continuous_week_direct_isic
C39,计算机、通信和其他电子设备制造业,task_timed,141,2019-12-07T21:00:00,20420.82034406135,0.9039785153232786,U205,26,measured_continuous_week_direct_isic
C39,计算机、通信和其他电子设备制造业,task_timed,142,2019-12-07T22:00:00,13181.678810169546,0.5835198703832046,U205,26,measured_continuous_week_direct_isic
C39,计算机、通信和其他电子设备制造业,task_timed,143,2019-12-07T23:00:00,16855.275904208047,0.7461408028929304,U205,26,measured_continuous_week_direct_isic
C39,计算机、通信和其他电子设备制造业,task_timed,144,2019-12-08T00:00:00,11209.842038027118,0.49623160048470705,U205,26,measured_continuous_week_direct_isic
C39,计算机、通信和其他电子设备制造业,task_timed,145,2019-12-08T01:00:00,8994.872997663833,0.3981804746798164,U205,26,measured_continuous_week_direct_isic
C39,计算机、通信和其他电子设备制造业,task_timed,146,2019-12-08T02:00:00,9562.108043223643,0.4232905479131676,U205,26,measured_continuous_week_direct_isic
C39,计算机、通信和其他电子设备制造业,task_timed,147,2019-12-08T03:00:00,11506.959244428092,0.509384234247408,U205,26,measured_continuous_week_direct_isic
C39,计算机、通信和其他电子设备制造业,task_timed,148,2019-12-08T04:00:00,11209.842038027118,0.49623160048470705,U205,26,measured_continuous_week_direct_isic
C39,计算机、通信和其他电子设备制造业,task_timed,149,2019-12-08T05:00:00,10777.645217590483,0.47709933089499046,U205,26,measured_continuous_week_direct_isic
C39,计算机、通信和其他电子设备制造业,task_timed,150,2019-12-08T06:00:00,9400.042858250006,0.41611632852189495,U205,26,measured_continuous_week_direct_isic
C39,计算机、通信和其他电子设备制造业,task_timed,151,2019-12-08T07:00:00,13397.784118539941,0.5930863105419596,U205,26,measured_continuous_week_direct_isic
C39,计算机、通信和其他电子设备制造业,task_timed,152,2019-12-08T08:00:00,22419.670279750077,0.9924625902416205,U205,26,measured_continuous_week_direct_isic
C39,计算机、通信和其他电子设备制造业,task_timed,153,2019-12-08T09:00:00,25958.201556057073,1.149104497652124,U205,26,measured_continuous_week_direct_isic
C39,计算机、通信和其他电子设备制造业,task_timed,154,2019-12-08T10:00:00,29091.549175473745,1.2878099404927559,U205,26,measured_continuous_week_direct_isic
C39,计算机、通信和其他电子设备制造业,task_timed,155,2019-12-08T11:00:00,24310.481357557765,1.0761640558083785,U205,26,measured_continuous_week_direct_isic
C39,计算机、通信和其他电子设备制造业,task_timed,156,2019-12-08T12:00:00,18205.837507393902,0.8059267787905943,U205,26,measured_continuous_week_direct_isic
C39,计算机、通信和其他电子设备制造业,task_timed,157,2019-12-08T13:00:00,17287.44513203636,0.7652718510270596,U205,26,measured_continuous_week_direct_isic
C39,计算机、通信和其他电子设备制造业,task_timed,158,2019-12-08T14:00:00,27524.88226391749,1.2184575244363367,U205,26,measured_continuous_week_direct_isic
C39,计算机、通信和其他电子设备制造业,task_timed,159,2019-12-08T15:00:00,30739.2555776689,1.360749771608708,U205,26,measured_continuous_week_direct_isic
C39,计算机、通信和其他电子设备制造业,task_timed,160,2019-12-08T16:00:00,28659.352355037114,1.2686776709030394,U205,26,measured_continuous_week_direct_isic
C39,计算机、通信和其他电子设备制造业,task_timed,161,2019-12-08T17:00:00,18962.178494081974,0.83940809789065,U205,26,measured_continuous_week_direct_isic
C39,计算机、通信和其他电子设备制造业,task_timed,162,2019-12-08T18:00:00,10750.632054044185,0.4759035258751461,U205,26,measured_continuous_week_direct_isic
C39,计算机、通信和其他电子设备制造业,task_timed,163,2019-12-08T19:00:00,7833.375946693753,0.34676391246547594,U205,26,measured_continuous_week_direct_isic
C39,计算机、通信和其他电子设备制造业,task_timed,164,2019-12-08T20:00:00,7239.127737587642,0.32045803421228025,U205,26,measured_continuous_week_direct_isic
C39,计算机、通信和其他电子设备制造业,task_timed,165,2019-12-08T21:00:00,5969.578032432361,0.2642582519185622,U205,26,measured_continuous_week_direct_isic
C39,计算机、通信和其他电子设备制造业,task_timed,166,2019-12-08T22:00:00,5537.381211995728,0.2451259823288457,U205,26,measured_continuous_week_direct_isic
C39,计算机、通信和其他电子设备制造业,task_timed,167,2019-12-08T23:00:00,4510.949978757147,0.1996884452137272,U205,26,measured_continuous_week_direct_isic
C40,仪器仪表制造业,task_timed,0,2019-12-02T00:00:00,386.0403948522086,0.39937566897186716,U205,26,measured_continuous_week_direct_isic
C40,仪器仪表制造业,task_timed,1,2019-12-02T01:00:00,390.66449210495483,0.40415949977903826,U205,26,measured_continuous_week_direct_isic
C40,仪器仪表制造业,task_timed,2,2019-12-02T02:00:00,399.9103252688143,0.41372471848220616,U205,26,measured_continuous_week_direct_isic
C40,仪器仪表制造业,task_timed,3,2019-12-02T03:00:00,271.61568267299236,0.2809983007407964,U205,26,measured_continuous_week_direct_isic
C40,仪器仪表制造业,task_timed,4,2019-12-02T04:00:00,223.07181171798473,0.23077754354630034,U205,26,measured_continuous_week_direct_isic
C40,仪器仪表制造业,task_timed,5,2019-12-02T05:00:00,268.1480524849889,0.2774108856812633,U205,26,measured_continuous_week_direct_isic
C40,仪器仪表制造业,task_timed,6,2019-12-02T06:00:00,197.64429467885057,0.20447166529310473,U205,26,measured_continuous_week_direct_isic
C40,仪器仪表制造业,task_timed,7,2019-12-02T07:00:00,320.1601439634083,0.33121966866308616,U205,26,measured_continuous_week_direct_isic
C40,仪器仪表制造业,task_timed,8,2019-12-02T08:00:00,1299.1328325167601,1.3440097227864738,U205,26,measured_continuous_week_direct_isic
C40,仪器仪表制造业,task_timed,9,2019-12-02T09:00:00,1326.8726933499715,1.3727078218071518,U205,26,measured_continuous_week_direct_isic
C40,仪器仪表制造业,task_timed,10,2019-12-02T10:00:00,1426.272188718656,1.4755409462358329,U205,26,measured_continuous_week_direct_isic
C40,仪器仪表制造业,task_timed,11,2019-12-02T11:00:00,1269.081808560288,1.3129206244539007,U205,26,measured_continuous_week_direct_isic
C40,仪器仪表制造业,task_timed,12,2019-12-02T12:00:00,961.6351279487427,0.9948535895535154,U205,26,measured_continuous_week_direct_isic
C40,仪器仪表制造业,task_timed,13,2019-12-02T13:00:00,871.4820560793263,0.9015862945557962,U205,26,measured_continuous_week_direct_isic
C40,仪器仪表制造业,task_timed,14,2019-12-02T14:00:00,1285.2634924355627,1.3296612840039284,U205,26,measured_continuous_week_direct_isic
C40,仪器仪表制造业,task_timed,15,2019-12-02T15:00:00,1287.5746555588237,1.3320522833158237,U205,26,measured_continuous_week_direct_isic
C40,仪器仪表制造业,task_timed,16,2019-12-02T16:00:00,1393.9094113035148,1.442060237863571,U205,26,measured_continuous_week_direct_isic
C40,仪器仪表制造业,task_timed,17,2019-12-02T17:00:00,1352.2996200536977,1.3990130893325539,U205,26,measured_continuous_week_direct_isic
C40,仪器仪表制造业,task_timed,18,2019-12-02T18:00:00,1169.6811325207873,1.2100862785696325,U205,26,measured_continuous_week_direct_isic
C40,仪器仪表制造业,task_timed,19,2019-12-02T19:00:00,1132.6960288591247,1.1718235715735803,U205,26,measured_continuous_week_direct_isic
C40,仪器仪表制造业,task_timed,20,2019-12-02T20:00:00,878.416726119925,0.9087605139470688,U205,26,measured_continuous_week_direct_isic
C40,仪器仪表制造业,task_timed,21,2019-12-02T21:00:00,809.068254707713,0.837016487850961,U205,26,measured_continuous_week_direct_isic
C40,仪器仪表制造业,task_timed,22,2019-12-02T22:00:00,621.8268505928727,0.6433070677364556,U205,26,measured_continuous_week_direct_isic
C40,仪器仪表制造业,task_timed,23,2019-12-02T23:00:00,579.0623632845377,0.5990653356411816,U205,26,measured_continuous_week_direct_isic
C40,仪器仪表制造业,task_timed,24,2019-12-03T00:00:00,475.0387706631072,0.4914483804053295,U205,26,measured_continuous_week_direct_isic
C40,仪器仪表制造业,task_timed,25,2019-12-03T01:00:00,551.3219121159179,0.5703666258927099,U205,26,measured_continuous_week_direct_isic
C40,仪器仪表制造业,task_timed,26,2019-12-03T02:00:00,458.85708678783243,0.4747077208553017,U205,26,measured_continuous_week_direct_isic
C40,仪器仪表制造业,task_timed,27,2019-12-03T03:00:00,499.3104109729068,0.5165584536386807,U205,26,measured_continuous_week_direct_isic
C40,仪器仪表制造业,task_timed,28,2019-12-03T04:00:00,353.67820777247573,0.36589557132739886,U205,26,measured_continuous_week_direct_isic
C40,仪器仪表制造业,task_timed,29,2019-12-03T05:00:00,342.1206211499472,0.3539387425845422,U205,26,measured_continuous_week_direct_isic
C40,仪器仪表制造业,task_timed,30,2019-12-03T06:00:00,316.69251377540473,0.3276322536035529,U205,26,measured_continuous_week_direct_isic
C40,仪器仪表制造业,task_timed,31,2019-12-03T07:00:00,469.25997735184285,0.4854699660339011,U205,26,measured_continuous_week_direct_isic
C40,仪器仪表制造业,task_timed,32,2019-12-03T08:00:00,1211.2909237706044,1.2531334271006496,U205,26,measured_continuous_week_direct_isic
C40,仪器仪表制造业,task_timed,33,2019-12-03T09:00:00,1519.892890776076,1.5723956562930854,U205,26,measured_continuous_week_direct_isic
C40,仪器仪表制造业,task_timed,34,2019-12-03T10:00:00,1751.055249263994,1.811543224250503,U205,26,measured_continuous_week_direct_isic
C40,仪器仪表制造业,task_timed,35,2019-12-03T11:00:00,1641.2528633312993,1.6979478546432225,U205,26,measured_continuous_week_direct_isic
C40,仪器仪表制造业,task_timed,36,2019-12-03T12:00:00,1044.854120112969,1.080947275887756,U205,26,measured_continuous_week_direct_isic
C40,仪器仪表制造业,task_timed,37,2019-12-03T13:00:00,1500.243576712798,1.5520675816835245,U205,26,measured_continuous_week_direct_isic
C40,仪器仪表制造业,task_timed,38,2019-12-03T14:00:00,1440.1421191352617,1.4898899957461718,U205,26,measured_continuous_week_direct_isic
C40,仪器仪表制造业,task_timed,39,2019-12-03T15:00:00,1615.825346292165,1.6716419763900268,U205,26,measured_continuous_week_direct_isic
C40,仪器仪表制造业,task_timed,40,2019-12-03T16:00:00,1499.0882903188717,1.5508723873914738,U205,26,measured_continuous_week_direct_isic
C40,仪器仪表制造业,task_timed,41,2019-12-03T17:00:00,1675.9273942051093,1.733820173055173,U205,26,measured_continuous_week_direct_isic
C40,仪器仪表制造业,task_timed,42,2019-12-03T18:00:00,1158.124136233667,1.1981300605545695,U205,26,measured_continuous_week_direct_isic
C40,仪器仪表制造业,task_timed,43,2019-12-03T19:00:00,1048.3211599655642,1.0845340802194956,U205,26,measured_continuous_week_direct_isic
C40,仪器仪表制造业,task_timed,44,2019-12-03T20:00:00,970.8821417834189,1.0044200297122707,U205,26,measured_continuous_week_direct_isic
C40,仪器仪表制造业,task_timed,45,2019-12-03T21:00:00,926.9605970749326,0.9589812711415648,U205,26,measured_continuous_week_direct_isic
C40,仪器仪表制造业,task_timed,46,2019-12-03T22:00:00,665.7478049659506,0.6887452155793679,U205,26,measured_continuous_week_direct_isic
C40,仪器仪表制造业,task_timed,47,2019-12-03T23:00:00,703.8893756923561,0.7282043383230581,U205,26,measured_continuous_week_direct_isic
C40,仪器仪表制造业,task_timed,48,2019-12-04T00:00:00,549.0107489926572,0.5679756265808148,U205,26,measured_continuous_week_direct_isic
C40,仪器仪表制造业,task_timed,49,2019-12-04T01:00:00,591.7752363009923,0.612217358676089,U205,26,measured_continuous_week_direct_isic
C40,仪器仪表制造业,task_timed,50,2019-12-04T02:00:00,455.3900469352372,0.47112091652356214,U205,26,measured_continuous_week_direct_isic
C40,仪器仪表制造业,task_timed,51,2019-12-04T03:00:00,520.1150114301113,0.5380817225402924,U205,26,measured_continuous_week_direct_isic
C40,仪器仪表制造业,task_timed,52,2019-12-04T04:00:00,453.07770314115993,0.4687286957560798,U205,26,measured_continuous_week_direct_isic
C40,仪器仪表制造业,task_timed,53,2019-12-04T05:00:00,374.4833985650884,0.38741945095680413,U205,26,measured_continuous_week_direct_isic
C40,仪器仪表制造业,task_timed,54,2019-12-04T06:00:00,344.43237460861627,0.356330352624231,U205,26,measured_continuous_week_direct_isic
C40,仪器仪表制造业,task_timed,55,2019-12-04T07:00:00,783.6407376685787,0.8107106095977654,U205,26,measured_continuous_week_direct_isic
C40,仪器仪表制造业,task_timed,56,2019-12-04T08:00:00,1555.7227080438124,1.6094631689970869,U205,26,measured_continuous_week_direct_isic
C40,仪器仪表制造业,task_timed,57,2019-12-04T09:00:00,1807.6896669889347,1.870134005856116,U205,26,measured_continuous_week_direct_isic
C40,仪器仪表制造业,task_timed,58,2019-12-04T10:00:00,1848.1435815094173,1.9119853493672885,U205,26,measured_continuous_week_direct_isic
C40,仪器仪表制造业,task_timed,59,2019-12-04T11:00:00,1677.083270934444,1.7350159780750176,U205,26,measured_continuous_week_direct_isic
C40,仪器仪表制造业,task_timed,60,2019-12-04T12:00:00,1198.5774604187416,1.2399807933379485,U205,26,measured_continuous_week_direct_isic
C40,仪器仪表制造业,task_timed,61,2019-12-04T13:00:00,1330.3397332025668,1.3762946261388913,U205,26,measured_continuous_week_direct_isic
C40,仪器仪表制造业,task_timed,62,2019-12-04T14:00:00,1610.0465529809007,1.6656635620185984,U205,26,measured_continuous_week_direct_isic
C40,仪器仪表制造业,task_timed,63,2019-12-04T15:00:00,1585.7737320002846,1.64055226732966,U205,26,measured_continuous_week_direct_isic
C40,仪器仪表制造业,task_timed,64,2019-12-04T16:00:00,1776.4833566385362,1.837849713231492,U205,26,measured_continuous_week_direct_isic
C40,仪器仪表制造业,task_timed,65,2019-12-04T17:00:00,1606.5789227928972,1.6620761469590652,U205,26,measured_continuous_week_direct_isic
C40,仪器仪表制造业,task_timed,66,2019-12-04T18:00:00,1417.0257652193882,1.4659751168048714,U205,26,measured_continuous_week_direct_isic
C40,仪器仪表制造业,task_timed,67,2019-12-04T19:00:00,1244.8089875796718,1.2878093297649622,U205,26,measured_continuous_week_direct_isic
C40,仪器仪表制造业,task_timed,68,2019-12-04T20:00:00,931.5841039922706,0.9637644912209423,U205,26,measured_continuous_week_direct_isic
C40,仪器仪表制造业,task_timed,69,2019-12-04T21:00:00,898.0660401832031,0.9290885885566296,U205,26,measured_continuous_week_direct_isic
C40,仪器仪表制造业,task_timed,70,2019-12-04T22:00:00,858.7685927274631,0.8884336607930949,U205,26,measured_continuous_week_direct_isic
C40,仪器仪表制造业,task_timed,71,2019-12-04T23:00:00,530.5173116587135,0.5488433569910983,U205,26,measured_continuous_week_direct_isic
C40,仪器仪表制造业,task_timed,72,2019-12-05T00:00:00,360.6134681484827,0.37307040144646514,U205,26,measured_continuous_week_direct_isic
C40,仪器仪表制造业,task_timed,73,2019-12-05T01:00:00,417.2478858734235,0.4316611830520783,U205,26,measured_continuous_week_direct_isic
C40,仪器仪表制造业,task_timed,74,2019-12-05T02:00:00,353.6787981078839,0.3658961820551924,U205,26,measured_continuous_week_direct_isic
C40,仪器仪表制造业,task_timed,75,2019-12-05T03:00:00,388.3533289816941,0.40176850046714313,U205,26,measured_continuous_week_direct_isic
C40,仪器仪表制造业,task_timed,76,2019-12-05T04:00:00,428.80606283136024,0.44361862252272855,U205,26,measured_continuous_week_direct_isic
C40,仪器仪表制造业,task_timed,77,2019-12-05T05:00:00,420.715516061427,0.43524859811161143,U205,26,measured_continuous_week_direct_isic
C40,仪器仪表制造业,task_timed,78,2019-12-05T06:00:00,595.2428664889959,0.6158047737356221,U205,26,measured_continuous_week_direct_isic
C40,仪器仪表制造业,task_timed,79,2019-12-05T07:00:00,701.5776222336871,0.7258127282833693,U205,26,measured_continuous_week_direct_isic
C40,仪器仪表制造业,task_timed,80,2019-12-05T08:00:00,1442.4532822585224,1.4922809950580669,U205,26,measured_continuous_week_direct_isic
C40,仪器仪表制造业,task_timed,81,2019-12-05T09:00:00,1484.0630735083396,1.535328143589084,U205,26,measured_continuous_week_direct_isic
C40,仪器仪表制造业,task_timed,82,2019-12-05T10:00:00,1685.173817704377,1.7433860024861345,U205,26,measured_continuous_week_direct_isic
C40,仪器仪表制造业,task_timed,83,2019-12-05T11:00:00,1500.243576712798,1.5520675816835245,U205,26,measured_continuous_week_direct_isic
C40,仪器仪表制造业,task_timed,84,2019-12-05T12:00:00,1072.593390610772,1.1096447641806404,U205,26,measured_continuous_week_direct_isic
C40,仪器仪表制造业,task_timed,85,2019-12-05T13:00:00,1354.6119638477749,1.401405310100036,U205,26,measured_continuous_week_direct_isic
C40,仪器仪表制造业,task_timed,86,2019-12-05T14:00:00,1607.7347995222317,1.6632719519789096,U205,26,measured_continuous_week_direct_isic
C40,仪器仪表制造业,task_timed,87,2019-12-05T15:00:00,1610.0465529809007,1.6656635620185984,U205,26,measured_continuous_week_direct_isic
C40,仪器仪表制造业,task_timed,88,2019-12-05T16:00:00,1584.6184456063581,1.639357073037609,U205,26,measured_continuous_week_direct_isic
C40,仪器仪表制造业,task_timed,89,2019-12-05T17:00:00,1408.9358087848634,1.457605703121548,U205,26,measured_continuous_week_direct_isic
C40,仪器仪表制造业,task_timed,90,2019-12-05T18:00:00,1400.8440813441134,1.4492344572548435,U205,26,measured_continuous_week_direct_isic
C40,仪器仪表制造业,task_timed,91,2019-12-05T19:00:00,1399.688204614779,1.448038652234999,U205,26,measured_continuous_week_direct_isic
C40,仪器仪表制造业,task_timed,92,2019-12-05T20:00:00,1161.590585750854,1.2017162541585154,U205,26,measured_continuous_week_direct_isic
C40,仪器仪表制造业,task_timed,93,2019-12-05T21:00:00,1021.7383565325036,1.0570330076742491,U205,26,measured_continuous_week_direct_isic
C40,仪器仪表制造业,task_timed,94,2019-12-05T22:00:00,737.40862017224,0.7628814624429581,U205,26,measured_continuous_week_direct_isic
C40,仪器仪表制造业,task_timed,95,2019-12-05T23:00:00,686.5524054231552,0.7102684844809796,U205,26,measured_continuous_week_direct_isic
C40,仪器仪表制造业,task_timed,96,2019-12-06T00:00:00,547.8548722633227,0.5667798215609704,U205,26,measured_continuous_week_direct_isic
C40,仪器仪表制造业,task_timed,97,2019-12-06T01:00:00,730.473359796233,0.7557066323238917,U205,26,measured_continuous_week_direct_isic
C40,仪器仪表制造业,task_timed,98,2019-12-06T02:00:00,575.5947330965341,0.5954779205816484,U205,26,measured_continuous_week_direct_isic
C40,仪器仪表制造业,task_timed,99,2019-12-06T03:00:00,617.2027533401266,0.6385232369292846,U205,26,measured_continuous_week_direct_isic
C40,仪器仪表制造业,task_timed,100,2019-12-06T04:00:00,431.1178162900293,0.44601023256241734,U205,26,measured_continuous_week_direct_isic
C40,仪器仪表制造业,task_timed,101,2019-12-06T05:00:00,303.97846008813355,0.31447900911305837,U205,26,measured_continuous_week_direct_isic
C40,仪器仪表制造业,task_timed,102,2019-12-06T06:00:00,450.76594968249094,0.466337085716391,U205,26,measured_continuous_week_direct_isic
C40,仪器仪表制造业,task_timed,103,2019-12-06T07:00:00,714.2910855855501,0.7389653620460704,U205,26,measured_continuous_week_direct_isic
C40,仪器仪表制造业,task_timed,104,2019-12-06T08:00:00,1313.002762933366,1.358358772296813,U205,26,measured_continuous_week_direct_isic
C40,仪器仪表制造业,task_timed,105,2019-12-06T09:00:00,1562.6585587552277,1.616638609843947,U205,26,measured_continuous_week_direct_isic
C40,仪器仪表制造业,task_timed,106,2019-12-06T10:00:00,1760.3016727632614,1.821109053681464,U205,26,measured_continuous_week_direct_isic
C40,仪器仪表制造业,task_timed,107,2019-12-06T11:00:00,1637.7858234787038,1.6943610503114828,U205,26,measured_continuous_week_direct_isic
C40,仪器仪表制造业,task_timed,108,2019-12-06T12:00:00,1306.0680928927673,1.3511845529055402,U205,26,measured_continuous_week_direct_isic
C40,仪器仪表制造业,task_timed,109,2019-12-06T13:00:00,1412.4028486374586,1.4611925074532874,U205,26,measured_continuous_week_direct_isic
C40,仪器仪表制造业,task_timed,110,2019-12-06T14:00:00,1537.229861045277,1.590331510135164,U205,26,measured_continuous_week_direct_isic
C40,仪器仪表制造业,task_timed,111,2019-12-06T15:00:00,1851.611211697421,1.9155727644268217,U205,26,measured_continuous_week_direct_isic
C40,仪器仪表制造业,task_timed,112,2019-12-06T16:00:00,1909.4020964871047,1.975359961780073,U205,26,measured_continuous_week_direct_isic
C40,仪器仪表制造业,task_timed,113,2019-12-06T17:00:00,1465.5690458389877,1.5161952632715738,U205,26,measured_continuous_week_direct_isic
C40,仪器仪表制造业,task_timed,114,2019-12-06T18:00:00,1171.9928859794563,1.2124778886093213,U205,26,measured_continuous_week_direct_isic
C40,仪器仪表制造业,task_timed,115,2019-12-06T19:00:00,1143.0977387523187,1.1825845952965925,U205,26,measured_continuous_week_direct_isic
C40,仪器仪表制造业,task_timed,116,2019-12-06T20:00:00,1129.228398671121,1.168236156514047,U205,26,measured_continuous_week_direct_isic
C40,仪器仪表制造业,task_timed,117,2019-12-06T21:00:00,1047.1652832362295,1.083338275199651,U205,26,measured_continuous_week_direct_isic
C40,仪器仪表制造业,task_timed,118,2019-12-06T22:00:00,1093.3979910679766,1.1311680330822522,U205,26,measured_continuous_week_direct_isic
C40,仪器仪表制造业,task_timed,119,2019-12-06T23:00:00,889.9749030778617,0.920717953417719,U205,26,measured_continuous_week_direct_isic
C40,仪器仪表制造业,task_timed,120,2019-12-07T00:00:00,746.6550436715078,0.7724472918739195,U205,26,measured_continuous_week_direct_isic
C40,仪器仪表制造业,task_timed,121,2019-12-07T01:00:00,510.8685879308436,0.528515893109331,U205,26,measured_continuous_week_direct_isic
C40,仪器仪表制造业,task_timed,122,2019-12-07T02:00:00,707.3570058803596,0.7317917533825912,U205,26,measured_continuous_week_direct_isic
C40,仪器仪表制造业,task_timed,123,2019-12-07T03:00:00,635.6961906740702,0.6576555065190011,U205,26,measured_continuous_week_direct_isic
C40,仪器仪表制造业,task_timed,124,2019-12-07T04:00:00,601.0228404710766,0.6217844095626376,U205,26,measured_continuous_week_direct_isic
C40,仪器仪表制造业,task_timed,125,2019-12-07T05:00:00,617.2039340109432,0.6385244583848719,U205,26,measured_continuous_week_direct_isic
C40,仪器仪表制造业,task_timed,126,2019-12-07T06:00:00,498.1545342435724,0.5153626486188364,U205,26,measured_continuous_week_direct_isic
C40,仪器仪表制造业,task_timed,127,2019-12-07T07:00:00,794.043037897181,0.8214722440485712,U205,26,measured_continuous_week_direct_isic
C40,仪器仪表制造业,task_timed,128,2019-12-07T08:00:00,1477.1278131323322,1.5281533134700171,U205,26,measured_continuous_week_direct_isic
C40,仪器仪表制造业,task_timed,129,2019-12-07T09:00:00,1564.9703122138965,1.6190302198836355,U205,26,measured_continuous_week_direct_isic
C40,仪器仪表制造业,task_timed,130,2019-12-07T10:00:00,1552.2556681912172,1.6058763646653473,U205,26,measured_continuous_week_direct_isic
C40,仪器仪表制造业,task_timed,131,2019-12-07T11:00:00,1390.4417811155113,1.4384728228040378,U205,26,measured_continuous_week_direct_isic
C40,仪器仪表制造业,task_timed,132,2019-12-07T12:00:00,1093.3979910679764,1.131168033082252,U205,26,measured_continuous_week_direct_isic
C40,仪器仪表制造业,task_timed,133,2019-12-07T13:00:00,1102.6450049026525,1.1407344732410072,U205,26,measured_continuous_week_direct_isic
C40,仪器仪表制造业,task_timed,134,2019-12-07T14:00:00,1710.6013347435114,1.7696918807393303,U205,26,measured_continuous_week_direct_isic
C40,仪器仪表制造业,task_timed,135,2019-12-07T15:00:00,1729.0941817420469,1.7888235396012533,U205,26,measured_continuous_week_direct_isic
C40,仪器仪表制造业,task_timed,136,2019-12-07T16:00:00,1883.9739891125623,1.9490534727990838,U205,26,measured_continuous_week_direct_isic
C40,仪器仪表制造业,task_timed,137,2019-12-07T17:00:00,1601.9554158755593,1.6572929268796879,U205,26,measured_continuous_week_direct_isic
C40,仪器仪表制造业,task_timed,138,2019-12-07T18:00:00,1129.228398671121,1.168236156514047,U205,26,measured_continuous_week_direct_isic
C40,仪器仪表制造业,task_timed,139,2019-12-07T19:00:00,895.7542867245343,0.926696978516941,U205,26,measured_continuous_week_direct_isic
C40,仪器仪表制造业,task_timed,140,2019-12-07T20:00:00,774.3937238339026,0.8011441694390102,U205,26,measured_continuous_week_direct_isic
C40,仪器仪表制造业,task_timed,141,2019-12-07T21:00:00,873.7943998734036,0.9039785153232786,U205,26,measured_continuous_week_direct_isic
C40,仪器仪表制造业,task_timed,142,2019-12-07T22:00:00,564.0359658031892,0.5835198703832046,U205,26,measured_continuous_week_direct_isic
C40,仪器仪表制造业,task_timed,143,2019-12-07T23:00:00,721.2269362969654,0.7461408028929303,U205,26,measured_continuous_week_direct_isic
C40,仪器仪表制造业,task_timed,144,2019-12-08T00:00:00,479.66227758044516,0.49623160048470705,U205,26,measured_continuous_week_direct_isic
C40,仪器仪表制造业,task_timed,145,2019-12-08T01:00:00,384.88510845828233,0.3981804746798164,U205,26,measured_continuous_week_direct_isic
C40,仪器仪表制造业,task_timed,146,2019-12-08T02:00:00,409.1567487680821,0.42329054791316767,U205,26,measured_continuous_week_direct_isic
C40,仪器仪表制造业,task_timed,147,2019-12-08T03:00:00,492.3757409323081,0.509384234247408,U205,26,measured_continuous_week_direct_isic
C40,仪器仪表制造业,task_timed,148,2019-12-08T04:00:00,479.66227758044516,0.49623160048470705,U205,26,measured_continuous_week_direct_isic
C40,仪器仪表制造业,task_timed,149,2019-12-08T05:00:00,461.1688402465014,0.47709933089499046,U205,26,measured_continuous_week_direct_isic
C40,仪器仪表制造业,task_timed,150,2019-12-08T06:00:00,402.22207872748334,0.41611632852189495,U205,26,measured_continuous_week_direct_isic
C40,仪器仪表制造业,task_timed,151,2019-12-08T07:00:00,573.2829796378652,0.5930863105419597,U205,26,measured_continuous_week_direct_isic
C40,仪器仪表制造业,task_timed,152,2019-12-08T08:00:00,959.3239648254822,0.9924625902416206,U205,26,measured_continuous_week_direct_isic
C40,仪器仪表制造业,task_timed,153,2019-12-08T09:00:00,1110.7355516725856,1.149104497652124,U205,26,measured_continuous_week_direct_isic
C40,仪器仪表制造业,task_timed,154,2019-12-08T10:00:00,1244.8095779150801,1.2878099404927559,U205,26,measured_continuous_week_direct_isic
C40,仪器仪表制造业,task_timed,155,2019-12-08T11:00:00,1040.230613195631,1.0761640558083785,U205,26,measured_continuous_week_direct_isic
C40,仪器仪表制造业,task_timed,156,2019-12-08T12:00:00,779.0166404158325,0.8059267787905943,U205,26,measured_continuous_week_direct_isic
C40,仪器仪表制造业,task_timed,157,2019-12-08T13:00:00,739.7191929600925,0.7652718510270596,U205,26,measured_continuous_week_direct_isic
C40,仪器仪表制造业,task_timed,158,2019-12-08T14:00:00,1177.7728599615368,1.2184575244363367,U205,26,measured_continuous_week_direct_isic
C40,仪器仪表制造业,task_timed,159,2019-12-08T15:00:00,1315.3139260566268,1.360749771608708,U205,26,measured_continuous_week_direct_isic
C40,仪器仪表制造业,task_timed,160,2019-12-08T16:00:00,1226.3161405811366,1.2686776709030394,U205,26,measured_continuous_week_direct_isic
C40,仪器仪表制造业,task_timed,161,2019-12-08T17:00:00,811.3800081663819,0.8394080978906497,U205,26,measured_continuous_week_direct_isic
C40,仪器仪表制造业,task_timed,162,2019-12-08T18:00:00,460.01296351716695,0.4759035258751461,U205,26,measured_continuous_week_direct_isic
C40,仪器仪表制造业,task_timed,163,2019-12-08T19:00:00,335.18536077394026,0.34676391246547594,U205,26,measured_continuous_week_direct_isic
C40,仪器仪表制造业,task_timed,164,2019-12-08T20:00:00,309.757843734806,0.32045803421228025,U205,26,measured_continuous_week_direct_isic
C40,仪器仪表制造业,task_timed,165,2019-12-08T21:00:00,255.43458913312585,0.2642582519185622,U205,26,measured_continuous_week_direct_isic
C40,仪器仪表制造业,task_timed,166,2019-12-08T22:00:00,236.9411517991822,0.24512598232884572,U205,26,measured_continuous_week_direct_isic
C40,仪器仪表制造业,task_timed,167,2019-12-08T23:00:00,193.02078776151257,0.1996884452137272,U205,26,measured_continuous_week_direct_isic
C41,其他制造业,task_timed,0,2018-05-21T00:00:00,4134.273819751857,0.46787737942886803,U252,32,measured_continuous_week_direct_isic
C41,其他制造业,task_timed,1,2018-05-21T01:00:00,3582.4273338143475,0.40542469754458754,U252,32,measured_continuous_week_direct_isic
C41,其他制造业,task_timed,2,2018-05-21T02:00:00,3311.0402959294197,0.37471172069967595,U252,32,measured_continuous_week_direct_isic
C41,其他制造业,task_timed,3,2018-05-21T03:00:00,3238.6637679903,0.36652084082555386,U252,32,measured_continuous_week_direct_isic
C41,其他制造业,task_timed,4,2018-05-21T04:00:00,2849.6604470308457,0.322497183386589,U252,32,measured_continuous_week_direct_isic
C41,其他制造业,task_timed,5,2018-05-21T05:00:00,2650.633845545186,0.2999732653299632,U252,32,measured_continuous_week_direct_isic
C41,其他制造业,task_timed,6,2018-05-21T06:00:00,3618.623643553832,0.4095210480245667,U252,32,measured_continuous_week_direct_isic
C41,其他制造业,task_timed,7,2018-05-21T07:00:00,4740.39063298882,0.5364718554043629,U252,32,measured_continuous_week_direct_isic
C41,其他制造业,task_timed,8,2018-05-21T08:00:00,13434.116984189668,1.520344254769456,U252,32,measured_continuous_week_direct_isic
C41,其他制造业,task_timed,9,2018-05-21T09:00:00,16509.94563297184,1.8684369816926125,U252,32,measured_continuous_week_direct_isic
C41,其他制造业,task_timed,10,2018-05-21T10:00:00,13533.631894086484,1.5316063959063524,U252,32,measured_continuous_week_direct_isic
C41,其他制造业,task_timed,11,2018-05-21T11:00:00,12185.695093746186,1.3790598628814053,U252,32,measured_continuous_week_direct_isic
C41,其他制造业,task_timed,12,2018-05-21T12:00:00,6531.607518203962,0.7391845683938238,U252,32,measured_continuous_week_direct_isic
C41,其他制造业,task_timed,13,2018-05-21T13:00:00,9100.821390414108,1.029943503609713,U252,32,measured_continuous_week_direct_isic
C41,其他制造业,task_timed,14,2018-05-21T14:00:00,12538.514978198036,1.41898862670906,U252,32,measured_continuous_week_direct_isic
C41,其他制造业,task_timed,15,2018-05-21T15:00:00,12846.09510751448,1.4537975898167834,U252,32,measured_continuous_week_direct_isic
C41,其他制造业,task_timed,16,2018-05-21T16:00:00,13642.188640225237,1.5438918051746173,U252,32,measured_continuous_week_direct_isic
C41,其他制造业,task_timed,17,2018-05-21T17:00:00,12303.301721896803,1.3923694508239568,U252,32,measured_continuous_week_direct_isic
C41,其他制造业,task_timed,18,2018-05-21T18:00:00,5898.347495547351,0.6675182848298038,U252,32,measured_continuous_week_direct_isic
C41,其他制造业,task_timed,19,2018-05-21T19:00:00,9182.241363749148,1.039157833723787,U252,32,measured_continuous_week_direct_isic
C41,其他制造业,task_timed,20,2018-05-21T20:00:00,10521.131500385552,1.190680552291615,U252,32,measured_continuous_week_direct_isic
C41,其他制造业,task_timed,21,2018-05-21T21:00:00,9951.198123656195,1.1261809699274303,U252,32,measured_continuous_week_direct_isic
C41,其他制造业,task_timed,22,2018-05-21T22:00:00,8485.657913473251,0.9603252131770987,U252,32,measured_continuous_week_direct_isic
C41,其他制造业,task_timed,23,2018-05-21T23:00:00,5337.460782521887,0.6040425169227385,U252,32,measured_continuous_week_direct_isic
C41,其他制造业,task_timed,24,2018-05-22T00:00:00,4288.060666102109,0.4852814967655626,U252,32,measured_continuous_week_direct_isic
C41,其他制造业,task_timed,25,2018-05-22T01:00:00,3690.987298261071,0.4177104710300198,U252,32,measured_continuous_week_direct_isic
C41,其他制造业,task_timed,26,2018-05-22T02:00:00,3365.3202781527816,0.38085460744239213,U252,32,measured_continuous_week_direct_isic
C41,其他制造业,task_timed,27,2018-05-22T03:00:00,3048.687048516505,0.34502110144321474,U252,32,measured_continuous_week_direct_isic
C41,其他制造业,task_timed,28,2018-05-22T04:00:00,2849.6604470308457,0.322497183386589,U252,32,measured_continuous_week_direct_isic
C41,其他制造业,task_timed,29,2018-05-22T05:00:00,2723.0071551763353,0.3081637809869181,U252,32,measured_continuous_week_direct_isic
C41,其他制造业,task_timed,30,2018-05-22T06:00:00,3790.500599003901,0.4289724300583327,U252,32,measured_continuous_week_direct_isic
C41,其他制造业,task_timed,31,2018-05-22T07:00:00,4867.04070653536,0.5508048935868667,U252,32,measured_continuous_week_direct_isic
C41,其他制造业,task_timed,32,2018-05-22T08:00:00,14637.311992729623,1.6565103028062445,U252,32,measured_continuous_week_direct_isic
C41,其他制造业,task_timed,33,2018-05-22T09:00:00,16627.552261122455,1.8817465696351638,U252,32,measured_continuous_week_direct_isic
C41,其他制造业,task_timed,34,2018-05-22T10:00:00,16446.622205352556,1.8612706447099443,U252,32,measured_continuous_week_direct_isic
C41,其他制造业,task_timed,35,2018-05-22T11:00:00,15306.755451893841,1.7322714799815748,U252,32,measured_continuous_week_direct_isic
C41,其他制造业,task_timed,36,2018-05-22T12:00:00,9354.131192431098,1.058610672626222,U252,32,measured_continuous_week_direct_isic
C41,其他制造业,task_timed,37,2018-05-22T13:00:00,11109.154986214726,1.257227399352871,U252,32,measured_continuous_week_direct_isic
C41,其他制造业,task_timed,38,2018-05-22T14:00:00,15173.037471184387,1.7171385639908738,U252,32,measured_continuous_week_direct_isic
C41,其他制造业,task_timed,39,2018-05-22T15:00:00,15713.848881953112,1.778342402117611,U252,32,measured_continuous_week_direct_isic
C41,其他制造业,task_timed,40,2018-05-22T16:00:00,15505.775616763558,1.7547946696038659,U252,32,measured_continuous_week_direct_isic
C41,其他制造业,task_timed,41,2018-05-22T17:00:00,14022.145297480798,1.586891648156463,U252,32,measured_continuous_week_direct_isic
C41,其他制造业,task_timed,42,2018-05-22T18:00:00,10186.411379957428,1.1528001458125334,U252,32,measured_continuous_week_direct_isic
C41,其他制造业,task_timed,43,2018-05-22T19:00:00,10267.828134984502,1.1620141117094405,U252,32,measured_continuous_week_direct_isic
C41,其他制造业,task_timed,44,2018-05-22T20:00:00,9453.638056557988,1.0698719032202004,U252,32,measured_continuous_week_direct_isic
C41,其他制造业,task_timed,45,2018-05-22T21:00:00,8368.054503630605,0.9470159894517145,U252,32,measured_continuous_week_direct_isic
C41,其他制造业,task_timed,46,2018-05-22T22:00:00,7698.611044466388,0.8712548122763841,U252,32,measured_continuous_week_direct_isic
C41,其他制造业,task_timed,47,2018-05-22T23:00:00,5192.71738156756,0.587661849825996,U252,32,measured_continuous_week_direct_isic
C41,其他制造业,task_timed,48,2018-05-23T00:00:00,4396.623848856802,0.49756763446816205,U252,32,measured_continuous_week_direct_isic
C41,其他制造业,task_timed,49,2018-05-23T01:00:00,3799.5472627077943,0.42999624451545204,U252,32,measured_continuous_week_direct_isic
C41,其他制造业,task_timed,50,2018-05-23T02:00:00,3546.2438973067433,0.4013298039332774,U252,32,measured_continuous_week_direct_isic
C41,其他制造业,task_timed,51,2018-05-23T03:00:00,3347.2237324370244,0.37880661431098617,U252,32,measured_continuous_week_direct_isic
C41,其他制造业,task_timed,52,2018-05-23T04:00:00,3148.200349259335,0.35628306047152764,U252,32,measured_continuous_week_direct_isic
C41,其他制造业,task_timed,53,2018-05-23T05:00:00,2967.2670751814626,0.3358067713291406,U252,32,measured_continuous_week_direct_isic
C41,其他制造业,task_timed,54,2018-05-23T06:00:00,3871.920572338943,0.4381867601724068,U252,32,measured_continuous_week_direct_isic
C41,其他制造业,task_timed,55,2018-05-23T07:00:00,3763.3606078922194,0.42590098668697457,U252,32,measured_continuous_week_direct_isic
C41,其他制造业,task_timed,56,2018-05-23T08:00:00,14655.402101829439,1.6585575675033157,U252,32,measured_continuous_week_direct_isic
C41,其他制造业,task_timed,57,2018-05-23T09:00:00,13334.608510908794,1.509082842066894,U252,32,measured_continuous_week_direct_isic
C41,其他制造业,task_timed,58,2018-05-23T10:00:00,13515.538566678697,1.5295587669921138,U252,32,measured_continuous_week_direct_isic
C41,其他制造业,task_timed,59,2018-05-23T11:00:00,14094.515388803977,1.5950817995962505,U252,32,measured_continuous_week_direct_isic
C41,其他制造业,task_timed,60,2018-05-23T12:00:00,9191.291245761013,1.0401820123980738,U252,32,measured_continuous_week_direct_isic
C41,其他制造业,task_timed,61,2018-05-23T13:00:00,10512.084836681659,1.1896567378344958,U252,32,measured_continuous_week_direct_isic
C41,其他制造业,task_timed,62,2018-05-23T14:00:00,15885.735492327092,1.7977948768028789,U252,32,measured_continuous_week_direct_isic
C41,其他制造业,task_timed,63,2018-05-23T15:00:00,13741.698722660098,1.5551533999857632,U252,32,measured_continuous_week_direct_isic
C41,其他制造业,task_timed,64,2018-05-23T16:00:00,13687.425177052677,1.5490112416773816,U252,32,measured_continuous_week_direct_isic
C41,其他制造业,task_timed,65,2018-05-23T17:00:00,12656.118388040684,1.4322978504344444,U252,32,measured_continuous_week_direct_isic
C41,其他制造业,task_timed,66,2018-05-23T18:00:00,8910.847889248282,1.0084441284445411,U252,32,measured_continuous_week_direct_isic
C41,其他制造业,task_timed,67,2018-05-23T19:00:00,9553.15135730082,1.0811338622485136,U252,32,measured_continuous_week_direct_isic
C41,其他制造业,task_timed,68,2018-05-23T20:00:00,9535.061248201,1.0790865975514419,U252,32,measured_continuous_week_direct_isic
C41,其他制造业,task_timed,69,2018-05-23T21:00:00,8729.91783347838,0.9879682035193214,U252,32,measured_continuous_week_direct_isic
C41,其他制造业,task_timed,70,2018-05-23T22:00:00,8123.797801933448,0.9193733633266592,U252,32,measured_continuous_week_direct_isic
C41,其他制造业,task_timed,71,2018-05-23T23:00:00,5997.85757798221,0.6787798796409494,U252,32,measured_continuous_week_direct_isic
C41,其他制造业,task_timed,72,2018-05-24T00:00:00,5174.627272467742,0.5856145851289245,U252,32,measured_continuous_week_direct_isic
C41,其他制造业,task_timed,73,2018-05-24T01:00:00,4722.294087273062,0.534423862272957,U252,32,measured_continuous_week_direct_isic
C41,其他制造业,task_timed,74,2018-05-24T02:00:00,4288.0638844100795,0.48528186098272985,U252,32,measured_continuous_week_direct_isic
C41,其他制造业,task_timed,75,2018-05-24T03:00:00,4025.7138553051345,0.45559160594343584,U252,32,measured_continuous_week_direct_isic
C41,其他制造业,task_timed,76,2018-05-24T04:00:00,4695.157314469352,0.5313527831187662,U252,32,measured_continuous_week_direct_isic
C41,其他制造业,task_timed,77,2018-05-24T05:00:00,4369.480639437151,0.49449582687963667,U252,32,measured_continuous_week_direct_isic
C41,其他制造业,task_timed,78,2018-05-24T06:00:00,4242.833784198581,0.4801631529143003,U252,32,measured_continuous_week_direct_isic
C41,其他制造业,task_timed,79,2018-05-24T07:00:00,6097.37087872504,0.6900418386692623,U252,32,measured_continuous_week_direct_isic
C41,其他制造业,task_timed,80,2018-05-24T08:00:00,16143.562189580089,1.826973224613613,U252,32,measured_continuous_week_direct_isic
C41,其他制造业,task_timed,81,2018-05-24T09:00:00,17371.627477535825,1.9659538518645616,U252,32,measured_continuous_week_direct_isic
C41,其他制造业,task_timed,82,2018-05-24T10:00:00,17088.92567340509,1.9339603785139163,U252,32,measured_continuous_week_direct_isic
C41,其他制造业,task_timed,83,2018-05-24T11:00:00,16247.598822174867,1.8387470908704857,U252,32,measured_continuous_week_direct_isic
C41,其他制造业,task_timed,84,2018-05-24T12:00:00,11091.06487711491,1.2551801346557998,U252,32,measured_continuous_week_direct_isic
C41,其他制造业,task_timed,85,2018-05-24T13:00:00,10104.99301577637,1.1435859978070428,U252,32,measured_continuous_week_direct_isic
C41,其他制造业,task_timed,86,2018-05-24T14:00:00,13382.5914792447,1.514513093293836,U252,32,measured_continuous_week_direct_isic
C41,其他制造业,task_timed,87,2018-05-24T15:00:00,16473.755759848296,1.8643413596469678,U252,32,measured_continuous_week_direct_isic
C41,其他制造业,task_timed,88,2018-05-24T16:00:00,16030.475674973448,1.814175179682454,U252,32,measured_continuous_week_direct_isic
C41,其他制造业,task_timed,89,2018-05-24T17:00:00,12963.698517357128,1.4671068135421679,U252,32,measured_continuous_week_direct_isic
C41,其他制造业,task_timed,90,2018-05-24T18:00:00,10095.944742918493,1.14256200124134,U252,32,measured_continuous_week_direct_isic
C41,其他制造业,task_timed,91,2018-05-24T19:00:00,10747.294874674924,1.2162755495024318,U252,32,measured_continuous_week_direct_isic
C41,其他制造业,task_timed,92,2018-05-24T20:00:00,9824.551268417626,1.1118482959620941,U252,32,measured_continuous_week_direct_isic
C41,其他制造业,task_timed,93,2018-05-24T21:00:00,8458.521140669542,0.957254134022908,U252,32,measured_continuous_week_direct_isic
C41,其他制造业,task_timed,94,2018-05-24T22:00:00,8539.937895696616,0.9664680999198152,U252,32,measured_continuous_week_direct_isic
C41,其他制造业,task_timed,95,2018-05-24T23:00:00,5726.467321789312,0.6480665385788705,U252,32,measured_continuous_week_direct_isic
C41,其他制造业,task_timed,96,2018-05-25T00:00:00,4885.134033943147,0.5528525225011053,U252,32,measured_continuous_week_direct_isic
C41,其他制造业,task_timed,97,2018-05-25T01:00:00,4288.0638844100795,0.48528186098272985,U252,32,measured_continuous_week_direct_isic
C41,其他制造业,task_timed,98,2018-05-25T02:00:00,3989.5272004895596,0.45149634811495837,U252,32,measured_continuous_week_direct_isic
C41,其他制造业,task_timed,99,2018-05-25T03:00:00,3935.247218266198,0.4453534613722423,U252,32,measured_continuous_week_direct_isic
C41,其他制造业,task_timed,100,2018-05-25T04:00:00,4070.9439555166327,0.46071031401186535,U252,32,measured_continuous_week_direct_isic
C41,其他制造业,task_timed,101,2018-05-25T05:00:00,4342.34064832547,0.4914243835082786,U252,32,measured_continuous_week_direct_isic
C41,其他制造业,task_timed,102,2018-05-25T06:00:00,4152.367147159645,0.4699250083431068,U252,32,measured_continuous_week_direct_isic
C41,其他制造业,task_timed,103,2018-05-25T07:00:00,6205.930843171764,0.7023276121546945,U252,32,measured_continuous_week_direct_isic
C41,其他制造业,task_timed,104,2018-05-25T08:00:00,11166.831892500508,1.263754717315612,U252,32,measured_continuous_week_direct_isic
C41,其他制造业,task_timed,105,2018-05-25T09:00:00,15283.573175008365,1.7296479326716334,U252,32,measured_continuous_week_direct_isic
C41,其他制造业,task_timed,106,2018-05-25T10:00:00,16808.48231689236,1.902222494560384,U252,32,measured_continuous_week_direct_isic
C41,其他制造业,task_timed,107,2018-05-25T11:00:00,16699.922352445636,1.8899367210749516,U252,32,measured_continuous_week_direct_isic
C41,其他制造业,task_timed,108,2018-05-25T12:00:00,10304.018008108047,1.1661097337550852,U252,32,measured_continuous_week_direct_isic
C41,其他制造业,task_timed,109,2018-05-25T13:00:00,10114.039679480265,1.1446098122641624,U252,32,measured_continuous_week_direct_isic
C41,其他制造业,task_timed,110,2018-05-25T14:00:00,12399.421920317927,1.403247411140131,U252,32,measured_continuous_week_direct_isic
C41,其他制造业,task_timed,111,2018-05-25T15:00:00,16338.06224090583,1.8489848712245118,U252,32,measured_continuous_week_direct_isic
C41,其他制造业,task_timed,112,2018-05-25T16:00:00,15831.45229179576,1.7916516258429955,U252,32,measured_continuous_week_direct_isic
C41,其他制造业,task_timed,113,2018-05-25T17:00:00,13515.538566678697,1.5295587669921138,U252,32,measured_continuous_week_direct_isic
C41,其他制造业,task_timed,114,2018-05-25T18:00:00,10620.644801128381,1.2019425113199278,U252,32,measured_continuous_week_direct_isic
C41,其他制造业,task_timed,115,2018-05-25T19:00:00,10475.901400174054,1.1855618442231854,U252,32,measured_continuous_week_direct_isic
C41,其他制造业,task_timed,116,2018-05-25T20:00:00,9770.268067886294,1.1057050450022106,U252,32,measured_continuous_week_direct_isic
C41,其他制造业,task_timed,117,2018-05-25T21:00:00,9290.801328195874,1.0514436072092195,U252,32,measured_continuous_week_direct_isic
C41,其他制造业,task_timed,118,2018-05-25T22:00:00,9209.3845731688,1.0422296413123124,U252,32,measured_continuous_week_direct_isic
C41,其他制造业,task_timed,119,2018-05-25T23:00:00,5925.4842683510615,0.6705893639839946,U252,32,measured_continuous_week_direct_isic
C41,其他制造业,task_timed,120,2018-05-26T00:00:00,5409.837310461006,0.6122333967968605,U252,32,measured_continuous_week_direct_isic
C41,其他制造业,task_timed,121,2018-05-26T01:00:00,4577.553904626705,0.5180435593933819,U252,32,measured_continuous_week_direct_isic
C41,其他制造业,task_timed,122,2018-05-26T02:00:00,4450.900612772193,0.5037101569937108,U252,32,measured_continuous_week_direct_isic
C41,其他制造业,task_timed,123,2018-05-26T03:00:00,4269.973775310262,0.4832345962856583,U252,32,measured_continuous_week_direct_isic
C41,其他制造业,task_timed,124,2018-05-26T04:00:00,3817.6405901155817,0.43204387342969075,U252,32,measured_continuous_week_direct_isic
C41,其他制造业,task_timed,125,2018-05-26T05:00:00,3709.0806256688584,0.4197580999442585,U252,32,measured_continuous_week_direct_isic
C41,其他制造业,task_timed,126,2018-05-26T06:00:00,4468.990721872011,0.5057574216907823,U252,32,measured_continuous_week_direct_isic
C41,其他制造业,task_timed,127,2018-05-26T07:00:00,6260.210825395125,0.7084704988974105,U252,32,measured_continuous_week_direct_isic
C41,其他制造业,task_timed,128,2018-05-26T08:00:00,9833.228971040253,1.1128303549498515,U252,32,measured_continuous_week_direct_isic
C41,其他制造业,task_timed,129,2018-05-26T09:00:00,15597.376180802194,1.76516114113554,U252,32,measured_continuous_week_direct_isic
C41,其他制造业,task_timed,130,2018-05-26T10:00:00,15606.86444283685,1.7662349314478554,U252,32,measured_continuous_week_direct_isic
C41,其他制造业,task_timed,131,2018-05-26T11:00:00,17251.762401767206,1.9523886745248975,U252,32,measured_continuous_week_direct_isic
C41,其他制造业,task_timed,132,2018-05-26T12:00:00,11380.551679023565,1.2879414688492845,U252,32,measured_continuous_week_direct_isic
C41,其他制造业,task_timed,133,2018-05-26T13:00:00,11814.788318502488,1.3370841985738462,U252,32,measured_continuous_week_direct_isic
C41,其他制造业,task_timed,134,2018-05-26T14:00:00,16256.642267570789,1.8397705411104377,U252,32,measured_continuous_week_direct_isic
C41,其他制造业,task_timed,135,2018-05-26T15:00:00,15460.542298244092,1.7496755973182694,U252,32,measured_continuous_week_direct_isic
C41,其他制造业,task_timed,136,2018-05-26T16:00:00,15292.3618458291,1.7306425499736184,U252,32,measured_continuous_week_direct_isic
C41,其他制造业,task_timed,137,2018-05-26T17:00:00,12809.908452698905,1.449702331988306,U252,32,measured_continuous_week_direct_isic
C41,其他制造业,task_timed,138,2018-05-26T18:00:00,9489.824711373562,1.0739671610486778,U252,32,measured_continuous_week_direct_isic
C41,其他制造业,task_timed,139,2018-05-26T19:00:00,10240.688143872823,1.1589426683380826,U252,32,measured_continuous_week_direct_isic
C41,其他制造业,task_timed,140,2018-05-26T20:00:00,9896.921359740805,1.1200384474018816,U252,32,measured_continuous_week_direct_isic
C41,其他制造业,task_timed,141,2018-05-26T21:00:00,7997.147728386906,0.9050403251441554,U252,32,measured_continuous_week_direct_isic
C41,其他制造业,task_timed,142,2018-05-26T22:00:00,7291.514396099146,0.8251835259231806,U252,32,measured_continuous_week_direct_isic
C41,其他制造业,task_timed,143,2018-05-26T23:00:00,5590.760929614968,0.6327085932877458,U252,32,measured_continuous_week_direct_isic
C41,其他制造业,task_timed,144,2018-05-27T00:00:00,5409.834092153035,0.6122330325796932,U252,32,measured_continuous_week_direct_isic
C41,其他制造业,task_timed,145,2018-05-27T01:00:00,4722.294087273062,0.534423862272957,U252,32,measured_continuous_week_direct_isic
C41,其他制造业,task_timed,146,2018-05-27T02:00:00,4324.2505392256535,0.4893771188112072,U252,32,measured_continuous_week_direct_isic
C41,其他制造业,task_timed,147,2018-05-27T03:00:00,3980.4805367856666,0.45047253365783907,U252,32,measured_continuous_week_direct_isic
C41,其他制造业,task_timed,148,2018-05-27T04:00:00,3935.247218266198,0.4453534613722423,U252,32,measured_continuous_week_direct_isic
C41,其他制造业,task_timed,149,2018-05-27T05:00:00,3519.1006878870926,0.3982579963447521,U252,32,measured_continuous_week_direct_isic
C41,其他制造业,task_timed,150,2018-05-27T06:00:00,3347.2237324370244,0.37880661431098617,U252,32,measured_continuous_week_direct_isic
C41,其他制造业,task_timed,151,2018-05-27T07:00:00,4143.320483455751,0.46890119388598733,U252,32,measured_continuous_week_direct_isic
C41,其他制造业,task_timed,152,2018-05-27T08:00:00,10204.504707365217,1.1548477747267722,U252,32,measured_continuous_week_direct_isic
C41,其他制造业,task_timed,153,2018-05-27T09:00:00,11597.671607917013,1.312513015820149,U252,32,measured_continuous_week_direct_isic
C41,其他制造业,task_timed,154,2018-05-27T10:00:00,14546.842137382715,1.6462717940178835,U252,32,measured_continuous_week_direct_isic
C41,其他制造业,task_timed,155,2018-05-27T11:00:00,12194.738539142112,1.3800833131213575,U252,32,measured_continuous_week_direct_isic
C41,其他制造业,task_timed,156,2018-05-27T12:00:00,10620.644801128383,1.201942511319928,U252,32,measured_continuous_week_direct_isic
C41,其他制造业,task_timed,157,2018-05-27T13:00:00,10982.508130976155,1.2428947253875346,U252,32,measured_continuous_week_direct_isic
C41,其他制造业,task_timed,158,2018-05-27T14:00:00,8811.334588505451,0.9971821694162282,U252,32,measured_continuous_week_direct_isic
C41,其他制造业,task_timed,159,2018-05-27T15:00:00,8141.891129341234,0.9214209922408978,U252,32,measured_continuous_week_direct_isic
C41,其他制造业,task_timed,160,2018-05-27T16:00:00,5138.437399344198,0.5815189630832799,U252,32,measured_continuous_week_direct_isic
C41,其他制造业,task_timed,161,2018-05-27T17:00:00,3356.2671778329473,0.3798300645509382,U252,32,measured_continuous_week_direct_isic
C41,其他制造业,task_timed,162,2018-05-27T18:00:00,3193.4304494708326,0.36140176853995715,U252,32,measured_continuous_week_direct_isic
C41,其他制造业,task_timed,163,2018-05-27T19:00:00,4595.647232034491,0.5200911883076205,U252,32,measured_continuous_week_direct_isic
C41,其他制造业,task_timed,164,2018-05-27T20:00:00,3980.4805367856666,0.45047253365783907,U252,32,measured_continuous_week_direct_isic
C41,其他制造业,task_timed,165,2018-05-27T21:00:00,4179.507138271326,0.4729964517144648,U252,32,measured_continuous_week_direct_isic
C41,其他制造业,task_timed,166,2018-05-27T22:00:00,4487.087267587769,0.5078054148221883,U252,32,measured_continuous_week_direct_isic
C41,其他制造业,task_timed,167,2018-05-27T23:00:00,3989.5239821815894,0.4514959838977911,U252,32,measured_continuous_week_direct_isic
C42,废弃资源综合利用业,task_timed,0,2020-07-13T00:00:00,2859.85407034786,0.7751294997820618,U77,22,measured_continuous_week_archetype_proxy
C42,废弃资源综合利用业,task_timed,1,2020-07-13T01:00:00,2869.7158755399614,0.7778024250214156,U77,22,measured_continuous_week_archetype_proxy
C42,废弃资源综合利用业,task_timed,2,2020-07-13T02:00:00,2751.3761971022186,0.7457278598528998,U77,22,measured_continuous_week_archetype_proxy
C42,废弃资源综合利用业,task_timed,3,2020-07-13T03:00:00,2840.1304599636583,0.7697836493033543,U77,22,measured_continuous_week_archetype_proxy
C42,废弃资源综合利用业,task_timed,4,2020-07-13T04:00:00,2771.10377522136,0.7510747857390664,U77,22,measured_continuous_week_archetype_proxy
C42,废弃资源综合利用业,task_timed,5,2020-07-13T05:00:00,2825.340727976711,0.7657750679999178,U77,22,measured_continuous_week_archetype_proxy
C42,废弃资源综合利用业,task_timed,6,2020-07-13T06:00:00,2667.5538287705645,0.723008801873987,U77,22,measured_continuous_week_archetype_proxy
C42,废弃资源综合利用业,task_timed,7,2020-07-13T07:00:00,2805.6171175925097,0.7604292175212104,U77,22,measured_continuous_week_archetype_proxy
C42,废弃资源综合利用业,task_timed,8,2020-07-13T08:00:00,3959.420550923755,1.073153942673389,U77,22,measured_continuous_week_archetype_proxy
C42,废弃资源综合利用业,task_timed,9,2020-07-13T09:00:00,4620.143643987296,1.2522350943765261,U77,22,measured_continuous_week_archetype_proxy
C42,废弃资源综合利用业,task_timed,10,2020-07-13T10:00:00,4876.546611246984,1.3217300751922654,U77,22,measured_continuous_week_archetype_proxy
C42,废弃资源综合利用业,task_timed,11,2020-07-13T11:00:00,4634.935359841714,1.2562442133836922,U77,22,measured_continuous_week_archetype_proxy
C42,废弃资源综合利用业,task_timed,12,2020-07-13T12:00:00,3737.5329099026853,1.0130139313435231,U77,22,measured_continuous_week_archetype_proxy
C42,废弃资源综合利用业,task_timed,13,2020-07-13T13:00:00,4348.9529286081315,1.1787320699610802,U77,22,measured_continuous_week_archetype_proxy
C42,废弃资源综合利用业,task_timed,14,2020-07-13T14:00:00,4639.867254371498,1.2575809448552338,U77,22,measured_continuous_week_archetype_proxy
C42,废弃资源综合利用业,task_timed,15,2020-07-13T15:00:00,4837.09939047858,1.3110383742348504,U77,22,measured_continuous_week_archetype_proxy
C42,废弃资源综合利用业,task_timed,16,2020-07-13T16:00:00,5103.362179062899,1.3832057425862136,U77,22,measured_continuous_week_archetype_proxy
C42,废弃资源综合利用业,task_timed,17,2020-07-13T17:00:00,5014.60593233399,1.3591494154320296,U77,22,measured_continuous_week_archetype_proxy
C42,废弃资源综合利用业,task_timed,18,2020-07-13T18:00:00,3806.563562379923,1.03172387031527,U77,22,measured_continuous_week_archetype_proxy
C42,废弃资源综合利用业,task_timed,19,2020-07-13T19:00:00,3979.142177440486,1.0784992554483668,U77,22,measured_continuous_week_archetype_proxy
C42,废弃资源综合利用业,task_timed,20,2020-07-13T20:00:00,3466.3421945235204,0.939510906928077,U77,22,measured_continuous_week_archetype_proxy
C42,废弃资源综合利用业,task_timed,21,2020-07-13T21:00:00,3382.515858456927,0.9167907735417054,U77,22,measured_continuous_week_archetype_proxy
C42,废弃资源综合利用业,task_timed,22,2020-07-13T22:00:00,3121.1869482698635,0.8459606743656131,U77,22,measured_continuous_week_archetype_proxy
C42,废弃资源综合利用业,task_timed,23,2020-07-13T23:00:00,3116.2550537400784,0.8446239428940715,U77,22,measured_continuous_week_archetype_proxy
C42,废弃资源综合利用业,task_timed,24,2020-07-14T00:00:00,3042.294490600525,0.8245778101545124,U77,22,measured_continuous_week_archetype_proxy
C42,废弃资源综合利用业,task_timed,25,2020-07-14T01:00:00,3086.673605898715,0.8366062425834693,U77,22,measured_continuous_week_archetype_proxy
C42,废弃资源综合利用业,task_timed,26,2020-07-14T02:00:00,3066.949995514513,0.8312603921047617,U77,22,measured_continuous_week_archetype_proxy
C42,废弃资源综合利用业,task_timed,27,2020-07-14T03:00:00,2884.5075913943783,0.7818115440285816,U77,22,measured_continuous_week_archetype_proxy
C42,废弃资源综合利用业,task_timed,28,2020-07-14T04:00:00,2815.4789227846104,0.7631021427605641,U77,22,measured_continuous_week_archetype_proxy
C42,废弃资源综合利用业,task_timed,29,2020-07-14T05:00:00,2736.5864651152715,0.7417192785494634,U77,22,measured_continuous_week_archetype_proxy
C42,废弃资源综合利用业,task_timed,30,2020-07-14T06:00:00,2869.7178594074308,0.777802962725145,U77,22,measured_continuous_week_archetype_proxy
C42,废弃资源综合利用业,task_timed,31,2020-07-14T07:00:00,3135.97866412428,0.8499697933727789,U77,22,measured_continuous_week_archetype_proxy
C42,废弃资源综合利用业,task_timed,32,2020-07-14T08:00:00,4117.205466262432,1.1159196710955903,U77,22,measured_continuous_week_archetype_proxy
C42,废弃资源综合利用业,task_timed,33,2020-07-14T09:00:00,4654.658970225915,1.2615900638623996,U77,22,measured_continuous_week_archetype_proxy
C42,废弃资源综合利用业,task_timed,34,2020-07-14T10:00:00,5054.055136969863,1.3698416540931742,U77,22,measured_continuous_week_archetype_proxy
C42,废弃资源综合利用业,task_timed,35,2020-07-14T11:00:00,4768.068738001342,1.2923284352631033,U77,22,measured_continuous_week_archetype_proxy
C42,废弃资源综合利用业,task_timed,36,2020-07-14T12:00:00,3658.6424361008167,0.991631604836152,U77,22,measured_continuous_week_archetype_proxy
C42,废弃资源综合利用业,task_timed,37,2020-07-14T13:00:00,4260.1966818792225,1.1546757428068963,U77,22,measured_continuous_week_archetype_proxy
C42,废弃资源综合利用业,task_timed,38,2020-07-14T14:00:00,4649.7290595636,1.2602538700945876,U77,22,measured_continuous_week_archetype_proxy
C42,废弃资源综合利用业,task_timed,39,2020-07-14T15:00:00,4718.759712040836,1.2789638090663342,U77,22,measured_continuous_week_archetype_proxy
C42,废弃资源综合利用业,task_timed,40,2020-07-14T16:00:00,4970.230784770739,1.347122058410532,U77,22,measured_continuous_week_archetype_proxy
C42,废弃资源综合利用业,task_timed,41,2020-07-14T17:00:00,4703.96799618642,1.2749546900591684,U77,22,measured_continuous_week_archetype_proxy
C42,废弃资源综合利用业,task_timed,42,2020-07-14T18:00:00,3826.2891566315943,1.037070258497707,U77,22,measured_continuous_week_archetype_proxy
C42,废弃资源综合利用业,task_timed,43,2020-07-14T19:00:00,3594.541694285895,0.9742578596322172,U77,22,measured_continuous_week_archetype_proxy
C42,废弃资源综合利用业,task_timed,44,2020-07-14T20:00:00,3377.5859477946115,0.9154545797738931,U77,22,measured_continuous_week_archetype_proxy
C42,废弃资源综合利用业,task_timed,45,2020-07-14T21:00:00,3214.871121793619,0.8713526575838797,U77,22,measured_continuous_week_archetype_proxy
C42,废弃资源综合利用业,task_timed,46,2020-07-14T22:00:00,2958.4701384014006,0.80185821447187,U77,22,measured_continuous_week_archetype_proxy
C42,废弃资源综合利用业,task_timed,47,2020-07-14T23:00:00,2928.8847228250975,0.7938394387538086,U77,22,measured_continuous_week_archetype_proxy
C42,废弃资源综合利用业,task_timed,48,2020-07-15T00:00:00,2938.7485118846685,0.7965129016968919,U77,22,measured_continuous_week_archetype_proxy
C42,废弃资源综合利用业,task_timed,49,2020-07-15T01:00:00,2859.8520864803904,0.7751289620783323,U77,22,measured_continuous_week_archetype_proxy
C42,废弃资源综合利用业,task_timed,50,2020-07-15T02:00:00,2849.9922651557595,0.7724565745427081,U77,22,measured_continuous_week_archetype_proxy
C42,废弃资源综合利用业,task_timed,51,2020-07-15T03:00:00,2840.1304599636583,0.7697836493033543,U77,22,measured_continuous_week_archetype_proxy
C42,废弃资源综合利用业,task_timed,52,2020-07-15T04:00:00,2820.4068495794563,0.7644377988246468,U77,22,measured_continuous_week_archetype_proxy
C42,废弃资源综合利用业,task_timed,53,2020-07-15T05:00:00,2766.169896824105,0.7497375165637952,U77,22,measured_continuous_week_archetype_proxy
C42,废弃资源综合利用业,task_timed,54,2020-07-15T06:00:00,2953.538243871615,0.8005214830003283,U77,22,measured_continuous_week_archetype_proxy
C42,废弃资源综合利用业,task_timed,55,2020-07-15T07:00:00,2997.917359169805,0.8125499154292851,U77,22,measured_continuous_week_archetype_proxy
C42,废弃资源综合利用业,task_timed,56,2020-07-15T08:00:00,4220.751444978288,1.1439845795532106,U77,22,measured_continuous_week_archetype_proxy
C42,废弃资源综合利用业,task_timed,57,2020-07-15T09:00:00,4615.213733324981,1.2508989006087141,U77,22,measured_continuous_week_archetype_proxy
C42,废弃资源综合利用业,task_timed,58,2020-07-15T10:00:00,4920.921758810234,1.3337574322137629,U77,22,measured_continuous_week_archetype_proxy
C42,废弃资源综合利用业,task_timed,59,2020-07-15T11:00:00,5226.631768162955,1.416616501522541,U77,22,measured_continuous_week_archetype_proxy
C42,废弃资源综合利用业,task_timed,60,2020-07-15T12:00:00,3698.0876730017517,1.0023227680898377,U77,22,measured_continuous_week_archetype_proxy
C42,废弃资源综合利用业,task_timed,61,2020-07-15T13:00:00,4634.939327576652,1.256245288791151,U77,22,measured_continuous_week_archetype_proxy
C42,废弃资源综合利用业,task_timed,62,2020-07-15T14:00:00,5068.84486895681,1.3738502353966107,U77,22,measured_continuous_week_archetype_proxy
C42,废弃资源综合利用业,task_timed,63,2020-07-15T15:00:00,4980.09060609537,1.3497944459461562,U77,22,measured_continuous_week_archetype_proxy
C42,废弃资源综合利用业,task_timed,64,2020-07-15T16:00:00,5256.21519987179,1.4246347395368733,U77,22,measured_continuous_week_archetype_proxy
C42,废弃资源综合利用业,task_timed,65,2020-07-15T17:00:00,4970.22880090327,1.3471215207068026,U77,22,measured_continuous_week_archetype_proxy
C42,废弃资源综合利用业,task_timed,66,2020-07-15T18:00:00,3929.8331514799816,1.065134629251598,U77,22,measured_continuous_week_archetype_proxy
C42,废弃资源综合利用业,task_timed,67,2020-07-15T19:00:00,3752.3266096245716,1.0170235880544185,U77,22,measured_continuous_week_archetype_proxy
C42,废弃资源综合利用业,task_timed,68,2020-07-15T20:00:00,3678.3640626175493,0.99697691761113,U77,22,measured_continuous_week_archetype_proxy
C42,废弃资源综合利用业,task_timed,69,2020-07-15T21:00:00,3500.85950462961,0.9488664141176802,U77,22,measured_continuous_week_archetype_proxy
C42,废弃资源综合利用业,task_timed,70,2020-07-15T22:00:00,3135.9786641242804,0.849969793372779,U77,22,measured_continuous_week_archetype_proxy
C42,废弃资源综合利用业,task_timed,71,2020-07-15T23:00:00,3116.257037607548,0.844624480597801,U77,22,measured_continuous_week_archetype_proxy
C42,废弃资源综合利用业,task_timed,72,2020-07-16T00:00:00,3086.671622031244,0.8366057048797395,U77,22,measured_continuous_week_archetype_proxy
C42,废弃资源综合利用业,task_timed,73,2020-07-16T01:00:00,3057.0862064549415,0.8285869291616783,U77,22,measured_continuous_week_archetype_proxy
C42,废弃资源综合利用业,task_timed,74,2020-07-16T02:00:00,2983.1236594479187,0.8085402587183897,U77,22,measured_continuous_week_archetype_proxy
C42,废弃资源综合利用业,task_timed,75,2020-07-16T03:00:00,3012.709075024222,0.8165590344364511,U77,22,measured_continuous_week_archetype_proxy
C42,废弃资源综合利用业,task_timed,76,2020-07-16T04:00:00,2997.917359169805,0.8125499154292851,U77,22,measured_continuous_week_archetype_proxy
C42,废弃资源综合利用业,task_timed,77,2020-07-16T05:00:00,3017.6389856865376,0.8178952282042632,U77,22,measured_continuous_week_archetype_proxy
C42,废弃资源综合利用业,task_timed,78,2020-07-16T06:00:00,3062.0181009847274,0.8299236606332201,U77,22,measured_continuous_week_archetype_proxy
C42,废弃资源综合利用业,task_timed,79,2020-07-16T07:00:00,3259.2462693568687,0.8833800146053774,U77,22,measured_continuous_week_archetype_proxy
C42,废弃资源综合利用业,task_timed,80,2020-07-16T08:00:00,4496.874054887237,1.2188243354401982,U77,22,measured_continuous_week_archetype_proxy
C42,废弃资源综合利用业,task_timed,81,2020-07-16T09:00:00,4999.814216479573,1.3551402964248638,U77,22,measured_continuous_week_archetype_proxy
C42,废弃资源综合利用业,task_timed,82,2020-07-16T10:00:00,5157.60111568572,1.3979065625507947,U77,22,measured_continuous_week_archetype_proxy
C42,废弃资源综合利用业,task_timed,83,2020-07-16T11:00:00,4536.319291788172,1.2295154986938839,U77,22,measured_continuous_week_archetype_proxy
C42,废弃资源综合利用业,task_timed,84,2020-07-16T12:00:00,3727.671104710584,1.0103410061041693,U77,22,measured_continuous_week_archetype_proxy
C42,废弃资源综合利用业,task_timed,85,2020-07-16T13:00:00,4309.503723972257,1.1680398312999354,U77,22,measured_continuous_week_archetype_proxy
C42,废弃资源综合利用业,task_timed,86,2020-07-16T14:00:00,4605.351928132879,1.24822597536936,U77,22,measured_continuous_week_archetype_proxy
C42,废弃资源综合利用业,task_timed,87,2020-07-16T15:00:00,4570.836601894262,1.2388710058834869,U77,22,measured_continuous_week_archetype_proxy
C42,废弃资源综合利用业,task_timed,88,2020-07-16T16:00:00,4837.097406611109,1.3110378365311206,U77,22,measured_continuous_week_archetype_proxy
C42,废弃资源综合利用业,task_timed,89,2020-07-16T17:00:00,4684.244385802219,1.269608839580461,U77,22,measured_continuous_week_archetype_proxy
C42,废弃资源综合利用业,task_timed,90,2020-07-16T18:00:00,3510.719325954241,0.9515388016533044,U77,22,measured_continuous_week_archetype_proxy
C42,废弃资源综合利用业,task_timed,91,2020-07-16T19:00:00,3106.393248547977,0.8419510176547176,U77,22,measured_continuous_week_archetype_proxy
C42,废弃资源综合利用业,task_timed,92,2020-07-16T20:00:00,2909.1630963083653,0.7884941259788306,U77,22,measured_continuous_week_archetype_proxy
C42,废弃资源综合利用业,task_timed,93,2020-07-16T21:00:00,2919.0229176329967,0.791166513514455,U77,22,measured_continuous_week_archetype_proxy
C42,废弃资源综合利用业,task_timed,94,2020-07-16T22:00:00,2958.472122268871,0.8018587521755997,U77,22,measured_continuous_week_archetype_proxy
C42,废弃资源综合利用业,task_timed,95,2020-07-16T23:00:00,2923.954812162782,0.7925032449859966,U77,22,measured_continuous_week_archetype_proxy
C42,废弃资源综合利用业,task_timed,96,2020-07-17T00:00:00,2845.0623544934433,0.7711203807748959,U77,22,measured_continuous_week_archetype_proxy
C42,废弃资源综合利用业,task_timed,97,2020-07-17T01:00:00,2840.132443831128,0.7697841870070838,U77,22,measured_continuous_week_archetype_proxy
C42,废弃资源综合利用业,task_timed,98,2020-07-17T02:00:00,2854.922175818075,0.7737927683105202,U77,22,measured_continuous_week_archetype_proxy
C42,废弃资源综合利用业,task_timed,99,2020-07-17T03:00:00,2746.4462864399034,0.7443916660850878,U77,22,measured_continuous_week_archetype_proxy
C42,废弃资源综合利用业,task_timed,100,2020-07-17T04:00:00,2692.207349817082,0.7296908461205066,U77,22,measured_continuous_week_archetype_proxy
C42,废弃资源综合利用业,task_timed,101,2020-07-17T05:00:00,2702.069155009183,0.7323637713598603,U77,22,measured_continuous_week_archetype_proxy
C42,废弃资源综合利用业,task_timed,102,2020-07-17T06:00:00,2771.099807486421,0.7510737103316074,U77,22,measured_continuous_week_archetype_proxy
C42,废弃资源综合利用业,task_timed,103,2020-07-17T07:00:00,3066.9480116470427,0.8312598544010321,U77,22,measured_continuous_week_archetype_proxy
C42,废弃资源综合利用业,task_timed,104,2020-07-17T08:00:00,4181.304224209884,1.1332928785957954,U77,22,measured_continuous_week_archetype_proxy
C42,废弃资源综合利用业,task_timed,105,2020-07-17T09:00:00,4496.876038754708,1.218824873143928,U77,22,measured_continuous_week_archetype_proxy
C42,废弃资源综合利用业,task_timed,106,2020-07-17T10:00:00,4703.96799618642,1.2749546900591684,U77,22,measured_continuous_week_archetype_proxy
C42,废弃资源综合利用业,task_timed,107,2020-07-17T11:00:00,4664.5207754180165,1.2642629891017534,U77,22,measured_continuous_week_archetype_proxy
C42,废弃资源综合利用业,task_timed,108,2020-07-17T12:00:00,3653.710541571031,0.9902948733646103,U77,22,measured_continuous_week_archetype_proxy
C42,废弃资源综合利用业,task_timed,109,2020-07-17T13:00:00,4353.882839270448,1.1800682637288924,U77,22,measured_continuous_week_archetype_proxy
C42,废弃资源综合利用业,task_timed,110,2020-07-17T14:00:00,5044.193331777763,1.3671687288538206,U77,22,measured_continuous_week_archetype_proxy
C42,废弃资源综合利用业,task_timed,111,2020-07-17T15:00:00,4802.582080372491,1.3016828670452472,U77,22,measured_continuous_week_archetype_proxy
C42,废弃资源综合利用业,task_timed,112,2020-07-17T16:00:00,4768.068738001342,1.2923284352631033,U77,22,measured_continuous_week_archetype_proxy
C42,废弃资源综合利用业,task_timed,113,2020-07-17T17:00:00,4708.897906848736,1.2762908838269806,U77,22,measured_continuous_week_archetype_proxy
C42,废弃资源综合利用业,task_timed,114,2020-07-17T18:00:00,3880.5261093869462,1.0517705407585587,U77,22,measured_continuous_week_archetype_proxy
C42,废弃资源综合利用业,task_timed,115,2020-07-17T19:00:00,3781.912025200875,1.02504236377248,U77,22,measured_continuous_week_archetype_proxy
C42,废弃资源综合利用业,task_timed,116,2020-07-17T20:00:00,3456.4803893314197,0.9368379816887233,U77,22,measured_continuous_week_archetype_proxy
C42,废弃资源综合利用业,task_timed,117,2020-07-17T21:00:00,3234.5947321778203,0.8766985080625871,U77,22,measured_continuous_week_archetype_proxy
C42,废弃资源综合利用业,task_timed,118,2020-07-17T22:00:00,2948.6083332093,0.7991852892325163,U77,22,measured_continuous_week_archetype_proxy
C42,废弃资源综合利用业,task_timed,119,2020-07-17T23:00:00,2938.746528017199,0.7965123639931626,U77,22,measured_continuous_week_archetype_proxy
C42,废弃资源综合利用业,task_timed,120,2020-07-18T00:00:00,2909.165080175835,0.7884946636825602,U77,22,measured_continuous_week_archetype_proxy
C42,废弃资源综合利用业,task_timed,121,2020-07-18T01:00:00,2849.9922651557595,0.7724565745427081,U77,22,measured_continuous_week_archetype_proxy
C42,废弃资源综合利用业,task_timed,122,2020-07-18T02:00:00,2864.7859648776457,0.7764662312536035,U77,22,measured_continuous_week_archetype_proxy
C42,废弃资源综合利用业,task_timed,123,2020-07-18T03:00:00,2795.755312400408,0.7577562922818565,U77,22,measured_continuous_week_archetype_proxy
C42,废弃资源综合利用业,task_timed,124,2020-07-18T04:00:00,2810.547028254825,0.7617654112890224,U77,22,measured_continuous_week_archetype_proxy
C42,废弃资源综合利用业,task_timed,125,2020-07-18T05:00:00,2672.48572330035,0.7243455333455286,U77,22,measured_continuous_week_archetype_proxy
C42,废弃资源综合利用业,task_timed,126,2020-07-18T06:00:00,2800.683239195254,0.7590919483459392,U77,22,measured_continuous_week_archetype_proxy
C42,废弃资源综合利用业,task_timed,127,2020-07-18T07:00:00,2968.3299597260325,0.8045306020074944,U77,22,measured_continuous_week_archetype_proxy
C42,废弃资源综合利用业,task_timed,128,2020-07-18T08:00:00,4141.85700344148,1.1226011776383804,U77,22,measured_continuous_week_archetype_proxy
C42,废弃资源综合利用业,task_timed,129,2020-07-18T09:00:00,4654.660954093385,1.2615906015661291,U77,22,measured_continuous_week_archetype_proxy
C42,废弃资源综合利用业,task_timed,130,2020-07-18T10:00:00,4772.996664796187,1.2936640913271857,U77,22,measured_continuous_week_archetype_proxy
C42,废弃资源综合利用业,task_timed,131,2020-07-18T11:00:00,4447.567012794203,1.205460246947159,U77,22,measured_continuous_week_archetype_proxy
C42,废弃资源综合利用业,task_timed,132,2020-07-18T12:00:00,3579.747994564009,0.9702482029213219,U77,22,measured_continuous_week_archetype_proxy
C42,废弃资源综合利用业,task_timed,133,2020-07-18T13:00:00,4565.906691231945,1.2375348121156746,U77,22,measured_continuous_week_archetype_proxy
C42,废弃资源综合利用业,task_timed,134,2020-07-18T14:00:00,4920.921758810234,1.3337574322137629,U77,22,measured_continuous_week_archetype_proxy
C42,废弃资源综合利用业,task_timed,135,2020-07-18T15:00:00,4748.34512761714,1.2869825847843956,U77,22,measured_continuous_week_archetype_proxy
C42,废弃资源综合利用业,task_timed,136,2020-07-18T16:00:00,4580.698407086363,1.241543931122841,U77,22,measured_continuous_week_archetype_proxy
C42,废弃资源综合利用业,task_timed,137,2020-07-18T17:00:00,4339.089139548561,1.176058607017997,U77,22,measured_continuous_week_archetype_proxy
C42,废弃资源综合利用业,task_timed,138,2020-07-18T18:00:00,3796.7037410552916,1.0290514827796458,U77,22,measured_continuous_week_archetype_proxy
C42,废弃资源综合利用业,task_timed,139,2020-07-18T19:00:00,3875.59619872463,1.0504343469907464,U77,22,measured_continuous_week_archetype_proxy
C42,废弃资源综合利用业,task_timed,140,2020-07-18T20:00:00,3569.886189371907,0.9675752776819679,U77,22,measured_continuous_week_archetype_proxy
C42,废弃资源综合利用业,task_timed,141,2020-07-18T21:00:00,3165.5660635680533,0.8579891067945699,U77,22,measured_continuous_week_archetype_proxy
C42,废弃资源综合利用业,task_timed,142,2020-07-18T22:00:00,2845.0623544934433,0.7711203807748959,U77,22,measured_continuous_week_archetype_proxy
C42,废弃资源综合利用业,task_timed,143,2020-07-18T23:00:00,2835.202533168813,0.7684479932392718,U77,22,measured_continuous_week_archetype_proxy
C42,废弃资源综合利用业,task_timed,144,2020-07-19T00:00:00,2761.241970029259,0.7484018604997126,U77,22,measured_continuous_week_archetype_proxy
C42,废弃资源综合利用业,task_timed,145,2020-07-19T01:00:00,2746.4462864399034,0.7443916660850878,U77,22,measured_continuous_week_archetype_proxy
C42,废弃资源综合利用业,task_timed,146,2020-07-19T02:00:00,2667.5538287705645,0.723008801873987,U77,22,measured_continuous_week_archetype_proxy
C42,废弃资源综合利用业,task_timed,147,2020-07-19T03:00:00,2766.169896824105,0.7497375165637952,U77,22,measured_continuous_week_archetype_proxy
C42,废弃资源综合利用业,task_timed,148,2020-07-19T04:00:00,2721.7907815259155,0.7377090841348385,U77,22,measured_continuous_week_archetype_proxy
C42,废弃资源综合利用业,task_timed,149,2020-07-19T05:00:00,2776.031702016206,0.752410441803149,U77,22,measured_continuous_week_archetype_proxy
C42,废弃资源综合利用业,task_timed,150,2020-07-19T06:00:00,2938.746528017199,0.7965123639931626,U77,22,measured_continuous_week_archetype_proxy
C42,废弃资源综合利用业,task_timed,151,2020-07-19T07:00:00,3352.934410615563,0.9087730732311029,U77,22,measured_continuous_week_archetype_proxy
C42,废弃资源综合利用业,task_timed,152,2020-07-19T08:00:00,3964.3484777186,1.0744895987374714,U77,22,measured_continuous_week_archetype_proxy
C42,废弃资源综合利用业,task_timed,153,2020-07-19T09:00:00,4205.9597291238715,1.1399754605460448,U77,22,measured_continuous_week_archetype_proxy
C42,废弃资源综合利用业,task_timed,154,2020-07-19T10:00:00,4487.014233562607,1.216151947904574,U77,22,measured_continuous_week_archetype_proxy
C42,废弃资源综合利用业,task_timed,155,2020-07-19T11:00:00,4146.788897971265,1.1239379091099222,U77,22,measured_continuous_week_archetype_proxy
C42,废弃资源综合利用业,task_timed,156,2020-07-19T12:00:00,3668.5042412929174,0.9943045300755057,U77,22,measured_continuous_week_archetype_proxy
C42,废弃资源综合利用业,task_timed,157,2020-07-19T13:00:00,4013.6594875465757,1.08785476263797,U77,22,measured_continuous_week_archetype_proxy
C42,废弃资源综合利用业,task_timed,158,2020-07-19T14:00:00,3993.9338932949036,1.0825083744555328,U77,22,measured_continuous_week_archetype_proxy
C42,废弃资源综合利用业,task_timed,159,2020-07-19T15:00:00,3905.179630433464,1.0584525850050783,U77,22,measured_continuous_week_archetype_proxy
C42,废弃资源综合利用业,task_timed,160,2020-07-19T16:00:00,4467.290623178405,1.2108060974258665,U77,22,measured_continuous_week_archetype_proxy
C42,废弃资源综合利用业,task_timed,161,2020-07-19T17:00:00,4388.398165509066,1.1894232332147656,U77,22,measured_continuous_week_archetype_proxy
C42,废弃资源综合利用业,task_timed,162,2020-07-19T18:00:00,3846.010783148327,1.042415571272685,U77,22,measured_continuous_week_archetype_proxy
C42,废弃资源综合利用业,task_timed,163,2020-07-19T19:00:00,4013.657503679105,1.0878542249342402,U77,22,measured_continuous_week_archetype_proxy
C42,废弃资源综合利用业,task_timed,164,2020-07-19T20:00:00,3885.459987784201,1.0531078099338298,U77,22,measured_continuous_week_archetype_proxy
C42,废弃资源综合利用业,task_timed,165,2020-07-19T21:00:00,3451.548494801634,0.9355012502171817,U77,22,measured_continuous_week_archetype_proxy
C42,废弃资源综合利用业,task_timed,166,2020-07-19T22:00:00,3293.7655633304275,0.8927360594987099,U77,22,measured_continuous_week_archetype_proxy
C42,废弃资源综合利用业,task_timed,167,2020-07-19T23:00:00,3135.9786641242804,0.849969793372779,U77,22,measured_continuous_week_archetype_proxy
C43,金属制品、机械和设备修理业,task_timed,0,2018-10-29T00:00:00,201.1923508260088,1.0933959878124866,U255,33,measured_continuous_week_direct_isic
C43,金属制品、机械和设备修理业,task_timed,1,2018-10-29T01:00:00,159.70932648136346,0.8679531606148065,U255,33,measured_continuous_week_direct_isic
C43,金属制品、机械和设备修理业,task_timed,2,2018-10-29T02:00:00,143.1163282405194,0.7777771791332423,U255,33,measured_continuous_week_direct_isic
C43,金属制品、机械和设备修理业,task_timed,3,2018-10-29T03:00:00,91.26307655224798,0.49597651862991204,U255,33,measured_continuous_week_direct_isic
C43,金属制品、机械和设备修理业,task_timed,4,2018-10-29T04:00:00,103.70703211907815,0.5636041945004305,U255,33,measured_continuous_week_direct_isic
C43,金属制品、机械和设备修理业,task_timed,5,2018-10-29T05:00:00,118.22630213671812,0.6425103334171265,U255,33,measured_continuous_week_direct_isic
C43,金属制品、机械和设备修理业,task_timed,6,2018-10-29T06:00:00,128.5975869654147,0.6988739137103163,U255,33,measured_continuous_week_direct_isic
C43,金属制品、机械和设备修理业,task_timed,7,2018-10-29T07:00:00,172.1543395332641,0.9355865834728645,U255,33,measured_continuous_week_direct_isic
C43,金属制品、机械和设备修理业,task_timed,8,2018-10-29T08:00:00,149.3385703952021,0.8115924538153865,U255,33,measured_continuous_week_direct_isic
C43,金属制品、机械和设备修理业,task_timed,9,2018-10-29T09:00:00,165.93209737858143,0.9017713087907205,U255,33,measured_continuous_week_direct_isic
C43,金属制品、机械和设备修理业,task_timed,10,2018-10-29T10:00:00,168.00635434432073,0.9130440248493583,U255,33,measured_continuous_week_direct_isic
C43,金属制品、机械和设备修理业,task_timed,11,2018-10-29T11:00:00,188.74786651664343,1.0257654384481985,U255,33,measured_continuous_week_direct_isic
C43,金属制品、机械和设备修理业,task_timed,12,2018-10-29T12:00:00,250.9724030336114,1.3639296792447184,U255,33,measured_continuous_week_direct_isic
C43,金属制品、机械和设备修理业,task_timed,13,2018-10-29T13:00:00,188.74733777410816,1.0257625649544286,U255,33,measured_continuous_week_direct_isic
C43,金属制品、机械和设备修理业,task_timed,14,2018-10-29T14:00:00,168.00688308685596,0.913046898343128,U255,33,measured_continuous_week_direct_isic
C43,金属制品、机械和设备修理业,task_timed,15,2018-10-29T15:00:00,151.41335610347667,0.8228680433677942,U255,33,measured_continuous_week_direct_isic
C43,金属制品、机械和设备修理业,task_timed,16,2018-10-29T16:00:00,143.11685698305465,0.777780052627012,U255,33,measured_continuous_week_direct_isic
C43,金属制品、机械和设备修理业,task_timed,17,2018-10-29T17:00:00,190.82212348238275,1.0370381545068366,U255,33,measured_continuous_week_direct_isic
C43,金属制品、机械和设备修理业,task_timed,18,2018-10-29T18:00:00,211.56363565470542,1.1497595681056765,U255,33,measured_continuous_week_direct_isic
C43,金属制品、机械和设备修理业,task_timed,19,2018-10-29T19:00:00,265.4916730512514,1.4428358181614143,U255,33,measured_continuous_week_direct_isic
C43,金属制品、机械和设备修理业,task_timed,20,2018-10-29T20:00:00,271.7139152059341,1.4766510928435586,U255,33,measured_continuous_week_direct_isic
C43,金属制品、机械和设备修理业,task_timed,21,2018-10-29T21:00:00,271.7133864633989,1.476648219349789,U255,33,measured_continuous_week_direct_isic
C43,金属制品、机械和设备修理业,task_timed,22,2018-10-29T22:00:00,290.3811704125175,1.578099790383761,U255,33,measured_continuous_week_direct_isic
C43,金属制品、机械和设备修理业,task_timed,23,2018-10-29T23:00:00,269.6396582401948,1.4653783767849207,U255,33,measured_continuous_week_direct_isic
C43,金属制品、机械和设备修理业,task_timed,24,2018-10-30T00:00:00,234.37940479276742,1.2737536977631545,U255,33,measured_continuous_week_direct_isic
C43,金属制品、机械和设备修理业,task_timed,25,2018-10-30T01:00:00,176.30285346474275,0.9581320155901404,U255,33,measured_continuous_week_direct_isic
C43,金属制品、机械和设备修理业,task_timed,26,2018-10-30T02:00:00,165.93209737858143,0.9017713087907205,U255,33,measured_continuous_week_direct_isic
C43,金属制品、机械和设备修理业,task_timed,27,2018-10-30T03:00:00,143.1163282405194,0.7777771791332423,U255,33,measured_continuous_week_direct_isic
C43,金属制品、机械和设备修理业,task_timed,28,2018-10-30T04:00:00,101.63330389587405,0.5523343519355622,U255,33,measured_continuous_week_direct_isic
C43,金属制品、机械和设备修理业,task_timed,29,2018-10-30T05:00:00,124.44907303393606,0.6763284815930403,U255,33,measured_continuous_week_direct_isic
C43,金属制品、机械和设备修理业,task_timed,30,2018-10-30T06:00:00,107.856074793092,0.5861525001114761,U255,33,measured_continuous_week_direct_isic
C43,金属制品、机械和设备修理业,task_timed,31,2018-10-30T07:00:00,182.52509561942546,0.9919472902722846,U255,33,measured_continuous_week_direct_isic
C43,金属制品、机械和设备修理业,task_timed,32,2018-10-30T08:00:00,168.00635434432073,0.9130440248493583,U255,33,measured_continuous_week_direct_isic
C43,金属制品、机械和设备修理业,task_timed,33,2018-10-30T09:00:00,190.82212348238272,1.0370381545068363,U255,33,measured_continuous_week_direct_isic
C43,金属制品、机械和设备修理业,task_timed,34,2018-10-30T10:00:00,186.6741382934393,1.0144955958833302,U255,33,measured_continuous_week_direct_isic
C43,金属制品、机械和设备修理业,task_timed,35,2018-10-30T11:00:00,176.30285346474275,0.9581320155901404,U255,33,measured_continuous_week_direct_isic
C43,金属制品、机械和设备修理业,task_timed,36,2018-10-30T12:00:00,265.4911443087162,1.442832944667645,U255,33,measured_continuous_week_direct_isic
C43,金属制品、机械和设备修理业,task_timed,37,2018-10-30T13:00:00,190.82212348238275,1.0370381545068366,U255,33,measured_continuous_week_direct_isic
C43,金属制品、机械和设备修理业,task_timed,38,2018-10-30T14:00:00,151.4133561034767,0.8228680433677943,U255,33,measured_continuous_week_direct_isic
C43,金属制品、机械和设备修理业,task_timed,39,2018-10-30T15:00:00,151.41282736094146,0.8228651698740246,U255,33,measured_continuous_week_direct_isic
C43,金属制品、机械和设备修理业,task_timed,40,2018-10-30T16:00:00,153.487613069216,0.8341407594264322,U255,33,measured_continuous_week_direct_isic
C43,金属制品、机械和设备修理业,task_timed,41,2018-10-30T17:00:00,199.11862260280475,1.0821261452476185,U255,33,measured_continuous_week_direct_isic
C43,金属制品、机械和设备修理业,task_timed,42,2018-10-30T18:00:00,240.60111820491485,1.3075660989515288,U255,33,measured_continuous_week_direct_isic
C43,金属制品、机械和设备修理业,task_timed,43,2018-10-30T19:00:00,238.5273899817108,1.2962962563866607,U255,33,measured_continuous_week_direct_isic
C43,金属制品、机械和设备修理业,task_timed,44,2018-10-30T20:00:00,217.7858778093881,1.1835748427878205,U255,33,measured_continuous_week_direct_isic
C43,金属制品、机械和设备修理业,task_timed,45,2018-10-30T21:00:00,263.4174160855121,1.4315631021027766,U255,33,measured_continuous_week_direct_isic
C43,金属制品、机械和设备修理业,task_timed,46,2018-10-30T22:00:00,253.0461312568155,1.3751995218095867,U255,33,measured_continuous_week_direct_isic
C43,金属制品、机械和设备修理业,task_timed,47,2018-10-30T23:00:00,255.12038822255485,1.3864722378682248,U255,33,measured_continuous_week_direct_isic
C43,金属制品、机械和设备修理业,task_timed,48,2018-10-31T00:00:00,188.74786651664343,1.0257654384481985,U255,33,measured_continuous_week_direct_isic
C43,金属制品、机械和设备修理业,task_timed,49,2018-10-31T01:00:00,184.59935258516478,1.0032200063309225,U255,33,measured_continuous_week_direct_isic
C43,金属制品、机械和设备修理业,task_timed,50,2018-10-31T02:00:00,153.48708432668076,0.8341378859326625,U255,33,measured_continuous_week_direct_isic
C43,金属制品、机械和设备修理业,task_timed,51,2018-10-31T03:00:00,136.8940860858367,0.7439619044510982,U255,33,measured_continuous_week_direct_isic
C43,金属制品、机械和设备修理业,task_timed,52,2018-10-31T04:00:00,132.7455721543581,0.7214164723338224,U255,33,measured_continuous_week_direct_isic
C43,金属制品、机械和设备修理业,task_timed,53,2018-10-31T05:00:00,112.00458872457064,0.608697932228752,U255,33,measured_continuous_week_direct_isic
C43,金属制品、机械和设备修理业,task_timed,54,2018-10-31T06:00:00,95.41106174119136,0.5185190772534182,U255,33,measured_continuous_week_direct_isic
C43,金属制品、机械和设备修理业,task_timed,55,2018-10-31T07:00:00,143.1163282405194,0.7777771791332423,U255,33,measured_continuous_week_direct_isic
C43,金属制品、机械和设备修理业,task_timed,56,2018-10-31T08:00:00,153.48708432668076,0.8341378859326625,U255,33,measured_continuous_week_direct_isic
C43,金属制品、机械和设备修理业,task_timed,57,2018-10-31T09:00:00,168.00635434432073,0.9130440248493583,U255,33,measured_continuous_week_direct_isic
C43,金属制品、机械和设备修理业,task_timed,58,2018-10-31T10:00:00,180.45136739622137,0.9806774477074163,U255,33,measured_continuous_week_direct_isic
C43,金属制品、机械和设备修理业,task_timed,59,2018-10-31T11:00:00,168.00635434432073,0.9130440248493583,U255,33,measured_continuous_week_direct_isic
C43,金属制品、机械和设备修理业,task_timed,60,2018-10-31T12:00:00,288.30691344677814,1.5668270743251227,U255,33,measured_continuous_week_direct_isic
C43,金属制品、机械和设备修理业,task_timed,61,2018-10-31T13:00:00,230.2308908612887,1.2512082656458783,U255,33,measured_continuous_week_direct_isic
C43,金属制品、机械和设备修理业,task_timed,62,2018-10-31T14:00:00,182.52509561942546,0.9919472902722846,U255,33,measured_continuous_week_direct_isic
C43,金属制品、机械和设备修理业,task_timed,63,2018-10-31T15:00:00,143.1157994979842,0.7777743056394728,U255,33,measured_continuous_week_direct_isic
C43,金属制品、机械和设备修理业,task_timed,64,2018-10-31T16:00:00,122.37481606819675,0.6650557655344024,U255,33,measured_continuous_week_direct_isic
C43,金属制品、机械和设备修理业,task_timed,65,2018-10-31T17:00:00,163.85836915537735,0.8905014662258522,U255,33,measured_continuous_week_direct_isic
C43,金属制品、机械和设备修理业,task_timed,66,2018-10-31T18:00:00,207.41512172322678,1.1272141359884005,U255,33,measured_continuous_week_direct_isic
C43,金属制品、机械和设备修理业,task_timed,67,2018-10-31T19:00:00,253.0461312568155,1.3751995218095867,U255,33,measured_continuous_week_direct_isic
C43,金属制品、机械和设备修理业,task_timed,68,2018-10-31T20:00:00,232.3051478270281,1.2624809817045166,U255,33,measured_continuous_week_direct_isic
C43,金属制品、机械和设备修理业,task_timed,69,2018-10-31T21:00:00,248.89814606787212,1.3526569631860805,U255,33,measured_continuous_week_direct_isic
C43,金属制品、机械和设备修理业,task_timed,70,2018-10-31T22:00:00,246.8233603595976,1.341381373633673,U255,33,measured_continuous_week_direct_isic
C43,金属制品、机械和设备修理业,task_timed,71,2018-10-31T23:00:00,232.3051478270281,1.2624809817045166,U255,33,measured_continuous_week_direct_isic
C43,金属制品、机械和设备修理业,task_timed,72,2018-11-01T00:00:00,213.63789262044472,1.1610322841643144,U255,33,measured_continuous_week_direct_isic
C43,金属制品、机械和设备修理业,task_timed,73,2018-11-01T01:00:00,226.08237692981012,1.2286628335286025,U255,33,measured_continuous_week_direct_isic
C43,金属制品、机械和设备修理业,task_timed,74,2018-11-01T02:00:00,211.56310691217018,1.1497566946119069,U255,33,measured_continuous_week_direct_isic
C43,金属制品、机械和设备修理业,task_timed,75,2018-11-01T03:00:00,163.85731167030687,0.8904957192383128,U255,33,measured_continuous_week_direct_isic
C43,金属制品、机械和设备修理业,task_timed,76,2018-11-01T04:00:00,122.37481606819675,0.6650557655344024,U255,33,measured_continuous_week_direct_isic
C43,金属制品、机械和设备修理业,task_timed,77,2018-11-01T05:00:00,128.5975869654147,0.6988739137103163,U255,33,measured_continuous_week_direct_isic
C43,金属制品、机械和设备修理业,task_timed,78,2018-11-01T06:00:00,116.1520451709788,0.6312376173584885,U255,33,measured_continuous_week_direct_isic
C43,金属制品、机械和设备修理业,task_timed,79,2018-11-01T07:00:00,149.3385703952021,0.8115924538153865,U255,33,measured_continuous_week_direct_isic
C43,金属制品、机械和设备修理业,task_timed,80,2018-11-01T08:00:00,143.1163282405194,0.7777771791332423,U255,33,measured_continuous_week_direct_isic
C43,金属制品、机械和设备修理业,task_timed,81,2018-11-01T09:00:00,217.7858778093881,1.1835748427878205,U255,33,measured_continuous_week_direct_isic
C43,金属制品、机械和设备修理业,task_timed,82,2018-11-01T10:00:00,201.1923508260088,1.0933959878124866,U255,33,measured_continuous_week_direct_isic
C43,金属制品、机械和设备修理业,task_timed,83,2018-11-01T11:00:00,188.74786651664343,1.0257654384481985,U255,33,measured_continuous_week_direct_isic
C43,金属制品、机械和设备修理业,task_timed,84,2018-11-01T12:00:00,224.0081199640708,1.2173901174699646,U255,33,measured_continuous_week_direct_isic
C43,金属制品、机械和设备修理业,task_timed,85,2018-11-01T13:00:00,261.34368786230806,1.4202932595379085,U255,33,measured_continuous_week_direct_isic
C43,金属制品、机械和设备修理业,task_timed,86,2018-11-01T14:00:00,190.8215947398475,1.0370352810130667,U255,33,measured_continuous_week_direct_isic
C43,金属制品、机械和设备修理业,task_timed,87,2018-11-01T15:00:00,132.74610089689332,0.7214193458275922,U255,33,measured_continuous_week_direct_isic
C43,金属制品、机械和设备修理业,task_timed,88,2018-11-01T16:00:00,143.1163282405194,0.7777771791332423,U255,33,measured_continuous_week_direct_isic
C43,金属制品、机械和设备修理业,task_timed,89,2018-11-01T17:00:00,136.8940860858367,0.7439619044510982,U255,33,measured_continuous_week_direct_isic
C43,金属制品、机械和设备修理业,task_timed,90,2018-11-01T18:00:00,192.89638044812207,1.0483108705654745,U255,33,measured_continuous_week_direct_isic
C43,金属制品、机械和设备修理业,task_timed,91,2018-11-01T19:00:00,248.89814606787212,1.3526569631860805,U255,33,measured_continuous_week_direct_isic
C43,金属制品、机械和设备修理业,task_timed,92,2018-11-01T20:00:00,273.7881721716734,1.4879238089021964,U255,33,measured_continuous_week_direct_isic
C43,金属制品、机械和设备修理业,task_timed,93,2018-11-01T21:00:00,224.008648706606,1.2173929909637342,U255,33,measured_continuous_week_direct_isic
C43,金属制品、机械和设备修理业,task_timed,94,2018-11-01T22:00:00,238.5273899817108,1.2962962563866607,U255,33,measured_continuous_week_direct_isic
C43,金属制品、机械和设备修理业,task_timed,95,2018-11-01T23:00:00,244.7496321363935,1.3301115310688048,U255,33,measured_continuous_week_direct_isic
C43,金属制品、机械和设备修理业,task_timed,96,2018-11-02T00:00:00,232.30461908449286,1.2624781082107468,U255,33,measured_continuous_week_direct_isic
C43,金属制品、机械和设备修理业,task_timed,97,2018-11-02T01:00:00,165.93209737858143,0.9017713087907205,U255,33,measured_continuous_week_direct_isic
C43,金属制品、机械和设备修理业,task_timed,98,2018-11-02T02:00:00,147.26484217199805,0.8003226112505183,U255,33,measured_continuous_week_direct_isic
C43,金属制品、机械和设备修理业,task_timed,99,2018-11-02T03:00:00,124.44907303393606,0.6763284815930403,U255,33,measured_continuous_week_direct_isic
C43,金属制品、机械和设备修理业,task_timed,100,2018-11-02T04:00:00,130.67184393115403,0.7101466297689543,U255,33,measured_continuous_week_direct_isic
C43,金属制品、机械和设备修理业,task_timed,101,2018-11-02T05:00:00,155.56134129242008,0.8454106019913004,U255,33,measured_continuous_week_direct_isic
C43,金属制品、机械和设备修理业,task_timed,102,2018-11-02T06:00:00,151.41282736094146,0.8228651698740246,U255,33,measured_continuous_week_direct_isic
C43,金属制品、机械和设备修理业,task_timed,103,2018-11-02T07:00:00,136.89355734330147,0.7439590309573285,U255,33,measured_continuous_week_direct_isic
C43,金属制品、机械和设备修理业,task_timed,104,2018-11-02T08:00:00,130.671843931154,0.7101466297689542,U255,33,measured_continuous_week_direct_isic
C43,金属制品、机械和设备修理业,task_timed,105,2018-11-02T09:00:00,161.78411218963802,0.8792287501672142,U255,33,measured_continuous_week_direct_isic
C43,金属制品、机械和设备修理业,task_timed,106,2018-11-02T10:00:00,188.74786651664346,1.0257654384481987,U255,33,measured_continuous_week_direct_isic
C43,金属制品、机械和设备修理业,task_timed,107,2018-11-02T11:00:00,161.78464093217326,0.879231623660984,U255,33,measured_continuous_week_direct_isic
C43,金属制品、机械和设备修理业,task_timed,108,2018-11-02T12:00:00,168.00635434432073,0.9130440248493583,U255,33,measured_continuous_week_direct_isic
C43,金属制品、机械和设备修理业,task_timed,109,2018-11-02T13:00:00,205.34086475748745,1.1159414199297626,U255,33,measured_continuous_week_direct_isic
C43,金属制品、机械和设备修理业,task_timed,110,2018-11-02T14:00:00,201.1923508260088,1.0933959878124866,U255,33,measured_continuous_week_direct_isic
C43,金属制品、机械和设备修理业,task_timed,111,2018-11-02T15:00:00,109.9298030162961,0.5974223426763444,U255,33,measured_continuous_week_direct_isic
C43,金属制品、机械和设备修理业,task_timed,112,2018-11-02T16:00:00,124.44907303393606,0.6763284815930403,U255,33,measured_continuous_week_direct_isic
C43,金属制品、机械和设备修理业,task_timed,113,2018-11-02T17:00:00,168.00635434432073,0.9130440248493583,U255,33,measured_continuous_week_direct_isic
C43,金属制品、机械和设备修理业,task_timed,114,2018-11-02T18:00:00,186.67360955090408,1.0144927223895603,U255,33,measured_continuous_week_direct_isic
C43,金属制品、机械和设备修理业,task_timed,115,2018-11-02T19:00:00,234.3788760502322,1.273750824269385,U255,33,measured_continuous_week_direct_isic
C43,金属制品、机械和设备修理业,task_timed,116,2018-11-02T20:00:00,230.2308908612887,1.2512082656458783,U255,33,measured_continuous_week_direct_isic
C43,金属制品、机械和设备修理业,task_timed,117,2018-11-02T21:00:00,211.56363565470542,1.1497595681056765,U255,33,measured_continuous_week_direct_isic
C43,金属制品、机械和设备修理业,task_timed,118,2018-11-02T22:00:00,203.26713653428337,1.1046715773648943,U255,33,measured_continuous_week_direct_isic
C43,金属制品、机械和设备修理业,task_timed,119,2018-11-02T23:00:00,232.3051478270281,1.2624809817045166,U255,33,measured_continuous_week_direct_isic
C43,金属制品、机械和设备修理业,task_timed,120,2018-11-03T00:00:00,213.6373638779095,1.1610294106705448,U255,33,measured_continuous_week_direct_isic
C43,金属制品、机械和设备修理业,task_timed,121,2018-11-03T01:00:00,178.37711043048208,0.9694047316487784,U255,33,measured_continuous_week_direct_isic
C43,金属制品、机械和设备修理业,task_timed,122,2018-11-03T02:00:00,138.96834305157606,0.7552346205097363,U255,33,measured_continuous_week_direct_isic
C43,金属制品、机械和设备修理业,task_timed,123,2018-11-03T03:00:00,132.7455721543581,0.7214164723338224,U255,33,measured_continuous_week_direct_isic
C43,金属制品、机械和设备修理业,task_timed,124,2018-11-03T04:00:00,116.1520451709788,0.6312376173584885,U255,33,measured_continuous_week_direct_isic
C43,金属制品、机械和设备修理业,task_timed,125,2018-11-03T05:00:00,107.85554605055678,0.5861496266177064,U255,33,measured_continuous_week_direct_isic
C43,金属制品、机械和设备修理业,task_timed,126,2018-11-03T06:00:00,95.41106174119136,0.5185190772534182,U255,33,measured_continuous_week_direct_isic
C43,金属制品、机械和设备修理业,task_timed,127,2018-11-03T07:00:00,145.19058520625876,0.7890498951918805,U255,33,measured_continuous_week_direct_isic
C43,金属制品、机械和设备修理业,task_timed,128,2018-11-03T08:00:00,149.33909913773738,0.8115953273091563,U255,33,measured_continuous_week_direct_isic
C43,金属制品、机械和设备修理业,task_timed,129,2018-11-03T09:00:00,147.26484217199805,0.8003226112505183,U255,33,measured_continuous_week_direct_isic
C43,金属制品、机械和设备修理业,task_timed,130,2018-11-03T10:00:00,176.303382207278,0.9581348890839102,U255,33,measured_continuous_week_direct_isic
C43,金属制品、机械和设备修理业,task_timed,131,2018-11-03T11:00:00,221.9338629983315,1.2061174014113267,U255,33,measured_continuous_week_direct_isic
C43,金属制品、机械和设备修理业,task_timed,132,2018-11-03T12:00:00,213.6373638779095,1.1610294106705448,U255,33,measured_continuous_week_direct_isic
C43,金属制品、机械和设备修理业,task_timed,133,2018-11-03T13:00:00,207.41512172322678,1.1272141359884005,U255,33,measured_continuous_week_direct_isic
C43,金属制品、机械和设备修理业,task_timed,134,2018-11-03T14:00:00,186.6730808083688,1.0144898488957905,U255,33,measured_continuous_week_direct_isic
C43,金属制品、机械和设备修理业,task_timed,135,2018-11-03T15:00:00,161.78411218963805,0.8792287501672144,U255,33,measured_continuous_week_direct_isic
C43,金属制品、机械和设备修理业,task_timed,136,2018-11-03T16:00:00,130.671843931154,0.7101466297689542,U255,33,measured_continuous_week_direct_isic
C43,金属制品、机械和设备修理业,task_timed,137,2018-11-03T17:00:00,157.63559825815938,0.8566833180499382,U255,33,measured_continuous_week_direct_isic
C43,金属制品、机械和设备修理业,task_timed,138,2018-11-03T18:00:00,205.34086475748745,1.1159414199297626,U255,33,measured_continuous_week_direct_isic
C43,金属制品、机械和设备修理业,task_timed,139,2018-11-03T19:00:00,190.82212348238272,1.0370381545068363,U255,33,measured_continuous_week_direct_isic
C43,金属制品、机械和设备修理业,task_timed,140,2018-11-03T20:00:00,228.1561051530142,1.2399326760934708,U255,33,measured_continuous_week_direct_isic
C43,金属制品、机械和设备修理业,task_timed,141,2018-11-03T21:00:00,246.824417844668,1.3413871206212122,U255,33,measured_continuous_week_direct_isic
C43,金属制品、机械和设备修理业,task_timed,142,2018-11-03T22:00:00,282.08467129209544,1.5330117996429786,U255,33,measured_continuous_week_direct_isic
C43,金属制品、机械和设备修理业,task_timed,143,2018-11-03T23:00:00,296.60394130973543,1.6119179385596747,U255,33,measured_continuous_week_direct_isic
C43,金属制品、机械和设备修理业,task_timed,144,2018-11-04T00:00:00,224.0081199640708,1.2173901174699646,U255,33,measured_continuous_week_direct_isic
C43,金属制品、机械和设备修理业,task_timed,145,2018-11-04T01:00:00,207.4145929806915,1.1272112624946307,U255,33,measured_continuous_week_direct_isic
C43,金属制品、机械和设备修理业,task_timed,146,2018-11-04T02:00:00,165.93209737858143,0.9017713087907205,U255,33,measured_continuous_week_direct_isic
C43,金属制品、机械和设备修理业,task_timed,147,2018-11-04T03:00:00,149.3385703952021,0.8115924538153865,U255,33,measured_continuous_week_direct_isic
C43,金属制品、机械和设备修理业,task_timed,148,2018-11-04T04:00:00,109.9298030162961,0.5974223426763444,U255,33,measured_continuous_week_direct_isic
C43,金属制品、机械和设备修理业,task_timed,149,2018-11-04T05:00:00,114.07778820523947,0.6199649012998505,U255,33,measured_continuous_week_direct_isic
C43,金属制品、机械和设备修理业,task_timed,150,2018-11-04T06:00:00,145.19111394879397,0.78905276868565,U255,33,measured_continuous_week_direct_isic
C43,金属制品、机械和设备修理业,task_timed,151,2018-11-04T07:00:00,153.48708432668076,0.8341378859326625,U255,33,measured_continuous_week_direct_isic
C43,金属制品、机械和设备修理业,task_timed,152,2018-11-04T08:00:00,172.15486827579937,0.9355894569666343,U255,33,measured_continuous_week_direct_isic
C43,金属制品、机械和设备修理业,task_timed,153,2018-11-04T09:00:00,190.82212348238272,1.0370381545068363,U255,33,measured_continuous_week_direct_isic
C43,金属制品、机械和设备修理业,task_timed,154,2018-11-04T10:00:00,182.52562436196075,0.9919501637660546,U255,33,measured_continuous_week_direct_isic
C43,金属制品、机械和设备修理业,task_timed,155,2018-11-04T11:00:00,170.08008256752478,0.9243138674142265,U255,33,measured_continuous_week_direct_isic
C43,金属制品、机械和设备修理业,task_timed,156,2018-11-04T12:00:00,207.41512172322678,1.1272141359884005,U255,33,measured_continuous_week_direct_isic
C43,金属制品、机械和设备修理业,task_timed,157,2018-11-04T13:00:00,230.2303621187535,1.2512053921521087,U255,33,measured_continuous_week_direct_isic
C43,金属制品、机械和设备修理业,task_timed,158,2018-11-04T14:00:00,168.0058256017855,0.9130411513555886,U255,33,measured_continuous_week_direct_isic
C43,金属制品、机械和设备修理业,task_timed,159,2018-11-04T15:00:00,143.1163282405194,0.7777771791332423,U255,33,measured_continuous_week_direct_isic
C43,金属制品、机械和设备修理业,task_timed,160,2018-11-04T16:00:00,172.15486827579937,0.9355894569666343,U255,33,measured_continuous_week_direct_isic
C43,金属制品、机械和设备修理业,task_timed,161,2018-11-04T17:00:00,194.9701086713261,1.0595807131303425,U255,33,measured_continuous_week_direct_isic
C43,金属制品、机械和设备修理业,task_timed,162,2018-11-04T18:00:00,217.7858778093881,1.1835748427878205,U255,33,measured_continuous_week_direct_isic
C43,金属制品、机械和设备修理业,task_timed,163,2018-11-04T19:00:00,215.7116208436488,1.1723021267291827,U255,33,measured_continuous_week_direct_isic
C43,金属制品、机械和设备修理业,task_timed,164,2018-11-04T20:00:00,215.7116208436488,1.1723021267291827,U255,33,measured_continuous_week_direct_isic
C43,金属制品、机械和设备修理业,task_timed,165,2018-11-04T21:00:00,248.89814606787212,1.3526569631860805,U255,33,measured_continuous_week_direct_isic
C43,金属制品、机械和设备修理业,task_timed,166,2018-11-04T22:00:00,234.37940479276742,1.2737536977631545,U255,33,measured_continuous_week_direct_isic
C43,金属制品、机械和设备修理业,task_timed,167,2018-11-04T23:00:00,221.93492048340198,1.2061231483988661,U255,33,measured_continuous_week_direct_isic
